name,type_cluster,scaffold,USo,SSo,TUPOR_,TUPOR,SESY,ASER,ACR,CwASo
addcarbon_10k_2,dis,csk,659,10000,10/45,0.2222222222222222,0.0659,0.005227181342983514,0.015408320493066256,52
