name,type_cluster,scaffold,SSo,TUPOR_,TUPOR,SESY,ASER
GB_GA_log_p_mut_r_0.01_250k_4,dis,csk,249987,29/43,0.6744186046511628,0.2595574969898435,0.009212479048910543
