name,type_cluster,scaffold,USo,SSo,TUPOR_,TUPOR,SESY,ASER,ACR,CwASo
DrugEx_RNN_epsilon_0.1_500k_0,sim,murcko,"245,378.0","491,298.0",27/172,0.1569767,0.4994484,0.0900559,0.00011,"40,589.0"
DrugEx_RNN_epsilon_0.1_500k_1,sim,murcko,"236,304.0","491,427.0",9/93,0.0967742,0.4808527,0.0042649,3.81e-05,"2,087.0"
DrugEx_RNN_epsilon_0.1_500k_2,sim,murcko,"230,791.0","495,391.0",11/65,0.1692308,0.4658764,0.0021849,4.77e-05,"1,080.0"
DrugEx_RNN_epsilon_0.1_500k_3,sim,murcko,"220,356.0","493,177.0",2/57,0.0350877,0.4468092,0.0018628,9.1e-06,917.0
DrugEx_RNN_epsilon_0.1_500k_4,sim,murcko,"183,360.0","477,483.0",0/50,0.0,0.3840137,0.0,0.0,0.0
DrugEx_RNN_epsilon_0.1_500k_mean,sim,murcko,"223,237.8","489,755.2",-,0.0916139,0.4554001,0.0196737,4.1e-05,"8,934.6"
