name,type_cluster,scaffold,USo,SSo,TUPOR_,TUPOR,SESY,ASER,ACR,CwASo
DrugEx_RNN_epsilon_0.1_500k_1,sim,murcko,236304,491427,9/93,0.0967741935483871,0.48085270040107686,0.0042649282707320066,3.8087983241287376e-05,2087
