name,type_cluster,scaffold,USo,SSo,TUPOR_,TUPOR,SESY,ASER,ACR,CwASo
DrugEx_RNN_epsilon_0.1_500k_3,sim,murcko,220356,493177,2/57,0.03508771929824561,0.44680915776688696,0.0018628367123065047,9.076304491863094e-06,917
