name,type_cluster,scaffold,SSo,TUPOR_,TUPOR,SESY,ASER
DrugEx_RNN_epsilon_0.1_500k_2,sim,murcko,494516,11/65,0.16923076923076924,0.46621747324656837,0.0021839536031190094
