name,type_cluster,scaffold,USo,SSo,TUPOR_,TUPOR,SESY,ASER,ACR,CwASo
DrugEx_RNN_epsilon_0.1_500k_0,sim,murcko,245378,491298,27/172,0.1569767441860465,0.4994483999527782,0.09005588972041828,0.00011004642328745348,40589
