name,type_cluster,scaffold,SSo,TUPOR_,TUPOR,SESY,ASER
DrugEx_RNN_epsilon_0.1_500k_1,sim,murcko,491385,9/93,0.0967741935483871,0.480865309278875,0.00426529436049197
