name,type_cluster,scaffold,SSo,TUPOR_,TUPOR,SESY,ASER
DrugEx_RNN_epsilon_0.1_500k_3,sim,murcko,493173,2/57,0.03508771929824561,0.4468127817216271,0.00185938808491138
