name,type_cluster,scaffold,USo,SSo,TUPOR_,TUPOR,SESY,ASER,ACR,CwASo
DrugEx_RNN_epsilon_0.1_500k_2,sim,murcko,230791,495391,11/65,0.16923076923076924,0.4658764491078764,0.0021848593294504877,4.766444232602478e-05,1080
