name,type_cluster,scaffold,SSo,TUPOR_,TUPOR,SESY,ASER
DrugEx_RNN_epsilon_0.1_500k_0,sim,murcko,488648,27/172,0.1569767441860465,0.4997748890817112,0.08241720011132758
