name,type_cluster,scaffold,SSo,TUPOR_,TUPOR,SESY,ASER
DrugEx_RNN_epsilon_0.6_500k_0,dis,csk,"494,040.0",31/42,0.7380952,0.1320338,0.0347948
DrugEx_RNN_epsilon_0.6_500k_1,dis,csk,"492,103.0",31/41,0.7560976,0.1315273,0.0101219
DrugEx_RNN_epsilon_0.6_500k_2,dis,csk,"487,830.0",39/45,0.8666667,0.1074432,0.0052047
DrugEx_RNN_epsilon_0.6_500k_3,dis,csk,"496,047.0",35/47,0.7446809,0.1218856,0.0921284
DrugEx_RNN_epsilon_0.6_500k_4,dis,csk,"486,415.0",30/41,0.7317073,0.0900137,0.0247895
DrugEx_RNN_epsilon_0.6_500k_mean,dis,csk,"491,287.0",-,0.7674495,0.1165807,0.0334078
