name,type_cluster,scaffold,USo,SSo,TUPOR_,TUPOR,SESY,ASER,ACR,CwASo
DrugEx_RNN_epsilon_0.6_500k_0,dis,csk,65230.0,494040.0,31/42,0.7380952,0.1320338,0.0360491,0.0004755,17190.0
DrugEx_RNN_epsilon_0.6_500k_1,dis,csk,64725.0,492103.0,31/41,0.7560976,0.1315273,0.0102254,0.0004792,4981.0
DrugEx_RNN_epsilon_0.6_500k_2,dis,csk,52414.0,487830.0,39/45,0.8666667,0.1074432,0.0052319,0.0007446,2539.0
DrugEx_RNN_epsilon_0.6_500k_3,dis,csk,60461.0,496047.0,35/47,0.7446809,0.1218856,0.1014773,0.0005792,45700.0
DrugEx_RNN_epsilon_0.6_500k_4,dis,csk,43784.0,486415.0,30/41,0.7317073,0.0900137,0.0254197,0.0006857,12058.0
DrugEx_RNN_epsilon_0.6_500k_mean,dis,csk,57322.8,491287.0,-,0.7674495,0.1165807,0.0356807,0.0005928,16493.6
