name,type_cluster,scaffold,SSo,TUPOR_,TUPOR,SESY,ASER
DrugEx_RNN_epsilon_0.6_500k_0,dis,csk,494040.0,31/42,0.7380952,0.1320338,0.0360491
DrugEx_RNN_epsilon_0.6_500k_1,dis,csk,492103.0,31/41,0.7560976,0.1315273,0.0102254
DrugEx_RNN_epsilon_0.6_500k_2,dis,csk,487830.0,39/45,0.8666667,0.1074432,0.0052319
DrugEx_RNN_epsilon_0.6_500k_3,dis,csk,496047.0,35/47,0.7446809,0.1218856,0.1014773
DrugEx_RNN_epsilon_0.6_500k_4,dis,csk,486415.0,30/41,0.7317073,0.0900137,0.0254197
DrugEx_RNN_epsilon_0.6_500k_mean,dis,csk,491287.0,-,0.7674495,0.1165807,0.0356807
