name,type_cluster,scaffold,SSo,TUPOR_,TUPOR,SESY,ASER
DrugEx_RNN_epsilon_0.6_500k_2,dis,csk,487830,39/45,0.8666666666666667,0.10744316667691614,0.005204681958879118
