name,type_cluster,scaffold,USo,SSo,TUPOR_,TUPOR,SESY,ASER,ACR,CwASo
DrugEx_RNN_epsilon_0.6_500k_2,dis,csk,52414,487830,39/45,0.8666666666666667,0.10744316667691614,0.005231912398952382,0.0007446300715990453,2539
