name,type_cluster,scaffold,SSo,TUPOR_,TUPOR,SESY,ASER
DrugEx_RNN_epsilon_0.6_500k_0,dis,csk,494040,31/42,0.7380952380952381,0.13203384341348878,0.034794753461258196
