name,type_cluster,scaffold,USo,SSo,TUPOR_,TUPOR,SESY,ASER,ACR,CwASo
DrugEx_RNN_epsilon_0.6_500k_3,dis,csk,60461,496047,35/47,0.7446808510638298,0.12188562777317472,0.10147730527793013,0.000579220865190481,45700
