name,type_cluster,scaffold,USo,SSo,TUPOR_,TUPOR,SESY,ASER,ACR,CwASo
DrugEx_RNN_epsilon_0.6_500k_0,dis,csk,65230,494040,31/42,0.7380952380952381,0.13203384341348878,0.0360490720352312,0.0004754674151444041,17190
