name,type_cluster,scaffold,USo,SSo,TUPOR_,TUPOR,SESY,ASER,ACR,CwASo
DrugEx_RNN_epsilon_0.6_500k_1,dis,csk,64725,492103,31/41,0.7560975609756098,0.13152734285302062,0.010225364487746396,0.00047917890376232726,4981
