name,type_cluster,scaffold,USo,SSo,TUPOR_,TUPOR,SESY,ASER,ACR,CwASo
DrugEx_RNN_epsilon_0.6_500k_4,dis,csk,43784,486415,30/41,0.7317073170731707,0.09001367145338857,0.025419673368370237,0.0006856515975682223,12058
