name,type_cluster,scaffold,USo,SSo,TUPOR_,TUPOR,SESY,ASER,ASR,CwASo
DrugEx_RNN_epsilon_0.6_500k_0,dis,csk,"50,336.0","495,852.0",17/40,0.425,0.1015142,0.0073583,0.0003378,"3,622.0"
DrugEx_RNN_epsilon_0.6_500k_1,dis,csk,"45,440.0","494,050.0",16/23,0.6956522,0.0919745,0.0024308,0.0003522,"1,198.0"
DrugEx_RNN_epsilon_0.6_500k_2,dis,csk,"52,701.0","495,154.0",9/40,0.225,0.1064336,0.0004526,0.0001708,224.0
DrugEx_RNN_epsilon_0.6_500k_3,dis,csk,"59,881.0","496,006.0",25/37,0.6756757,0.1207264,0.0168371,0.0004177,"8,213.0"
DrugEx_RNN_epsilon_0.6_500k_4,dis,csk,"76,009.0","494,083.0",38/43,0.8837209,0.1538385,0.0649924,0.0005002,"30,152.0"
DrugEx_RNN_epsilon_0.6_500k_mean,dis,csk,"56,873.4","495,029.0",-,0.5810098,0.1148974,0.0184142,0.0003557,"8,681.8"
