name,type_cluster,scaffold,SSo,TUPOR_,TUPOR,SESY,ASER
DrugEx_RNN_epsilon_0.6_500k_0,dis,csk,"495,852.0",17/40,0.425,0.1015142,0.0073046
DrugEx_RNN_epsilon_0.6_500k_1,dis,csk,"494,050.0",16/23,0.6956522,0.0919745,0.0024249
DrugEx_RNN_epsilon_0.6_500k_2,dis,csk,"495,154.0",9/40,0.225,0.1064336,0.0004524
DrugEx_RNN_epsilon_0.6_500k_3,dis,csk,"496,006.0",25/37,0.6756757,0.1207264,0.0165583
DrugEx_RNN_epsilon_0.6_500k_4,dis,csk,"494,083.0",38/43,0.8837209,0.1538385,0.0610262
DrugEx_RNN_epsilon_0.6_500k_mean,dis,csk,"495,029.0",-,0.5810098,0.1148974,0.0175533
