name,type_cluster,scaffold,USo,SSo,TUPOR_,TUPOR,SESY,ASER,ACR,CwASo
DrugEx_RNN_epsilon_0.6_500k_1,dis,csk,45440,494050,16/23,0.6956521739130435,0.09197449650845056,0.0024307500020290065,0.0003522367030644593,1198
