name,type_cluster,scaffold,USo,SSo,TUPOR_,TUPOR,SESY,ASER,ACR,CwASo
DrugEx_RNN_epsilon_0.6_500k_3,dis,csk,59881,496006,25/37,0.6756756756756757,0.12072636218110265,0.01683705998241057,0.0004176690724405239,8213
