name,type_cluster,scaffold,SSo,TUPOR_,TUPOR,SESY,ASER
DrugEx_RNN_epsilon_0.6_500k_1,dis,csk,494050,16/23,0.6956521739130435,0.09197449650845056,0.0024248557838275476
