name,type_cluster,scaffold,USo,SSo,TUPOR_,TUPOR,SESY,ASER,ACR,CwASo
DrugEx_RNN_epsilon_0.6_500k_4,dis,csk,76009,494083,38/43,0.8837209302325582,0.15383852510610566,0.06499242344227914,0.0005001908623027207,30152
