name,type_cluster,scaffold,SSo,TUPOR_,TUPOR,SESY,ASER
DrugEx_RNN_epsilon_0.6_500k_4,dis,csk,494083,38/43,0.8837209302325582,0.15383852510610566,0.061026183859796836
