name,type_cluster,scaffold,SSo,TUPOR_,TUPOR,SESY,ASER
DrugEx_RNN_epsilon_0.6_500k_3,dis,csk,496006,25/37,0.6756756756756757,0.12072636218110265,0.01655826744031322
