name,type_cluster,scaffold,USo,SSo,TUPOR_,TUPOR,SESY,ASER,ACR,CwASo
DrugEx_RNN_epsilon_0.6_500k_0,dis,csk,50336,495852,17/40,0.425,0.10151416148366851,0.007358348739410438,0.00033784455175977265,3622
