name,type_cluster,scaffold,SSo,TUPOR_,TUPOR,SESY,ASER
GB_GA_log_p_mut_r_0.5_250k_0,sim,csk,249973,21/38,0.5526315789473685,0.16534985778464073,0.009953074932092666
