name,type_cluster,scaffold,SSo,TUPOR_,TUPOR,SESY,ASER
REINVENT_2,sim,murcko,755731,12/65,0.18461538461538463,0.5519318381805166,0.00021308416162632186
