name,type_cluster,scaffold,SSo,TUPOR_,TUPOR,SESY,ASER
REINVENT_0,sim,murcko,764157,49/172,0.28488372093023256,0.5668390134488069,0.004819248591701162
