name,type_cluster,scaffold,USo,SSo,TUPOR_,TUPOR,SESY,ASER,ACR,CwASo
REINVENT_1,sim,murcko,400901,705869,38/93,0.40860215053763443,0.5679538271265632,0.0002876715046495084,9.479547875458698e-05,203
