name,type_cluster,scaffold,SSo,TUPOR_,TUPOR,SESY,ASER
REINVENT_1,sim,murcko,705869,38/93,0.40860215053763443,0.5679538271265632,0.00028758877355429974
