name,type_cluster,scaffold,USo,SSo,TUPOR_,TUPOR,SESY,ASER,ACR,CwASo
REINVENT_4,sim,murcko,364230,685092,9/50,0.18,0.5316512234853129,0.00015620780017080665,2.471027206009538e-05,107
