name,type_cluster,scaffold,USo,SSo,TUPOR_,TUPOR,SESY,ASER,ACR,CwASo
REINVENT_2,sim,murcko,417112,755731,12/65,0.18461538461538463,0.5519318381805166,0.00021308416162632186,2.8770079117717573e-05,161
