name,type_cluster,scaffold,USo,SSo,TUPOR_,TUPOR,SESY,ASER,ACR,CwASo
REINVENT_0,sim,murcko,433154,764157,49/172,0.28488372093023256,0.5668390134488069,0.004819248591701162,0.00011313653732928505,3665
