name,type_cluster,scaffold,SSo,TUPOR_,TUPOR,SESY,ASER
REINVENT_3,sim,murcko,709386,23/57,0.40350877192982454,0.6305974462422433,0.0006037028991844369
