name,type_cluster,scaffold,SSo,TUPOR_,TUPOR,SESY,ASER
REINVENT_62.5k_3,sim,murcko,61850,14/57,0.24561403508771928,0.8552303961196444,0.0007437348423605497
