name,type_cluster,scaffold,SSo,TUPOR_,TUPOR,SESY,ASER
REINVENT_62.5k_2,sim,murcko,61932,3/65,0.046153846153846156,0.790980430149196,0.00011303996770286637
