name,type_cluster,scaffold,USo,SSo,TUPOR_,TUPOR,SESY,ASER,CwASo
REINVENT_62.5k_3,sim,murcko,52896,61850,14/57,0.24561403508771928,0.8552303961196444,0.000744288395573102,46
