name,type_cluster,scaffold,USo,SSo,TUPOR_,TUPOR,SESY,ASER,CwASo
REINVENT_62.5k_1,sim,murcko,50261,61824,8/93,0.08602150537634409,0.8129690734989649,0.00016177564952923285,10
