name,type_cluster,scaffold,SSo,TUPOR_,TUPOR,SESY,ASER
REINVENT_62.5k_0,sim,murcko,61797,19/172,0.11046511627906977,0.8214476430894704,0.004976338000683027
