name,type_cluster,scaffold,SSo,TUPOR_,TUPOR,SESY,ASER
REINVENT_62.5k_1,sim,murcko,61824,8/93,0.08602150537634409,0.8129690734989649,0.0001617494824016563
