name,type_cluster,scaffold,SSo,TUPOR_,TUPOR,SESY,ASER
GB_GA_log_p_mut_r_0.01_0,sim,murcko,999996,14/115,0.12173913043478261,0.41311565246260984,0.002212008848035392
