name,type_cluster,scaffold,USo,SSo,TUPOR_,TUPOR,SESY,ASER,ACR,CwASo
DrugEx_GT_epsilon_0.1_100k_0,sim,csk,45300,99938,37/46,0.8043478260869565,0.45328103424122956,0.04686583424117992,0.0008174447120164373,4474
