name,type_cluster,scaffold,USo,SSo,TUPOR_,TUPOR,SESY,ASER,CwASo
DrugEx_GT_epsilon_0.1_250k_0,sim,murcko,150627.0,249790.0,26/115,0.226087,0.6030145,0.0026492,660.0
DrugEx_GT_epsilon_0.1_250k_1,sim,murcko,147057.0,249518.0,13/100,0.13,0.5893643,0.0355807,8573.0
DrugEx_GT_epsilon_0.1_250k_2,sim,murcko,141547.0,249789.0,3/58,0.0517241,0.5666663,1.6e-05,4.0
DrugEx_GT_epsilon_0.1_250k_3,sim,murcko,139337.0,249978.0,11/51,0.2156863,0.5573971,0.0040809,1016.0
DrugEx_GT_epsilon_0.1_250k_4,sim,murcko,158947.0,249803.0,1/40,0.025,0.6362894,4e-06,1.0
DrugEx_GT_epsilon_0.1_250k_mean,sim,murcko,147503.0,249775.6,-,0.1296995,0.5905463,0.0084662,2050.8
