name,type_cluster,scaffold,SSo,TUPOR_,TUPOR,SESY,ASER
DrugEx_GT_epsilon_0.1_250k_3,sim,murcko,249978,11/51,0.21568627450980393,0.5573970509404828,0.004064357663474386
