name,type_cluster,scaffold,USo,SSo,TUPOR_,TUPOR,SESY,ASER,CwASo
DrugEx_GT_epsilon_0.1_250k_2,sim,murcko,141547,249789,3/58,0.05172413793103448,0.5666662663287815,1.6013771843785656e-05,4
