name,type_cluster,scaffold,SSo,TUPOR_,TUPOR,SESY,ASER
DrugEx_GT_epsilon_0.1_250k_2,sim,murcko,249789,3/58,0.05172413793103448,0.5666662663287815,1.601351540700351e-05
