name,type_cluster,scaffold,USo,SSo,TUPOR_,TUPOR,SESY,ASER,CwASo
DrugEx_GT_epsilon_0.1_250k_3,sim,murcko,139337,249978,11/51,0.21568627450980393,0.5573970509404828,0.00408094407981941,1016
