name,type_cluster,scaffold,SSo,TUPOR_,TUPOR,SESY,ASER
DrugEx_GT_epsilon_0.1_250k_0,sim,murcko,249790,26/115,0.22608695652173913,0.6030145322070539,0.002642219464350054
