name,type_cluster,scaffold,USo,SSo,TUPOR_,TUPOR,SESY,ASER,CwASo
DrugEx_GT_epsilon_0.1_250k_0,sim,murcko,150627,249790,26/115,0.22608695652173913,0.6030145322070539,0.002649219283105206,660
