name,type_cluster,scaffold,USo,SSo,TUPOR_,TUPOR,SESY,ASER,ACR,CwASo
DrugEx_GT_epsilon_0.1_500k_0,sim,murcko,375682.0,499760.0,78/172,0.4534884,0.7517248,0.0232722,0.0002077,11366.0
DrugEx_GT_epsilon_0.1_500k_1,sim,murcko,288769.0,499347.0,52/93,0.5591398,0.5782933,0.0025297,0.0001801,1260.0
DrugEx_GT_epsilon_0.1_500k_2,sim,murcko,267132.0,499345.0,27/65,0.4153846,0.5349648,0.0016589,0.0001011,827.0
DrugEx_GT_epsilon_0.1_500k_3,sim,murcko,287423.0,499628.0,22/57,0.3859649,0.575274,0.0007191,7.65e-05,359.0
DrugEx_GT_epsilon_0.1_500k_4,sim,murcko,308650.0,499765.0,8/50,0.16,0.6175903,0.0002662,2.59e-05,133.0
DrugEx_GT_epsilon_0.1_500k_mean,sim,murcko,305531.2,499569.0,-,0.3947955,0.6115694,0.0056892,0.0001183,2789.0
