name,type_cluster,scaffold,SSo,TUPOR_,TUPOR,SESY,ASER
DrugEx_GT_epsilon_0.1_500k_0,sim,murcko,499760.0,78/172,0.4534884,0.7517248,0.0232722
DrugEx_GT_epsilon_0.1_500k_1,sim,murcko,499347.0,52/93,0.5591398,0.5782933,0.0025297
DrugEx_GT_epsilon_0.1_500k_2,sim,murcko,499345.0,27/65,0.4153846,0.5349648,0.0016589
DrugEx_GT_epsilon_0.1_500k_3,sim,murcko,499628.0,22/57,0.3859649,0.575274,0.0007191
DrugEx_GT_epsilon_0.1_500k_4,sim,murcko,499765.0,8/50,0.16,0.6175903,0.0002662
DrugEx_GT_epsilon_0.1_500k_mean,sim,murcko,499569.0,-,0.3947955,0.6115694,0.0056892
