name,type_cluster,scaffold,SSo,TUPOR_,TUPOR,SESY,ASER
DrugEx_GT_epsilon_0.1_500k_2,sim,murcko,499345,27/65,0.4153846153846154,0.5349648038931,0.0016589170300771487
