name,type_cluster,scaffold,USo,SSo,TUPOR_,TUPOR,SESY,ASER,ACR,CwASo
DrugEx_GT_epsilon_0.1_500k_1,sim,murcko,288769,499347,52/93,0.5591397849462365,0.5782932509857874,0.0025296785501328083,0.00018010716376243866,1260
