name,type_cluster,scaffold,SSo,TUPOR_,TUPOR,SESY,ASER
DrugEx_GT_epsilon_0.1_500k_3,sim,murcko,499628,22/57,0.38596491228070173,0.575274003858871,0.0007185345897347627
