name,type_cluster,scaffold,USo,SSo,TUPOR_,TUPOR,SESY,ASER,ACR,CwASo
DrugEx_GT_epsilon_0.1_500k_2,sim,murcko,267132,499345,27/65,0.4153846153846154,0.5349648038931,0.0016589170300771487,0.00010108384343235806,827
