name,type_cluster,scaffold,SSo,TUPOR_,TUPOR,SESY,ASER
DrugEx_GT_epsilon_0.1_500k_0,sim,murcko,499760,78/172,0.45348837209302323,0.7517248279174004,0.023272194171099565
