name,type_cluster,scaffold,USo,SSo,TUPOR_,TUPOR,SESY,ASER,ACR,CwASo
DrugEx_GT_epsilon_0.1_500k_0,sim,murcko,375682,499760,78/172,0.45348837209302323,0.7517248279174004,0.023272194171099565,0.00020766552006900885,11366
