name,type_cluster,scaffold,USo,SSo,TUPOR_,TUPOR,SESY,ASER,ACR,CwASo
DrugEx_GT_epsilon_0.1_500k_3,sim,murcko,287423,499628,22/57,0.38596491228070173,0.575274003858871,0.0007190512529317863,7.654809830167606e-05,359
