name,type_cluster,scaffold,USo,SSo,TUPOR_,TUPOR,SESY,ASER,ACR,CwASo
DrugEx_GT_epsilon_0.1_500k_4,sim,murcko,308650,499765,8/50,0.16,0.6175902674256901,0.00026619592019726517,2.5919997926400166e-05,133
