name,type_cluster,scaffold,SSo,TUPOR_,TUPOR,SESY,ASER
DrugEx_GT_epsilon_0.1_500k_1,sim,murcko,499347,52/93,0.5591397849462365,0.5782932509857874,0.0025232954238235137
