name,type_cluster,scaffold,USo,SSo,TUPOR_,TUPOR,SESY,ASER,CwASo
DrugEx_RNN_epsilon_0.1_250k_0,dis,murcko,"105,625.0","249,971.0",3/92,0.0326087,0.422549,2e-05,5.0
DrugEx_RNN_epsilon_0.1_250k_1,dis,murcko,"113,974.0","249,923.0",2/34,0.0588235,0.4560365,0.0002561,64.0
DrugEx_RNN_epsilon_0.1_250k_2,dis,murcko,"119,816.0","249,984.0",0/64,0.0,0.4792947,0.0,0.0
DrugEx_RNN_epsilon_0.1_250k_3,dis,murcko,"125,989.0","249,944.0",3/76,0.0394737,0.5040689,0.0011576,289.0
DrugEx_RNN_epsilon_0.1_250k_4,dis,murcko,"138,408.0","249,945.0",4/98,0.0408163,0.5537538,0.0017354,433.0
DrugEx_RNN_epsilon_0.1_250k_mean,dis,murcko,"120,762.4","249,953.4",-,0.0343444,0.4831406,0.0006338,158.2
