name,type_cluster,scaffold,USo,SSo,TUPOR_,TUPOR,SESY,ASER,CwASo
DrugEx_RNN_epsilon_0.1_250k_3,dis,murcko,125989,249944,3/76,0.039473684210526314,0.5040689114361617,0.0011575974845286496,289
