name,type_cluster,scaffold,SSo,TUPOR_,TUPOR,SESY,ASER
DrugEx_RNN_epsilon_0.1_250k_1,dis,murcko,249923,2/34,0.058823529411764705,0.4560364592294427,0.00025607887229266613
