name,type_cluster,scaffold,USo,SSo,TUPOR_,TUPOR,SESY,ASER,CwASo
DrugEx_RNN_epsilon_0.1_250k_1,dis,murcko,113974,249923,2/34,0.058823529411764705,0.4560364592294427,0.0002561444654785299,64
