name,type_cluster,scaffold,USo,SSo,TUPOR_,TUPOR,SESY,ASER,CwASo
DrugEx_RNN_epsilon_0.1_250k_4,dis,murcko,138408,249945,4/98,0.04081632653061224,0.5537538258416852,0.0017353874763538428,433
