name,type_cluster,scaffold,SSo,TUPOR_,TUPOR,SESY,ASER
DrugEx_RNN_epsilon_0.1_250k_3,dis,murcko,249944,3/76,0.039473684210526314,0.5040689114361617,0.0011562590020164517
