name,type_cluster,scaffold,USo,SSo,TUPOR_,TUPOR,SESY,ASER,CwASo
DrugEx_RNN_epsilon_0.1_250k_0,dis,murcko,105625,249971,3/92,0.03260869565217391,0.42254901568581954,2.0002720369970316e-05,5
