name,type_cluster,scaffold,SSo,TUPOR_,TUPOR,SESY,ASER
DrugEx_RNN_epsilon_0.1_250k_0,dis,murcko,249971,3/92,0.03260869565217391,0.42254901568581954,2.0002320269151222e-05
