name,type_cluster,scaffold,USo,SSo,TUPOR_,TUPOR,SESY,ASER,ACR,CwASo
REINVENT_0,dis,murcko,"457,953.0","801,384.0",38/106,0.3584906,0.5714526,0.0004844,8.3e-05,388.0
REINVENT_1,dis,murcko,"393,549.0","682,205.0",6/96,0.0625,0.5768779,0.0001099,1.52e-05,75.0
REINVENT_2,dis,murcko,"339,812.0","609,553.0",62/102,0.6078431,0.5574774,0.0012599,0.0001825,767.0
REINVENT_3,dis,murcko,"282,927.0","589,392.0",8/62,0.1290323,0.480032,0.0004277,2.83e-05,252.0
REINVENT_4,dis,murcko,"395,863.0","708,004.0",20/71,0.2816901,0.5591254,0.0014385,5.05e-05,"1,017.0"
REINVENT_mean,dis,murcko,"374,020.8","678,107.6",-,0.2879112,0.5489931,0.0007441,7.19e-05,499.8
