name,type_cluster,scaffold,USo,SSo,TUPOR_,TUPOR,SESY,ASER,ACR,CwASo
REINVENT_4,dis,murcko,395863,708004,20/71,0.28169014084507044,0.5591253721730386,0.0014384988691446942,5.0525081913789054e-05,1017
