name,type_cluster,scaffold,SSo,TUPOR_,TUPOR,SESY,ASER
REINVENT_0,dis,murcko,801384,38/106,0.3584905660377358,0.5714526369380971,0.00048439692582734497
