name,type_cluster,scaffold,USo,SSo,TUPOR_,TUPOR,SESY,ASER,ACR,CwASo
REINVENT_1,dis,murcko,393549,682205,6/96,0.0625,0.5768779179278956,0.00010994971632973187,1.5246110336100502e-05,75
