name,type_cluster,scaffold,SSo,TUPOR_,TUPOR,SESY,ASER
REINVENT_3,dis,murcko,589392,8/62,0.12903225806451613,0.48003196514374136,0.0004277421326000611
