name,type_cluster,scaffold,SSo,TUPOR_,TUPOR,SESY,ASER
REINVENT_4,dis,murcko,708004,20/71,0.28169014084507044,0.5591253721730386,0.0014384988691446942
