name,type_cluster,scaffold,USo,SSo,TUPOR_,TUPOR,SESY,ASER,ACR,CwASo
REINVENT_3,dis,murcko,282927,589392,8/62,0.12903225806451613,0.48003196514374136,0.0004277421326000611,2.827664455197424e-05,252
