name,type_cluster,scaffold,SSo,TUPOR_,TUPOR,SESY,ASER
REINVENT_2,dis,murcko,609553,62/102,0.6078431372549019,0.5574773645605878,0.0012582991142689806
