name,type_cluster,scaffold,USo,SSo,TUPOR_,TUPOR,SESY,ASER,ACR,CwASo
REINVENT_0,dis,murcko,457953,801384,38/106,0.3584905660377358,0.5714526369380971,0.00048439692582734497,8.2984833429785e-05,388
