name,type_cluster,scaffold,uniq_scaffolds,set_size,TUPOR_,TUPOR,TUPOR_new,SESY,ASER,tRS,TUPOR_new_
GB_GA_mean,dis,csk,2710.0,9998.0,-,0.1975920257972836,1.976254761797777e-05,0.2710565961770637,0.01082074418086624,108.2,-4.704157070623299
