name,type_cluster,scaffold,USo,SSo,TUPOR_,TUPOR,SESY,ASER,ASR,CwASo
DrugEx_RNN_epsilon_0.6_1k_0,sim,csk,560.0,994.0,9/38,0.2368421,0.5633803,0.0174002,0.0163339,17.0
DrugEx_RNN_epsilon_0.6_1k_1,sim,csk,520.0,989.0,10/38,0.2631579,0.5257836,0.054371,0.0196078,51.0
DrugEx_RNN_epsilon_0.6_1k_2,sim,csk,491.0,995.0,4/37,0.1081081,0.4934673,0.0397074,0.0082136,38.0
DrugEx_RNN_epsilon_0.6_1k_3,sim,csk,491.0,990.0,7/35,0.2,0.4959596,0.0248447,0.0144628,24.0
DrugEx_RNN_epsilon_0.6_1k_4,sim,csk,513.0,994.0,4/35,0.1142857,0.5160966,0.0060729,0.0078585,6.0
DrugEx_RNN_epsilon_0.6_1k_mean,sim,csk,515.0,992.4,-,0.1844788,0.5189375,0.0284792,0.0132953,27.2
