name,type_cluster,scaffold,USo,SSo,TUPOR_,TUPOR,SESY,ASER,CwASo
DrugEx_GT_epsilon_0.1_62.5k_0,sim,murcko,"53,968.0","62,460.0",40/172,0.2325581,0.864041,0.0226268,"1,382.0"
DrugEx_GT_epsilon_0.1_62.5k_1,sim,murcko,"44,377.0","62,420.0",29/93,0.311828,0.710942,0.0023606,147.0
DrugEx_GT_epsilon_0.1_62.5k_2,sim,murcko,"42,084.0","62,395.0",20/65,0.3076923,0.6744771,0.0015731,98.0
DrugEx_GT_epsilon_0.1_62.5k_3,sim,murcko,"44,734.0","62,450.0",13/57,0.2280702,0.7163171,0.0008173,51.0
DrugEx_GT_epsilon_0.1_62.5k_4,sim,murcko,"46,126.0","62,476.0",5/50,0.1,0.7382995,0.0003523,22.0
DrugEx_GT_epsilon_0.1_62.5k_mean,sim,murcko,"46,257.8","62,440.2",-,0.2360297,0.7408153,0.005546,340.0
