name,type_cluster,scaffold,USo,SSo,TUPOR_,TUPOR,SESY,ASER,CwASo
DrugEx_GT_epsilon_0.1_62.5k_2,sim,murcko,42084,62395,20/65,0.3076923076923077,0.6744771215642279,0.0015731094595245357,98
