name,type_cluster,scaffold,USo,SSo,TUPOR_,TUPOR,SESY,ASER,CwASo
DrugEx_GT_epsilon_0.1_62.5k_0,sim,murcko,53968,62460,40/172,0.23255813953488372,0.864040986231188,0.022626805068928255,1382
