name,type_cluster,scaffold,SSo,TUPOR_,TUPOR,SESY,ASER
DrugEx_GT_epsilon_0.1_62.5k_1,sim,murcko,62420,29/93,0.3118279569892473,0.7109420057673822,0.0023605736033272848
