name,type_cluster,scaffold,SSo,TUPOR_,TUPOR,SESY,ASER
DrugEx_GT_epsilon_0.1_62.5k_0,sim,murcko,62460,40/172,0.23255813953488372,0.864040986231188,0.02212616074287544
