name,type_cluster,scaffold,USo,SSo,TUPOR_,TUPOR,SESY,ASER,CwASo
DrugEx_GT_epsilon_0.1_62.5k_3,sim,murcko,44734,62450,13/57,0.22807017543859648,0.7163170536429143,0.000817320790397282,51
