name,type_cluster,scaffold,USo,SSo,TUPOR_,TUPOR,SESY,ASER,CwASo
DrugEx_GT_epsilon_0.1_62.5k_1,sim,murcko,44377,62420,29/93,0.3118279569892473,0.7109420057673822,0.0023605736033272848,147
