name,type_cluster,scaffold,SSo,TUPOR_,TUPOR,SESY,ASER
addcarbon_62.5k_0,sim,murcko,62500,8/172,0.046511627906976744,0.062112,0.0036130068245684463
