name,type_cluster,scaffold,SSo,TUPOR_,TUPOR,SESY,ASER
GB_GA_mut_r_0.5_62.5k_0,dis,murcko,62499,2/92,0.021739130434782608,0.5272724363589817,8.000128002048032e-05
