name,type_cluster,scaffold,SSo,TUPOR_,TUPOR,SESY,ASER
GB_GA_mut_r_0.5_62.5k_3,dis,murcko,59580,18/76,0.23684210526315788,0.3974320241691843,0.02150050352467271
