name,type_cluster,scaffold,USo,SSo,TUPOR_,TUPOR,SESY,ASER,CwASo
GB_GA_mut_r_0.5_62.5k_4,dis,murcko,31744,62498,3/98,0.030612244897959183,0.5079202534481103,0.00019204301763595046,12
