name,type_cluster,scaffold,USo,SSo,TUPOR_,TUPOR,SESY,ASER,CwASo
GB_GA_mut_r_0.5_62.5k_1,dis,murcko,33242,62498,1/34,0.029411764705882353,0.5318890204486544,1.600076803686577e-05,1
