name,type_cluster,scaffold,USo,SSo,TUPOR_,TUPOR,SESY,ASER,CwASo
GB_GA_mut_r_0.5_62.5k_0,dis,murcko,32954,62499,2/92,0.021739130434782608,0.5272724363589817,8.000768073735079e-05,5
