name,type_cluster,scaffold,SSo,TUPOR_,TUPOR,SESY,ASER
GB_GA_log_p_mut_r_0.5_250k_3,sim,csk,203238,13/42,0.30952380952380953,0.07997028114821048,0.045409815093634065
