name,type_cluster,scaffold,USo,SSo,TUPOR_,TUPOR,SESY,ASER,ACR,CwASo
DrugEx_RNN_epsilon_0.1_100k_0,dis,murcko,60262.0,99103.0,16/106,0.1509434,0.6080744,0.0212908,0.0002656,2066.0
DrugEx_RNN_epsilon_0.1_100k_1,dis,murcko,51749.0,98746.0,0/96,0.0,0.5240617,0.0,0.0,0.0
DrugEx_RNN_epsilon_0.1_100k_2,dis,murcko,48070.0,97019.0,2/102,0.0196078,0.49547,5.15e-05,4.16e-05,5.0
DrugEx_RNN_epsilon_0.1_100k_3,dis,murcko,58917.0,99710.0,6/62,0.0967742,0.5908836,0.0463518,0.0001018,4417.0
DrugEx_RNN_epsilon_0.1_100k_4,dis,murcko,51550.0,98959.0,6/71,0.084507,0.5209228,0.0080679,0.0001164,792.0
DrugEx_RNN_epsilon_0.1_100k_mean,dis,murcko,54109.6,98707.4,-,0.0703665,0.5478825,0.0151524,0.0001051,1456.0
