name,type_cluster,scaffold,SSo,TUPOR_,TUPOR,SESY,ASER
DrugEx_GT_epsilon_0.1_62.5k_0,sim,csk,62451,18/38,0.47368421052631576,0.35315687498999215,0.00837456565947703
