name,type_cluster,scaffold,SSo,TUPOR_,TUPOR,SESY,ASER
DrugEx_GT_epsilon_0.1_62.5k_4,sim,csk,62454,5/35,0.14285714285714285,0.3233900150510776,0.00020815320075575624
