name,type_cluster,scaffold,SSo,TUPOR_,TUPOR,SESY,ASER
DrugEx_GT_epsilon_0.1_62.5k_2,sim,csk,62441,7/37,0.1891891891891892,0.296055476369693,0.002530388686920453
