name,type_cluster,scaffold,USo,SSo,TUPOR_,TUPOR,SESY,ASER,CwASo
DrugEx_GT_epsilon_0.1_62.5k_2,sim,csk,18486,62441,7/37,0.1891891891891892,0.296055476369693,0.0025368077966700384,158
