name,type_cluster,scaffold,USo,SSo,TUPOR_,TUPOR,SESY,ASER,CwASo
DrugEx_GT_epsilon_0.1_62.5k_0,sim,csk,22055,62451,18/38,0.47368421052631576,0.35315687498999215,0.008445291306032813,523
