name,type_cluster,scaffold,USo,SSo,TUPOR_,TUPOR,SESY,ASER,CwASo
DrugEx_GT_epsilon_0.1_62.5k_1,sim,csk,19045,62378,18/38,0.47368421052631576,0.3053159767866876,0.043023158598779365,2573
