name,type_cluster,scaffold,USo,SSo,TUPOR_,TUPOR,SESY,ASER,CwASo
DrugEx_GT_epsilon_0.1_62.5k_4,sim,csk,20197,62454,5/35,0.14285714285714285,0.3233900150510776,0.00020819653753142967,13
