name,type_cluster,scaffold,USo,SSo,TUPOR,SESY,ASER,ACR,CwASo
Molpher_mean,dis,murcko,486301.4,1601381.4,0.2501131,0.3037004,0.0024277,4.55e-05,3886.2
REINVENT_mean,dis,murcko,374020.8,678107.6,0.2879112,0.5489931,0.0007441,7.19e-05,499.8
DrugEx_GT_epsilon_0.1_mean,dis,murcko,516301.8,873907.8,0.2949997,0.5883755,0.0073785,5.35e-05,6417.2
DrugEx_GT_epsilon_0.6_mean,dis,murcko,531706.8,898947.6,0.4341608,0.591228,0.0060955,7.27e-05,5446.2
DrugEx_RNN_epsilon_0.1_mean,dis,murcko,365458.2,874507.4,0.1229427,0.4172684,0.0151306,2.81e-05,13157.2
DrugEx_RNN_epsilon_0.6_mean,dis,murcko,416408.8,883537.8,0.346216,0.4712927,0.0095633,7.64e-05,8254.6
GB_GA_mut_r_0.01_mean,dis,murcko,209068.6,896237.6,0.061587,0.2292956,0.0070792,2.85e-05,5980.6
GB_GA_mut_r_0.5_mean,dis,murcko,130860.8,859942.8,0.1505455,0.1521427,0.043933,0.0001004,33194.6
addcarbon_mean,dis,murcko,5142.8,1000000.0,0.0292858,0.0051428,0.0003166,0.0006064,316.4
