name,type_cluster,scaffold,SSo,TUPOR_,TUPOR,SESY,ASER
Molpher_62.5k_mean,dis,murcko,1.0,-,0.26000389372820615,0.3989958076793115,0.10220131139057786
REINVENT_62.5k_mean,dis,murcko,0.9253839540098117,-,0.3578598373501059,1.0,0.018574628745735934
DrugEx_GT_epsilon_0.1_62.5k_mean,dis,murcko,0.9861422526425816,-,0.3577152682335389,0.9476360301739006,0.4699490014775272
DrugEx_GT_epsilon_0.6_62.5k_mean,dis,murcko,0.968895932026232,-,1.0000000000000002,0.9227290939512449,0.3957934730061892
DrugEx_RNN_epsilon_0.1_62.5k_mean,dis,murcko,0.9236643795202051,-,0.11813262963512682,0.7060238732460867,0.9999999999999998
DrugEx_RNN_epsilon_0.6_62.5k_mean,dis,murcko,0.9090142792116938,-,0.5882401697819705,0.7877895370292575,0.6349826713965696
GB_GA_mut_r_0.01_62.5k_mean,dis,murcko,0.44366707689195284,-,0.06127610195399617,0.4196213386857232,0.46800166136708715
GB_GA_mut_r_0.5_62.5k_mean,dis,murcko,0.0,-,0.03201878241962437,0.40626611842387667,0.38927737340587054
addcarbon_62.5k_mean,dis,murcko,0.9925653691184655,-,0.0,0.0,0.0
