name,type_cluster,scaffold,USo,SSo,TUPOR,SESY,ASER,ACR,CwASo
Molpher_100k_mean,dis,murcko,0.44894160413306217,1.0,0.2778650342416943,0.44257878167996745,0.05044762004355713,0.30177854274239824,0.0667593040115998
REINVENT_100k_mean,dis,murcko,1.0,0.9039456708207503,0.45150210473880215,1.0,0.0075861253699855856,0.1805316504111685,0.009847752537457706
DrugEx_GT_epsilon_0.1_100k_mean,dis,murcko,0.9813275825794235,0.9847163738959068,0.47265003760730073,0.969753596688957,0.16029298766487374,0.1805316504111685,0.20897776703721604
DrugEx_GT_epsilon_0.6_100k_mean,dis,murcko,0.9543154031372,0.9619752456297048,0.9999999999999999,0.9463481010367629,0.12928467179834588,0.5563205201759419,0.16922426292895118
DrugEx_RNN_epsilon_0.1_100k_mean,dis,murcko,0.7176899969609837,0.9019324287921959,0.14492816511651205,0.7180566712187166,0.3369130812354222,0.0,0.4297970033832769
DrugEx_RNN_epsilon_0.6_100k_mean,dis,murcko,0.7983788016924983,0.8847773382671935,0.622047332986189,0.8010304329840063,0.21393464610963844,0.3849684452094091,0.27483083615273074
GB_GA_mut_r_0.01_100k_mean,dis,murcko,0.38879538069523345,0.2551571604780749,0.07604294993642743,0.42766314023384877,0.15446415174978742,0.1065213233887933,0.17170130497825037
GB_GA_mut_r_0.5_100k_mean,dis,murcko,0.21804357481824346,0.0,0.2005922620685567,0.26190190902042687,0.9999999999999999,0.46490724803977823,1.0
addcarbon_100k_mean,dis,murcko,0.0,0.9935632966129324,0.0,0.0,0.0,1.0,0.0
