name,type_cluster,scaffold,USo,SSo,TUPOR,SESY,ASER,ACR,CwASo
Molpher_500k_mean,dis,murcko,164411.2,500060.4,0.1828216,0.3287828,0.0025025,9.87e-05,1246.4
REINVENT_500k_mean,dis,murcko,287052.4,493658.2,0.2696176,0.5811523,0.0007373,8.66e-05,364.2
DrugEx_GT_epsilon_0.1_500k_mean,dis,murcko,311584.4,499374.2,0.2653559,0.6239519,0.0074165,7.74e-05,3639.4
DrugEx_GT_epsilon_0.6_500k_mean,dis,murcko,309659.2,497770.6,0.4150776,0.6221078,0.0060599,0.0001197,2987.2
DrugEx_RNN_epsilon_0.1_500k_mean,dis,murcko,222355.4,493506.4,0.111378,0.4503171,0.0151494,4.15e-05,7277.4
DrugEx_RNN_epsilon_0.6_500k_mean,dis,murcko,249408.0,492216.6,0.3057354,0.506531,0.0095226,0.0001127,4611.0
GB_GA_mut_r_0.01_500k_mean,dis,murcko,118929.8,448135.4,0.0568833,0.2608001,0.0070703,4.59e-05,2986.2
GB_GA_mut_r_0.5_500k_mean,dis,murcko,74103.6,429878.0,0.1175856,0.1723458,0.0442051,0.0001342,16686.4
addcarbon_500k_mean,dis,murcko,5142.8,500000.0,0.0292858,0.0102856,0.0003186,0.0006064,159.2
