name,type_cluster,scaffold,USo,SSo,TUPOR,SESY,ASER,ACR,CwASo
Molpher_10k_mean,dis,murcko,0.20837693112574623,1.0,0.02622322126506335,0.19827381627177565,0.037783286782761924,0.16821403613856445,0.050498753117206974
REINVENT_10k_mean,dis,murcko,1.0,0.8418758256274765,0.15304600049996225,0.9999999999999999,0.00014058897407539378,0.0,0.0
DrugEx_GT_epsilon_0.1_10k_mean,dis,murcko,0.8923801317166242,0.9210039630118887,0.2387300163876533,0.8778814193402108,0.15855155866309262,0.09783368273934318,0.20698254364089771
DrugEx_GT_epsilon_0.6_10k_mean,dis,murcko,0.8705914938142425,0.8959048877146625,1.0,0.8612016778143067,0.12623249667272762,0.9318159129479886,0.16521197007481297
DrugEx_RNN_epsilon_0.1_10k_mean,dis,murcko,0.6722164091832337,0.8425363276089826,0.19624909233034016,0.6733089974681631,0.3228532063658688,0.08615353898372768,0.41334164588528677
DrugEx_RNN_epsilon_0.6_10k_mean,dis,murcko,0.7440142795593032,0.8232496697490088,0.672095159491943,0.748496088878812,0.23270521303915875,0.6559848257961467,0.29800498753117205
GB_GA_mut_r_0.01_10k_mean,dis,murcko,0.28614513448636664,0.23751651254953732,0.08543205075807775,0.3455257529380644,0.1450690760492624,0.30957372466806443,0.16084788029925184
GB_GA_mut_r_0.5_10k_mean,dis,murcko,0.08690835231119587,0.0,0.3223030803233089,0.16119094584892113,1.0,1.0000000000000002,0.9999999999999999
addcarbon_10k_mean,dis,murcko,0.0,0.9277410832232498,0.0,0.0,0.0,0.4327643006888291,0.0
