name,type_cluster,scaffold,USo,SSo,TUPOR,SESY,ASER,ACR,CwASo
Molpher_500k_mean,dis,murcko,0.5197349184967054,1.0,0.39797579938194644,0.5190071542139434,0.049762455424788944,0.1012568596211719,0.0657824676896268
REINVENT_500k_mean,dis,murcko,0.9199455948539623,0.9087776992522336,0.6229572531090604,0.9302559061822362,0.009540519294088159,0.07983713931669323,0.012403794956193426
DrugEx_GT_epsilon_0.1_500k_mean,dis,murcko,0.9999999999999999,0.9902226199161044,0.6119106212210834,1.0,0.16173310699189958,0.06355107098601523,0.21057408393436275
DrugEx_GT_epsilon_0.6_500k_mean,dis,murcko,0.9937175631506948,0.9673735865402149,0.9999999999999999,0.9969949466020864,0.13082155104644938,0.13843158081076296,0.1711118640786098
DrugEx_RNN_epsilon_0.1_500k_mean,dis,murcko,0.7088221703580714,0.9066147638154298,0.21278886694844212,0.7170533887880108,0.33793535597507207,0.0,0.43069606466915145
DrugEx_RNN_epsilon_0.6_500k_mean,dis,murcko,0.7971019600471998,0.8882369368958596,0.7165771797119586,0.808656756937769,0.20972280769712787,0.12604000708089927,0.2693620213950336
GB_GA_mut_r_0.01_500k_mean,dis,murcko,0.371317079665424,0.26014214389932544,0.07153469824915924,0.40822593647394356,0.1538445763503583,0.007788989201628599,0.17105135776175032
GB_GA_mut_r_0.5_500k_mean,dis,murcko,0.22503733174608145,0.0,0.22887941112278692,0.2640852202573288,0.9999999999999999,0.16409984067976635,1.0
addcarbon_500k_mean,dis,murcko,0.0,0.9991393853729704,0.0,0.0,0.0,1.0,0.0
