name,type_cluster,scaffold,USo,SSo,TUPOR,SESY,ASER,ACR,CwASo
Molpher_mean,dis,murcko,0.9137704058765886,1.0,0.545420932386539,0.5094098946706043,0.04840151869480288,0.03008818952100986,0.10857650357987968
REINVENT_mean,dis,murcko,0.7005378263610881,0.0,0.6387783883914787,0.9279372691888484,0.009801359121798223,0.07573923569081792,0.005578164254734142
DrugEx_GT_epsilon_0.1_mean,dis,murcko,0.9707442969895397,0.21207165198449263,0.6562862611917257,0.995132960190771,0.16190928182977044,0.04392183987549715,0.1855576035184408
DrugEx_GT_epsilon_0.6_mean,dis,murcko,1.0,0.23919231759852821,0.9999999999999999,1.0,0.13249374088645555,0.07712260072626666,0.15602435656453215
DrugEx_RNN_epsilon_0.1_mean,dis,murcko,0.6842765551765787,0.21272108013895774,0.23132300092621177,0.7031837691857771,0.33964288662062897,0.0,0.3905566606444392
DrugEx_RNN_epsilon_0.6_mean,dis,murcko,0.7810370629211264,0.2225019273805886,0.7827853041062056,0.7953620053876127,0.2120005319100155,0.08352066401521703,0.24144265805305648
GB_GA_mut_r_0.01_mean,dis,murcko,0.38727638045897556,0.2362571102959924,0.0797806730472368,0.3824577041017244,0.1550471840867197,0.0006916825177243693,0.1722782877408131
GB_GA_mut_r_0.5_mean,dis,murcko,0.23875160474320312,0.1969461280066651,0.2994991046619327,0.25081660482127854,1.0,0.12502161507867887,1.0000000000000002
addcarbon_mean,dis,murcko,0.0,0.34864240705194927,0.0,0.0,0.0,1.0,0.0
