name,type_cluster,scaffold,USo,SSo,TUPOR_,TUPOR,SESY,ASER,ACR,CwASo
DrugEx_GT_epsilon_0.1_0,dis,murcko,"604,630.0","915,420.0",37/106,0.3490566,0.6604946,0.0078532,6.12e-05,"7,133.0"
DrugEx_GT_epsilon_0.1_1,dis,murcko,"508,354.0","860,211.0",11/96,0.1145833,0.5909643,0.0001221,2.16e-05,105.0
DrugEx_GT_epsilon_0.1_2,dis,murcko,"420,664.0","798,761.0",51/102,0.5,0.5266456,0.0006289,0.0001213,502.0
DrugEx_GT_epsilon_0.1_3,dis,murcko,"451,827.0","871,696.0",9/62,0.1451613,0.5183309,0.024322,1.99e-05,"20,698.0"
DrugEx_GT_epsilon_0.1_4,dis,murcko,"596,034.0","923,451.0",26/71,0.3661972,0.6454419,0.0039661,4.36e-05,"3,648.0"
DrugEx_GT_epsilon_0.1_mean,dis,murcko,"516,301.8","873,907.8",-,0.2949997,0.5883755,0.0073785,5.35e-05,"6,417.2"
