name,type_cluster,scaffold,USo,SSo,TUPOR_,TUPOR,SESY,ASER,ACR,CwASo
DrugEx_GT_epsilon_0.1_0,dis,murcko,604630.0,915420.0,37/106,0.3490566,0.6604946,0.0078532,6.12e-05,7133.0
DrugEx_GT_epsilon_0.1_1,dis,murcko,508354.0,860211.0,11/96,0.1145833,0.5909643,0.0001221,2.16e-05,105.0
DrugEx_GT_epsilon_0.1_2,dis,murcko,420664.0,798761.0,51/102,0.5,0.5266456,0.0006289,0.0001213,502.0
DrugEx_GT_epsilon_0.1_3,dis,murcko,451827.0,871696.0,9/62,0.1451613,0.5183309,0.024322,1.99e-05,20698.0
DrugEx_GT_epsilon_0.1_4,dis,murcko,596034.0,923451.0,26/71,0.3661972,0.6454419,0.0039661,4.36e-05,3648.0
DrugEx_GT_epsilon_0.1_mean,dis,murcko,516301.8,873907.8,-,0.2949997,0.5883755,0.0073785,5.35e-05,6417.2
