name,type_cluster,scaffold,SSo,TUPOR_,TUPOR,SESY,ASER
DrugEx_GT_epsilon_0.1_0,dis,murcko,915420,37/106,0.3490566037735849,0.6604946363417885,0.0078532446242212
