name,type_cluster,scaffold,SSo,TUPOR_,TUPOR,SESY,ASER
DrugEx_GT_epsilon_0.1_3,dis,murcko,871696,9/62,0.14516129032258066,0.5183309318845102,0.023744516436922963
