name,type_cluster,scaffold,USo,SSo,TUPOR_,TUPOR,SESY,ASER,ACR,CwASo
DrugEx_GT_epsilon_0.1_1,dis,murcko,508354,860211,11/96,0.11458333333333333,0.5909643099193105,0.0001220779764354626,2.163893276783589e-05,105
