name,type_cluster,scaffold,SSo,TUPOR_,TUPOR,SESY,ASER
DrugEx_GT_epsilon_0.1_1,dis,murcko,860211,11/96,0.11458333333333333,0.5909643099193105,0.00012206307522224198
