name,type_cluster,scaffold,USo,SSo,TUPOR_,TUPOR,SESY,ASER,ACR,CwASo
DrugEx_GT_epsilon_0.1_2,dis,murcko,420664,798761,51/102,0.5,0.526645642438727,0.0006288685752368592,0.00012125160182875946,502
