name,type_cluster,scaffold,USo,SSo,TUPOR_,TUPOR,SESY,ASER,ACR,CwASo
DrugEx_GT_epsilon_0.1_3,dis,murcko,451827,871696,9/62,0.14516129032258066,0.5183309318845102,0.02432203130912176,1.9919525118521173e-05,20698
