name,type_cluster,scaffold,USo,SSo,TUPOR_,TUPOR,SESY,ASER,ACR,CwASo
DrugEx_GT_epsilon_0.1_0,dis,murcko,604630,915420,37/106,0.3490566037735849,0.6604946363417885,0.0078532446242212,6.119819448786209e-05,7133
