name,type_cluster,scaffold,SSo,TUPOR_,TUPOR,SESY,ASER
DrugEx_GT_epsilon_0.1_4,dis,murcko,923451,26/71,0.36619718309859156,0.6454419346559807,0.003966066646879821
