name,type_cluster,scaffold,USo,SSo,TUPOR_,TUPOR,SESY,ASER,ACR,CwASo
DrugEx_GT_epsilon_0.1_4,dis,murcko,596034,923451,26/71,0.36619718309859156,0.6454419346559807,0.003966066646879821,4.3623575522476205e-05,3648
