name,type_cluster,scaffold,USo,SSo,TUPOR_,TUPOR,SESY,ASER,ACR,CwASo
addcarbon_500k_0,sim,csk,953.0,500000.0,21/46,0.4565217,0.001906,0.0303925,0.0225322,14748.0
addcarbon_500k_1,sim,csk,941.0,500000.0,16/44,0.3636364,0.001882,0.0104011,0.0172973,5147.0
addcarbon_500k_2,sim,csk,965.0,500000.0,12/42,0.2857143,0.00193,0.0102704,0.0125918,5083.0
addcarbon_500k_3,sim,csk,910.0,500000.0,15/42,0.3571429,0.00182,0.0107687,0.0167598,5327.0
addcarbon_500k_4,sim,csk,935.0,500000.0,12/42,0.2857143,0.00187,0.0033512,0.0130011,1670.0
addcarbon_500k_mean,sim,csk,940.8,500000.0,-,0.3497459,0.0018816,0.0130368,0.0164364,6395.0
