name,type_cluster,scaffold,USo,SSo,TUPOR_,TUPOR,SESY,ASER,ACR,CwASo
addcarbon_500k_4,sim,csk,935,500000,12/42,0.2857142857142857,0.00187,0.0033511929845684587,0.013001083423618635,1670
