name,type_cluster,scaffold,SSo,TUPOR_,TUPOR,SESY,ASER
addcarbon_500k_4,sim,csk,500000,12/42,0.2857142857142857,0.00187,0.0033511929845684587
