name,type_cluster,scaffold,USo,SSo,TUPOR_,TUPOR,SESY,ASER,ACR,CwASo
addcarbon_500k_2,sim,csk,965,500000,12/42,0.2857142857142857,0.00193,0.010270408977666963,0.012591815320041973,5083
