name,type_cluster,scaffold,SSo,TUPOR_,TUPOR,SESY,ASER
addcarbon_500k_3,sim,csk,500000,15/42,0.35714285714285715,0.00182,0.01076873004995219
