name,type_cluster,scaffold,SSo,TUPOR_,TUPOR,SESY,ASER
addcarbon_500k_0,sim,csk,500000,21/46,0.45652173913043476,0.001906,0.03039245587859504
