name,type_cluster,scaffold,USo,SSo,TUPOR_,TUPOR,SESY,ASER,ACR,CwASo
addcarbon_500k_0,sim,csk,953,500000,21/46,0.45652173913043476,0.001906,0.03039245587859504,0.022532188841201718,14748
