name,type_cluster,scaffold,USo,SSo,TUPOR_,TUPOR,SESY,ASER,ACR,CwASo
addcarbon_500k_3,sim,csk,910,500000,15/42,0.35714285714285715,0.00182,0.01076873004995219,0.01675977653631285,5327
