name,type_cluster,scaffold,USo,SSo,TUPOR_,TUPOR,SESY,ASER,CwASo
DrugEx_GT_epsilon_0.6_125k_0,sim,csk,59305.0,124973.0,35/38,0.9210526,0.4745425,0.017066,2097.0
DrugEx_GT_epsilon_0.6_125k_1,sim,csk,50626.0,124976.0,30/38,0.7894737,0.4050858,0.030288,3674.0
DrugEx_GT_epsilon_0.6_125k_2,sim,csk,51189.0,124952.0,22/37,0.5945946,0.4096693,0.0110858,1370.0
DrugEx_GT_epsilon_0.6_125k_3,sim,csk,47691.0,124814.0,31/35,0.8857143,0.3820966,0.0196722,2408.0
DrugEx_GT_epsilon_0.6_125k_4,sim,csk,49865.0,124948.0,23/35,0.6571429,0.399086,0.0082713,1025.0
DrugEx_GT_epsilon_0.6_125k_mean,sim,csk,51735.2,124932.6,-,0.7695956,0.414096,0.0172767,2114.8
