name,type_cluster,scaffold,USo,SSo,TUPOR_,TUPOR,SESY,ASER,CwASo
DrugEx_GT_epsilon_0.6_125k_0,sim,csk,59305,124973,35/38,0.9210526315789473,0.4745425011802549,0.017065985220873076,2097
