name,type_cluster,scaffold,SSo,TUPOR_,TUPOR,SESY,ASER
DrugEx_GT_epsilon_0.6_125k_3,sim,csk,124814,31/35,0.8857142857142857,0.382096559680805,0.019292707548832663
