name,type_cluster,scaffold,USo,SSo,TUPOR_,TUPOR,SESY,ASER,CwASo
DrugEx_GT_epsilon_0.6_125k_4,sim,csk,49865,124948,23/35,0.6571428571428571,0.39908601978423025,0.008271265221145388,1025
