name,type_cluster,scaffold,USo,SSo,TUPOR_,TUPOR,SESY,ASER,CwASo
DrugEx_GT_epsilon_0.6_125k_3,sim,csk,47691,124814,31/35,0.8857142857142857,0.382096559680805,0.019672238288972764,2408
