name,type_cluster,scaffold,USo,SSo,TUPOR_,TUPOR,SESY,ASER,CwASo
DrugEx_GT_epsilon_0.6_125k_2,sim,csk,51189,124952,22/37,0.5945945945945946,0.40966931301619824,0.011085756825427652,1370
