name,type_cluster,scaffold,SSo,TUPOR_,TUPOR,SESY,ASER
DrugEx_GT_epsilon_0.6_125k_4,sim,csk,124948,23/35,0.6571428571428571,0.39908601978423025,0.008203412619649774
