name,type_cluster,scaffold,SSo,TUPOR_,TUPOR,SESY,ASER
DrugEx_GT_epsilon_0.6_125k_2,sim,csk,124952,22/37,0.5945945945945946,0.40966931301619824,0.010964210256738587
