name,type_cluster,scaffold,SSo,TUPOR_,TUPOR,SESY,ASER
DrugEx_GT_epsilon_0.6_125k_0,sim,csk,124973,35/38,0.9210526315789473,0.4745425011802549,0.016779624398870156
