name,type_cluster,scaffold,USo,SSo,TUPOR_,TUPOR,SESY,ASER,CwASo
DrugEx_GT_epsilon_0.6_125k_1,sim,csk,50626,124976,30/38,0.7894736842105263,0.40508577646908206,0.03028804141728908,3674
