name,type_cluster,scaffold,USo,SSo,TUPOR_,TUPOR,SESY,ASER,ACR,CwASo
GB_GA_mut_r_0.5_10k_2,sim,murcko,2991,8522,6/65,0.09230769230769231,0.35097394977704766,0.010074671091620245,0.0020100502512562816,85
