name,type_cluster,scaffold,USo,SSo,TUPOR_,TUPOR,SESY,ASER,ACR,CwASo
GB_GA_mut_r_0.5_10k_3,sim,murcko,3106,8557,3/57,0.05263157894736842,0.3629776790931401,0.0035182361909229507,0.0009668063164679343,30
