name,type_cluster,scaffold,SSo,TUPOR_,TUPOR,SESY,ASER
GB_GA_mut_r_0.01_250k_0,dis,murcko,243322.0,13/92,0.1413043,0.3041649,0.0030371
GB_GA_mut_r_0.01_250k_1,dis,murcko,242352.0,9/34,0.2647059,0.3066614,0.0002723
GB_GA_mut_r_0.01_250k_2,dis,murcko,243652.0,9/64,0.140625,0.3459894,0.0011656
GB_GA_mut_r_0.01_250k_3,dis,murcko,242851.0,19/76,0.25,0.3221481,0.0222935
GB_GA_mut_r_0.01_250k_4,dis,murcko,240480.0,22/98,0.2244898,0.2960121,0.0052478
GB_GA_mut_r_0.01_250k_mean,dis,murcko,242531.4,-,0.204225,0.3149952,0.0064033
