name,type_cluster,scaffold,USo,SSo,TUPOR_,TUPOR,SESY,ASER,CwASo
GB_GA_mut_r_0.01_250k_0,dis,murcko,124032,249998,2/92,0.021739130434782608,0.49613196905575246,8.000128002048032e-06,2
