name,type_cluster,scaffold,USo,SSo,TUPOR_,TUPOR,SESY,ASER,CwASo
GB_GA_mut_r_0.01_250k_2,dis,murcko,134773,249989,3/64,0.046875,0.539115721091728,0.00032812206140684334,82
