name,type_cluster,scaffold,USo,SSo,TUPOR_,TUPOR,SESY,ASER,CwASo
GB_GA_mut_r_0.01_250k_4,dis,murcko,133059,249987,6/98,0.061224489795918366,0.532263677711241,0.0006164117630577226,154
