name,type_cluster,scaffold,USo,SSo,TUPOR_,TUPOR,SESY,ASER,CwASo
GB_GA_mut_r_0.01_250k_1,dis,murcko,122765,249969,4/34,0.11764705882352941,0.49112089899147493,6.401203426244134e-05,16
