name,type_cluster,scaffold,SSo,TUPOR_,TUPOR,SESY,ASER
GB_GA_mut_r_0.01_250k_0,dis,murcko,243322,13/92,0.14130434782608695,0.30416485151363215,0.0030371277566352407
