name,type_cluster,scaffold,USo,SSo,TUPOR_,TUPOR,SESY,ASER,CwASo
GB_GA_mut_r_0.01_250k_3,dis,murcko,131894,249995,5/76,0.06578947368421052,0.5275865517310346,0.0008407230217987469,210
