name,type_cluster,scaffold,SSo,TUPOR_,TUPOR,SESY,ASER
GB_GA_mut_r_0.01_250k_3,dis,murcko,249995,5/76,0.06578947368421052,0.5275865517310346,0.0008400168003360067
