name,type_cluster,scaffold,SSo,TUPOR_,TUPOR,SESY,ASER
GB_GA_mut_r_0.01_250k_4,dis,murcko,240480,22/98,0.22448979591836735,0.2960121423819029,0.005247837658017299
