name,type_cluster,scaffold,SSo,TUPOR_,TUPOR,SESY,ASER
GB_GA_mut_r_0.01_250k_2,dis,murcko,243652,9/64,0.140625,0.3459893618767751,0.0011655968348300034
