name,type_cluster,scaffold,USo,SSo,TUPOR_,TUPOR,TUPOR_unique,TUPOR_1,TUPOR_2,SESY,ASER,CwASo
DrugEx_RNN_epsilon_0.6_desired_0,dis,csk,26035.0,151110.0,17/40,0.425,0.1632418,0.0005063,0.3295079,0.1722917,0.0019787,299.0
DrugEx_RNN_epsilon_0.6_desired_1,dis,csk,24361.0,153763.0,14/23,0.6086957,0.2498648,0.0002494,0.2641534,0.1584321,0.0083765,1288.0
DrugEx_RNN_epsilon_0.6_desired_2,dis,csk,26926.0,141300.0,7/40,0.175,0.0649929,0.0002304,0.1550675,0.1905591,0.0003326,47.0
DrugEx_RNN_epsilon_0.6_desired_3,dis,csk,28405.0,149832.0,23/37,0.6216216,0.2188423,0.0009501,0.7293737,0.189579,0.0213306,3196.0
DrugEx_RNN_epsilon_0.6_desired_4,dis,csk,35367.0,140241.0,34/43,0.7906977,0.2235693,0.001714,1.4097393,0.2521873,0.0112592,1579.0
DrugEx_RNN_epsilon_0.6_desired_mean,dis,csk,28218.8,147249.2,-,0.524203,0.1841022,0.00073,0.5775683,0.1926098,0.0086555,1281.8
