name,type_cluster,scaffold,SSo,TUPOR_,TUPOR,SESY,ASER
DrugEx_RNN_epsilon_0.1_62.5k_3,dis,murcko,62481,2/76,0.02631578947368421,0.6227653206574799,0.0010083065251836557
