name,type_cluster,scaffold,USo,SSo,TUPOR_,TUPOR,SESY,ASER,CwASo
DrugEx_RNN_epsilon_0.1_62.5k_3,dis,murcko,38911,62481,2/76,0.02631578947368421,0.6227653206574799,0.0010093242333942133,63
