name,type_cluster,scaffold,SSo,TUPOR_,TUPOR,SESY,ASER
DrugEx_RNN_epsilon_0.1_62.5k_0,dis,murcko,62494,1/92,0.010869565217391304,0.5325951291323967,1.6001536147470158e-05
