name,type_cluster,scaffold,USo,SSo,TUPOR_,TUPOR,SESY,ASER,CwASo
DrugEx_RNN_epsilon_0.1_62.5k_0,dis,murcko,33284,62494,1/92,0.010869565217391304,0.5325951291323967,1.600179220072648e-05,1
