name,type_cluster,scaffold,USo,SSo,TUPOR_,TUPOR,SESY,ASER,CwASo
DrugEx_RNN_epsilon_0.1_62.5k_1,dis,murcko,36016,62484,2/34,0.058823529411764705,0.5764035593111837,0.00035221414620089015,22
