name,type_cluster,scaffold,SSo,TUPOR_,TUPOR,SESY,ASER
DrugEx_RNN_epsilon_0.1_62.5k_4,dis,murcko,62488,3/98,0.030612244897959183,0.6651837152733325,0.0016963256945333504
