name,type_cluster,scaffold,SSo,TUPOR_,TUPOR,SESY,ASER
DrugEx_RNN_epsilon_0.1_62.5k_1,dis,murcko,62484,2/34,0.058823529411764705,0.5764035593111837,0.00035209013507457907
