name,type_cluster,scaffold,SSo,TUPOR_,TUPOR,SESY,ASER
DrugEx_GT_epsilon_0.1_250k_4,sim,csk,249798,8/35,0.22857142857142856,0.24057838733696826,0.0001601293845427105
