name,type_cluster,scaffold,SSo,TUPOR_,TUPOR,SESY,ASER
DrugEx_GT_epsilon_0.1_250k_1,sim,csk,249509,20/38,0.5263157894736842,0.2044615625087672,0.04219887859756562
