name,type_cluster,scaffold,USo,SSo,TUPOR_,TUPOR,SESY,ASER,CwASo
DrugEx_GT_epsilon_0.1_250k_1,sim,csk,51015,249509,20/38,0.5263157894736842,0.2044615625087672,0.044058080174073144,10529
