name,type_cluster,scaffold,SSo,TUPOR_,TUPOR,SESY,ASER
DrugEx_GT_epsilon_0.1_250k_0,sim,csk,249788,25/38,0.6578947368421053,0.2587113872563934,0.00821496629141512
