name,type_cluster,scaffold,SSo,TUPOR_,TUPOR,SESY,ASER
DrugEx_GT_epsilon_0.1_250k_3,sim,csk,249974,26/35,0.7428571428571429,0.22422331922519942,0.015605622984790419
