name,type_cluster,scaffold,USo,SSo,TUPOR_,TUPOR,SESY,ASER,CwASo
DrugEx_GT_epsilon_0.1_250k_2,sim,csk,49109,249785,11/37,0.2972972972972973,0.19660508036911745,0.002407849589662299,600
