name,type_cluster,scaffold,USo,SSo,TUPOR_,TUPOR,SESY,ASER,CwASo
DrugEx_GT_epsilon_0.1_250k_3,sim,csk,56050,249974,26/35,0.7428571428571429,0.22422331922519942,0.01585301922600204,3901
