name,type_cluster,scaffold,USo,SSo,TUPOR_,TUPOR,SESY,ASER,CwASo
DrugEx_GT_epsilon_0.1_250k_0,sim,csk,64623,249788,25/38,0.6578947368421053,0.2587113872563934,0.008283010947137275,2052
