name,type_cluster,scaffold,SSo,TUPOR_,TUPOR,SESY,ASER
DrugEx_GT_epsilon_0.1_250k_2,sim,csk,249785,11/37,0.2972972972972973,0.19660508036911745,0.0024020657765678483
