name,type_cluster,scaffold,SSo,TUPOR_,TUPOR,SESY,ASER
GB_GA_log_p_mut_r_0.5_2,sim,murcko,999920,5/58,0.08620689655172414,0.3707356588527082,0.003283262661012881
