name,type_cluster,scaffold,SSo,TUPOR_,TUPOR,SESY,ASER
GB_GA_log_p_mut_r_0.5_3,sim,murcko,999958,10/51,0.19607843137254902,0.3333720016240682,0.005510231429720049
