name,type_cluster,scaffold,SSo,TUPOR_,TUPOR,SESY,ASER
Molpher_125k_1,dis,murcko,144534,3/34,0.08823529411764706,0.29075511644318985,4.8431510924765106e-05
