name,type_cluster,scaffold,USo,SSo,TUPOR_,TUPOR,SESY,ASER,CwASo
Molpher_125k_0,dis,murcko,36612,125022,8/92,0.08695652173913043,0.29284445937514997,0.0003760752150430086,47
