name,type_cluster,scaffold,SSo,TUPOR_,TUPOR,SESY,ASER
Molpher_125k_0,dis,murcko,125022,8/92,0.08695652173913043,0.29284445937514997,0.00037593383564492647
