name,type_cluster,scaffold,SSo,TUPOR_,TUPOR,SESY,ASER
Molpher_125k_3,dis,murcko,125033,7/76,0.09210526315789473,0.30256012412723043,0.005478553661833276
