name,type_cluster,scaffold,SSo,TUPOR_,TUPOR,SESY,ASER
Molpher_125k_2,dis,murcko,125013,2/64,0.03125,0.30560021757737194,0.00011998752129778502
