name,type_cluster,scaffold,USo,SSo,TUPOR_,TUPOR,SESY,ASER,CwASo
Molpher_125k_2,dis,murcko,38204,125013,2/64,0.03125,0.30560021757737194,0.00012000192003072049,15
