name,type_cluster,scaffold,USo,SSo,TUPOR_,TUPOR,SESY,ASER,CwASo
Molpher_125k_4,dis,murcko,40733,125088,13/98,0.1326530612244898,0.3256347531337938,0.0018902380418415405,236
