name,type_cluster,scaffold,USo,SSo,TUPOR_,TUPOR,SESY,ASER,CwASo
Molpher_125k_1,dis,murcko,42024,144534,3/34,0.08823529411764706,0.29075511644318985,4.8433856649622564e-05,7
