name,type_cluster,scaffold,USo,SSo,TUPOR_,TUPOR,SESY,ASER,CwASo
Molpher_125k_3,dis,murcko,37830,125033,7/76,0.09210526315789473,0.30256012412723043,0.005508733554218805,685
