name,type_cluster,scaffold,SSo,TUPOR_,TUPOR,SESY,ASER
Molpher_125k_4,dis,murcko,125088,13/98,0.1326530612244898,0.3256347531337938,0.0018866717830647224
