name,type_cluster,scaffold,USo,SSo,TUPOR_,TUPOR,SESY,ASER,CwASo
Molpher_125k_1,dis,csk,23409,125249,17/41,0.4146341463414634,0.18689969580595453,0.0034771461763409848,434
