name,type_cluster,scaffold,SSo,TUPOR_,TUPOR,SESY,ASER
Molpher_125k_1,dis,csk,125249,17/41,0.4146341463414634,0.18689969580595453,0.0034771461763409848
