name,type_cluster,scaffold,SSo,TUPOR_,TUPOR,SESY,ASER
Molpher_125k_0,dis,csk,125035,15/42,0.35714285714285715,0.18166113488223298,0.008733554604710682
