name,type_cluster,scaffold,SSo,TUPOR_,TUPOR,SESY,ASER
Molpher_125k_3,dis,csk,125092,26/47,0.5531914893617021,0.19447286796917468,0.006938742654753281
