name,type_cluster,scaffold,USo,SSo,TUPOR_,TUPOR,SESY,ASER,CwASo
Molpher_125k_2,dis,csk,23397,125109,31/45,0.6888888888888889,0.18701292472963577,0.0032316007249049766,403
