name,type_cluster,scaffold,SSo,TUPOR_,TUPOR,SESY,ASER
Molpher_125k_4,dis,csk,125207,21/41,0.5121951219512195,0.19048455757265967,0.005476811885163622
