name,type_cluster,scaffold,SSo,TUPOR_,TUPOR,SESY,ASER
Molpher_125k_2,dis,csk,125109,31/45,0.6888888888888889,0.18701292472963577,0.0032211911213421898
