name,type_cluster,scaffold,USo,SSo,TUPOR_,TUPOR,TUPOR_unique,TUPOR_1,TUPOR_2,SESY,ASER,CwASo
DrugEx_RNN_0,dis,csk,"112,162.0","861,484.0",23/40,0.575,0.0512651,0.0001201,0.3368828,0.1301963,0.0083461,"7,190.0"
DrugEx_RNN_1,dis,csk,"113,310.0","860,405.0",17/23,0.7391304,0.0652308,5.41e-05,0.2666239,0.1316938,0.001526,"1,313.0"
DrugEx_RNN_2,dis,csk,"95,910.0","871,178.0",15/40,0.375,0.0390992,8.01e-05,0.1919735,0.1100923,0.0008471,738.0
DrugEx_RNN_3,dis,csk,"105,185.0","854,245.0",28/37,0.7567568,0.0719453,0.0002029,0.5767152,0.1231321,0.0119134,"10,177.0"
DrugEx_RNN_4,dis,csk,"126,412.0","895,624.0",38/43,0.8837209,0.069908,0.0003,0.8818259,0.1411441,0.0680799,"60,974.0"
DrugEx_RNN_mean,dis,csk,"110,595.8","868,587.2",-,0.6659216,0.0594897,0.0001514,0.4508043,0.1272517,0.0181425,"16,078.4"
