name,type_cluster,scaffold,USo,SSo,TUPOR_,TUPOR,TUPOR_unique,TUPOR_set,SESY,ASER,CwASo
DrugEx_RNN_0,dis,csk,112162.0,861484.0,23/40,0.575,0.0512651,0.0066745,0.1301963,0.0083461,7190.0
DrugEx_RNN_1,dis,csk,113310.0,860405.0,17/23,0.7391304,0.0652308,0.0085905,0.1316938,0.001526,1313.0
DrugEx_RNN_2,dis,csk,95910.0,871178.0,15/40,0.375,0.0390992,0.0043045,0.1100923,0.0008471,738.0
DrugEx_RNN_3,dis,csk,105185.0,854245.0,28/37,0.7567568,0.0719453,0.0088588,0.1231321,0.0119134,10177.0
DrugEx_RNN_4,dis,csk,126412.0,895624.0,38/43,0.8837209,0.069908,0.0098671,0.1411441,0.0680799,60974.0
DrugEx_RNN_mean,dis,csk,110595.8,868587.2,-,0.6659216,0.0594897,0.0076591,0.1272517,0.0181425,16078.4
