name,type_cluster,scaffold,USo,SSo,TUPOR_,TUPOR,TUPOR_unique,TUPOR_1,TUPOR_2,SESY,ASER,CwASo,KL_OS_IS,KL_OS_RS
DrugEx_RNN_0,dis,csk,112162.0,861484.0,23/40,0.575,0.0512651,0.0001201,0.3368828,0.1301963,0.0083461,7190.0,0.0029515702825937,0.0274259745769549
DrugEx_RNN_1,dis,csk,113310.0,860405.0,17/23,0.7391304,0.0652308,5.41e-05,0.2666239,0.1316938,0.001526,1313.0,0.0003310539577953,0.036444667724443
DrugEx_RNN_2,dis,csk,95910.0,871178.0,15/40,0.375,0.0390992,8.01e-05,0.1919735,0.1100923,0.0008471,738.0,0.0003878891935524,0.018001423097617
DrugEx_RNN_3,dis,csk,105185.0,854245.0,28/37,0.7567568,0.0719453,0.0002029,0.5767152,0.1231321,0.0119134,10177.0,0.0005133722779278,0.0240506970769305
DrugEx_RNN_4,dis,csk,126412.0,895624.0,38/43,0.8837209,0.069908,0.0003,0.8818259,0.1411441,0.0680799,60974.0,0.000844217112562,0.0089401017828526
DrugEx_RNN_mean,dis,csk,110595.8,868587.2,-,0.6659216,0.0594897,0.0001514,0.4508043,0.1272517,0.0181425,16078.4,0.00100562056488624,0.022972572851759597
