name,type_cluster,scaffold,USo,SSo,TUPOR_,TUPOR,TUPOR_unique,TUPOR_1,TUPOR_2,SESY,ASER,CwASo,metric_1,metric_2
DrugEx_RNN_0,dis,csk,112162.0,861484.0,23/40,0.575,0.0512651,0.0001201,0.3368828,0.1301963,0.0083461,7190.0,0.0002051,0.0084163
DrugEx_RNN_1,dis,csk,113310.0,860405.0,17/23,0.7391304,0.0652308,5.41e-05,0.2666239,0.1316938,0.001526,1313.0,0.0001501,0.0015284
DrugEx_RNN_2,dis,csk,95910.0,871178.0,15/40,0.375,0.0390992,8.01e-05,0.1919735,0.1100923,0.0008471,738.0,0.0001564,0.0008478
DrugEx_RNN_3,dis,csk,105185.0,854245.0,28/37,0.7567568,0.0719453,0.0002029,0.5767152,0.1231321,0.0119134,10177.0,0.0002663,0.0120571
DrugEx_RNN_4,dis,csk,126412.0,895624.0,38/43,0.8837209,0.069908,0.0003,0.8818259,0.1411441,0.0680799,60974.0,0.0003007,0.0730534
DrugEx_RNN_mean,dis,csk,110595.8,868587.2,-,0.6659216,0.0594897,0.0001514,0.4508043,0.1272517,0.0181425,16078.4,0.0002157,0.0191806
