name,type_cluster,scaffold,USo,SSo,TUPOR_,TUPOR,TUPOR_unique,TUPOR_set,SESY,ASER,CwASo
DrugEx_RNN_0,dis,csk,112162,861484,23/40,0.575,0.0512651343592304,0.006674529068444684,0.1301962659782422,0.008346063304716048,7190
