name,type_cluster,scaffold,USo,SSo,TUPOR_,TUPOR,TUPOR_unique,TUPOR_set,SESY,ASER,CwASo
DrugEx_RNN_3,dis,csk,105185,854245,28/37,0.7567567567567568,0.0719453112855214,0.008858778883771713,0.12313212251754473,0.011913444035376268,10177
