name,type_cluster,scaffold,USo,SSo,TUPOR_,TUPOR,TUPOR_unique,TUPOR_set,SESY,ASER,CwASo
DrugEx_RNN_1,dis,csk,113310,860405,17/23,0.7391304347826086,0.0652308211792965,0.008590494415799637,0.13169379536381123,0.0015260255344866662,1313
