name,type_cluster,scaffold,USo,SSo,TUPOR_,TUPOR,TUPOR_unique,TUPOR_set,SESY,ASER,CwASo
DrugEx_RNN_2,dis,csk,95910,871178,15/40,0.375,0.0390991554582421,0.004304516413408052,0.11009231178932434,0.0008471288301587046,738
