name,type_cluster,scaffold,SSo,TUPOR_,TUPOR,SESY,ASER
REINVENT_500k_0,dis,csk,496969.0,10/40,0.25,0.0849449,0.0008009
REINVENT_500k_1,dis,csk,493568.0,11/23,0.4782609,0.1463709,0.0002168
REINVENT_500k_2,dis,csk,497683.0,3/40,0.075,0.0959768,1.41e-05
REINVENT_500k_3,dis,csk,485474.0,27/37,0.7297297,0.1991991,0.0136444
REINVENT_500k_4,dis,csk,493882.0,21/43,0.4883721,0.1586432,0.0072649
REINVENT_500k_mean,dis,csk,493515.2,-,0.4042725,0.137027,0.0043882
