name,type_cluster,scaffold,USo,SSo,TUPOR_,TUPOR,SESY,ASER,ASR,CwASo
REINVENT_500k_0,dis,csk,108073,495431,18/40,0.45,0.21813935744836313,0.008274907655205397,0.00016658183332562122,4066
