name,type_cluster,scaffold,SSo,TUPOR_,TUPOR,SESY,ASER
REINVENT_500k_3,dis,csk,485474,27/37,0.7297297297297297,0.1991991332182568,0.013644397022291616
