name,type_cluster,scaffold,USo,SSo,TUPOR_,TUPOR,SESY,ASER,ACR,CwASo
REINVENT_500k_0,dis,csk,42215,496969,10/40,0.25,0.08494493620326418,0.0008014966641225525,0.00023693875133278048,398
