name,type_cluster,scaffold,USo,SSo,TUPOR_,TUPOR,SESY,ASER,ASR,CwASo
REINVENT_500k_1,dis,csk,100445,496699,9/23,0.391304347826087,0.20222509004447362,0.0007051489979832739,8.960930343701461e-05,350
