name,type_cluster,scaffold,USo,SSo,TUPOR_,TUPOR,SESY,ASER,ACR,CwASo
REINVENT_500k_1,dis,csk,72244,493568,11/23,0.4782608695652174,0.14637091545643152,0.00021683577830872145,0.00015228496670496863,107
