name,type_cluster,scaffold,SSo,TUPOR_,TUPOR,SESY,ASER
REINVENT_500k_1,dis,csk,493568,11/23,0.4782608695652174,0.14637091545643152,0.00021678877074688796
