name,type_cluster,scaffold,USo,SSo,TUPOR_,TUPOR,SESY,ASER,ASR,CwASo
REINVENT_500k_3,dis,csk,88846,495981,21/37,0.5675675675675675,0.17913186190600044,0.006669440526086118,0.0002364199268224036,3286
