name,type_cluster,scaffold,USo,SSo,TUPOR_,TUPOR,SESY,ASER,ASR,CwASo
REINVENT_500k_2,dis,csk,113641,496487,17/40,0.425,0.22889018242169482,0.0006610784043018468,0.00014961627825107372,328
