name,type_cluster,scaffold,SSo,TUPOR_,TUPOR,SESY,ASER
REINVENT_500k_0,dis,csk,496969,10/40,0.25,0.08494493620326418,0.0008008547816865841
