name,type_cluster,scaffold,USo,SSo,TUPOR_,TUPOR,SESY,ASER,ASR,CwASo
REINVENT_500k_4,dis,csk,99451,496141,31/43,0.7209302325581395,0.2004490658905432,0.0541523072150667,0.000311808489237578,25487
