name,type_cluster,scaffold,SSo,TUPOR_,TUPOR,SESY,ASER
REINVENT_500k_4,dis,csk,493882,21/43,0.4883720930232558,0.15864315767733994,0.007264893233606408
