name,type_cluster,scaffold,USo,SSo,TUPOR_,TUPOR,SESY,ASER,ACR,CwASo
REINVENT_500k_2,dis,csk,47766,497683,3/40,0.075,0.09597675628864157,1.4065375867029956e-05,6.281012499214873e-05,7
