name,type_cluster,scaffold,USo,SSo,TUPOR_,TUPOR,TUPOR_unique,TUPOR_1,TUPOR_2,SESY,ASER,CwASo
DrugEx_RNN_epsilon_0.6_desired_0,sim,csk,33030.0,128499.0,28/38,0.7368421,0.2230827,0.0027868,2.4223446,0.2570448,0.0380392,4888.0
DrugEx_RNN_epsilon_0.6_desired_1,sim,csk,50319.0,257770.0,30/38,0.7894737,0.1568938,0.0007228,0.9571185,0.1952089,0.0353998,9125.0
DrugEx_RNN_epsilon_0.6_desired_2,sim,csk,41252.0,235005.0,30/37,0.8108108,0.1965507,0.0004658,0.5193014,0.1755367,0.0197826,4649.0
DrugEx_RNN_epsilon_0.6_desired_3,sim,csk,30678.0,154292.0,28/35,0.8,0.2607732,0.0003267,0.2863163,0.1988308,0.0238444,3679.0
DrugEx_RNN_epsilon_0.6_desired_4,sim,csk,32473.0,160442.0,26/35,0.7428571,0.2287615,0.0001945,0.1804226,0.2023971,0.0099787,1601.0
DrugEx_RNN_epsilon_0.6_desired_mean,sim,csk,37550.4,187201.6,-,0.7759967,0.2132124,0.0008993,0.8731007,0.2058037,0.0254089,4788.4
