name,type_cluster,scaffold,USo,SSo,TUPOR_,TUPOR,SESY,ASER,ACR,CwASo
DrugEx_RNN_epsilon_0.6_0,dis,murcko,450254.0,882992.0,42/106,0.3962264,0.5099185,0.0086277,9.33e-05,7553.0
DrugEx_RNN_epsilon_0.6_1,dis,murcko,429414.0,879529.0,20/96,0.2083333,0.4882318,0.0007908,4.66e-05,695.0
DrugEx_RNN_epsilon_0.6_2,dis,murcko,404944.0,896361.0,57/102,0.5588235,0.4517644,0.0008832,0.0001408,791.0
DrugEx_RNN_epsilon_0.6_3,dis,murcko,422562.0,883606.0,9/62,0.1451613,0.4782245,0.0309757,2.13e-05,26548.0
DrugEx_RNN_epsilon_0.6_4,dis,murcko,374870.0,875201.0,30/71,0.4225352,0.4283245,0.0065393,8e-05,5686.0
DrugEx_RNN_epsilon_0.6_mean,dis,murcko,416408.8,883537.8,-,0.346216,0.4712927,0.0095633,7.64e-05,8254.6
