name,type_cluster,scaffold,SSo,TUPOR_,TUPOR,SESY,ASER
DrugEx_RNN_epsilon_0.6_4,dis,murcko,875010,30/71,0.4225352112676056,0.4283413903841099,0.006497068604930229
