name,type_cluster,scaffold,USo,SSo,TUPOR_,TUPOR,SESY,ASER,ACR,CwASo
DrugEx_RNN_epsilon_0.6_1,dis,murcko,429414,879529,20/96,0.20833333333333334,0.48823176950390496,0.0007908205645207172,4.657726936100644e-05,695
