name,type_cluster,scaffold,USo,SSo,TUPOR_,TUPOR,SESY,ASER,ACR,CwASo
DrugEx_RNN_epsilon_0.6_2,dis,murcko,404944,896361,57/102,0.5588235294117647,0.4517644118831587,0.0008832363745994172,0.0001407800201043748,791
