name,type_cluster,scaffold,USo,SSo,TUPOR_,TUPOR,SESY,ASER,ACR,CwASo
DrugEx_RNN_epsilon_0.6_3,dis,murcko,422562,883606,9/62,0.14516129032258066,0.4782244575070789,0.030975733264259828,2.1299103307750745e-05,26548
