name,type_cluster,scaffold,SSo,TUPOR_,TUPOR,SESY,ASER
DrugEx_RNN_epsilon_0.6_1,dis,murcko,878969,20/96,0.20833333333333334,0.4883243891422792,0.000791324802965817
