name,type_cluster,scaffold,USo,SSo,TUPOR_,TUPOR,SESY,ASER,ACR,CwASo
DrugEx_RNN_epsilon_0.6_4,dis,murcko,374870,875201,30/71,0.4225352112676056,0.42832446489435,0.0065392776432839,8.003414790310533e-05,5686
