name,type_cluster,scaffold,SSo,TUPOR_,TUPOR,SESY,ASER
DrugEx_RNN_epsilon_0.6_2,dis,murcko,895961,57/102,0.5588235294117647,0.4518232378418257,0.0008828509276631461
