name,type_cluster,scaffold,SSo,TUPOR_,TUPOR,SESY,ASER
DrugEx_RNN_epsilon_0.6_0,dis,murcko,882494,42/106,0.39622641509433965,0.50998760331515,0.008550766350819382
