name,type_cluster,scaffold,SSo,TUPOR_,TUPOR,SESY,ASER
DrugEx_RNN_epsilon_0.6_3,dis,murcko,882756,9/62,0.14516129032258066,0.4784085296503224,0.03097878960233862
