name,type_cluster,scaffold,USo,SSo,TUPOR_,TUPOR,SESY,ASER,ASR,CwASo
DrugEx_GT_epsilon_0.6_100k_1,dis,csk,39870,99869,14/23,0.6086956521739131,0.3992229821065596,0.004364660330869412,0.00035126455238859895,434
