name,type_cluster,scaffold,USo,SSo,TUPOR_,TUPOR,SESY,ASER,ACR,CwASo
GB_GA_mut_r_0.5_10k_3,sim,csk,993,8556,9/42,0.21428571428571427,0.11605890603085554,0.09327881420904677,0.009146341463414634,730
