name,type_cluster,scaffold,USo,SSo,TUPOR_,TUPOR,SESY,ASER,CwASo
GB_GA_mut_r_0.5_250k_0,dis,murcko,102540,249990,2/92,0.021739130434782608,0.4101764070562823,9.601305777585752e-05,24
