name,type_cluster,scaffold,SSo,TUPOR_,TUPOR,SESY,ASER
GB_GA_mut_r_0.5_250k_1,dis,murcko,238285,11/34,0.3235294117647059,0.3016975470549972,0.0003651090081205279
