name,type_cluster,scaffold,USo,SSo,TUPOR_,TUPOR,SESY,ASER,CwASo
GB_GA_mut_r_0.5_250k_3,dis,murcko,108661,249997,8/76,0.10526315789473684,0.43464921579058946,0.0010170455227974358,254
