name,type_cluster,scaffold,USo,SSo,TUPOR_,TUPOR,SESY,ASER,CwASo
GB_GA_mut_r_0.5_250k_2,dis,murcko,121283,249996,6/64,0.09375,0.48513976223619576,0.00022805564557752092,57
