name,type_cluster,scaffold,SSo,TUPOR_,TUPOR,SESY,ASER
GB_GA_mut_r_0.5_250k_2,dis,murcko,249996,6/64,0.09375,0.48513976223619576,0.00022800364805836894
