name,type_cluster,scaffold,USo,SSo,TUPOR_,TUPOR,SESY,ASER,CwASo
GB_GA_mut_r_0.5_250k_1,dis,murcko,103281,249990,2/34,0.058823529411764705,0.4131405256210248,2.8001904129480805e-05,7
