name,type_cluster,scaffold,USo,SSo,TUPOR_,TUPOR,SESY,ASER,CwASo
GB_GA_mut_r_0.5_250k_4,dis,murcko,97915,249998,4/98,0.04081632653061224,0.3916631333050664,0.00022405198005937378,56
