name,type_cluster,scaffold,SSo,TUPOR_,TUPOR,SESY,ASER
GB_GA_mut_r_0.5_250k_3,dis,murcko,238206,23/76,0.3026315789473684,0.30757831456806295,0.021544377555561153
