name,type_cluster,scaffold,SSo,TUPOR_,TUPOR,SESY,ASER
GB_GA_mut_r_0.5_250k_0,dis,murcko,238591,13/92,0.14130434782608695,0.2985988574589989,0.004497235855501674
