name,type_cluster,scaffold,SSo,TUPOR_,TUPOR,SESY,ASER
GB_GA_mut_r_0.5_250k_4,dis,murcko,237214,24/98,0.24489795918367346,0.2978871398821317,0.003254445353141046
