name,type_cluster,scaffold,SSo,TUPOR_,TUPOR,SESY,ASER
GB_GA_mut_r_0.5_250k_0,dis,murcko,249990,2/92,0.021739130434782608,0.4101764070562823,9.600384015360615e-05
