name,type_cluster,scaffold,USo,SSo,TUPOR_,TUPOR,SESY,ASER,ACR,CwASo
addcarbon_500k_0,sim,murcko,"3,952.0","500,000.0",8/172,0.0465116,0.007904,0.0037923,0.0020284,"1,889.0"
addcarbon_500k_1,sim,murcko,"5,090.0","500,000.0",7/93,0.0752688,0.01018,0.0011233,0.0013771,561.0
addcarbon_500k_2,sim,murcko,"5,595.0","500,000.0",11/65,0.1692308,0.01119,0.0017169,0.0019699,857.0
addcarbon_500k_3,sim,murcko,"5,426.0","500,000.0",8/57,0.1403509,0.010852,0.0010311,0.0014766,515.0
addcarbon_500k_4,sim,murcko,"5,691.0","500,000.0",8/50,0.16,0.011382,0.0008868,0.0014077,443.0
addcarbon_500k_mean,sim,murcko,"5,150.8","500,000.0",-,0.1182724,0.0103016,0.0017101,0.0016519,853.0
