name,type_cluster,scaffold,USo,SSo,TUPOR_,TUPOR,SESY,ASER,ACR,CwASo
addcarbon_500k_3,sim,murcko,5426,500000,8/57,0.14035087719298245,0.010852,0.0010310619938536693,0.0014765596160944998,515
