name,type_cluster,scaffold,USo,SSo,TUPOR_,TUPOR,SESY,ASER,ACR,CwASo
addcarbon_500k_0,sim,murcko,3952,500000,8/172,0.046511627906976744,0.007904,0.0037923274129661863,0.002028397565922921,1889
