name,type_cluster,scaffold,USo,SSo,TUPOR_,TUPOR,SESY,ASER,ACR,CwASo
addcarbon_500k_2,sim,murcko,5595,500000,11/65,0.16923076923076924,0.01119,0.0017169428400278077,0.001969914040114613,857
