name,type_cluster,scaffold,SSo,TUPOR_,TUPOR,SESY,ASER
addcarbon_500k_3,sim,murcko,500000,8/57,0.14035087719298245,0.010852,0.0010310619938536693
