name,type_cluster,scaffold,USo,SSo,TUPOR_,TUPOR,SESY,ASER,ACR,CwASo
addcarbon_500k_1,sim,murcko,5090,500000,7/93,0.07526881720430108,0.01018,0.0011232602980544171,0.0013771394845563643,561
