name,type_cluster,scaffold,USo,SSo,TUPOR_,TUPOR,SESY,ASER,ACR,CwASo
addcarbon_500k_4,sim,murcko,5691,500000,8/50,0.16,0.011382,0.0008867856921232212,0.0014077071969030442,443
