name,type_cluster,scaffold,SSo,TUPOR_,TUPOR,SESY,ASER
DrugEx_RNN_epsilon_0.6_62.5k_0,sim,murcko,61828,66/172,0.38372093023255816,0.7272271462767678,0.046920489098790194
