name,type_cluster,scaffold,SSo,TUPOR_,TUPOR,SESY,ASER
DrugEx_RNN_epsilon_0.6_62.5k_2,sim,murcko,61958,23/65,0.35384615384615387,0.6769424448820168,0.0028811913240530916
