name,type_cluster,scaffold,USo,SSo,TUPOR_,TUPOR,SESY,ASER,CwASo
DrugEx_RNN_epsilon_0.6_62.5k_3,sim,murcko,38233,61298,14/57,0.24561403508771928,0.6237234493784463,0.003996462148262194,244
