name,type_cluster,scaffold,USo,SSo,TUPOR_,TUPOR,SESY,ASER,CwASo
DrugEx_RNN_epsilon_0.6_62.5k_0,sim,murcko,44963,61828,66/172,0.38372093023255816,0.7272271462767678,0.04923040371985677,2901
