name,type_cluster,scaffold,USo,SSo,TUPOR_,TUPOR,SESY,ASER,ACR,CwASo
DrugEx_RNN_epsilon_0.6_100k_0,dis,murcko,63753.0,98980.0,24/106,0.2264151,0.6440998,0.0086209,0.0003766,846.0
DrugEx_RNN_epsilon_0.6_100k_1,dis,murcko,61531.0,98567.0,9/96,0.09375,0.6242556,0.0007716,0.0001463,76.0
DrugEx_RNN_epsilon_0.6_100k_2,dis,murcko,56970.0,97920.0,26/102,0.254902,0.5818015,0.0008586,0.0004566,84.0
DrugEx_RNN_epsilon_0.6_100k_3,dis,murcko,61409.0,99398.0,8/62,0.1290323,0.6178092,0.0316347,0.0001303,3048.0
DrugEx_RNN_epsilon_0.6_100k_4,dis,murcko,54498.0,97462.0,23/71,0.3239437,0.5591718,0.0068284,0.0004222,661.0
DrugEx_RNN_epsilon_0.6_100k_mean,dis,murcko,59632.2,98465.4,-,0.2056086,0.6054276,0.0097428,0.0003064,943.0
