name,type_cluster,scaffold,USo,SSo,TUPOR_,TUPOR,TUPOR_unique,TUPOR_1,TUPOR_2,SESY,ASER,CwASo
DrugEx_epsilon_0.4_0,dis,murcko,"7,146.0","9,999.0",3/92,0.0326087,0.0456321,0.000587,0.0455958,0.7146715,0.0013001,13.0
DrugEx_epsilon_0.4_1,dis,murcko,"7,803.0","9,997.0",2/34,0.0588235,0.0753858,0.0003707,0.0850755,0.7805342,0.0002001,2.0
DrugEx_epsilon_0.4_2,dis,murcko,"7,831.0","9,996.0",0/64,0.0,0.0,0.0,0.0,0.7834134,0.0,0.0
DrugEx_epsilon_0.4_3,dis,murcko,"7,165.0","9,994.0",13/76,0.1710526,0.2387336,0.0039195,0.369512,0.7169302,0.006704,67.0
DrugEx_epsilon_0.4_4,dis,murcko,"7,743.0","9,955.0",8/98,0.0816327,0.1054277,0.0024929,0.1969606,0.7778001,0.0030136,30.0
DrugEx_epsilon_0.4_mean,dis,murcko,"7,537.6","9,988.2",-,0.0688235,0.0930358,0.001474,0.1394288,0.7546699,0.0022436,22.4
