name,type_cluster,scaffold,SSo,TUPOR_,TUPOR,SESY,ASER
GB_GA_mut_r_0.01_500k_4,dis,murcko,475306,27/71,0.38028169014084506,0.25395429470698877,0.004460284532490648
