name,type_cluster,scaffold,SSo,TUPOR_,TUPOR,SESY,ASER
GB_GA_mut_r_0.01_500k_2,dis,murcko,475312,32/102,0.3137254901960784,0.23961103443632814,0.001906116403541253
