name,type_cluster,scaffold,SSo,TUPOR_,TUPOR,SESY,ASER
GB_GA_mut_r_0.01_500k_0,dis,murcko,482522,34/106,0.32075471698113206,0.32854875010880336,0.024148121743671792
