name,type_cluster,scaffold,USo,SSo,TUPOR_,TUPOR,SESY,ASER,ACR,CwASo
GB_GA_mut_r_0.01_500k_0,dis,murcko,99988,438973,10/106,0.09433962264150944,0.22777710702024953,0.011507469255424802,0.00010002200484106503,4994
