name,type_cluster,scaffold,USo,SSo,TUPOR_,TUPOR,SESY,ASER,ACR,CwASo
GB_GA_mut_r_0.01_500k_2,dis,murcko,101838,443678,1/102,0.00980392156862745,0.22953132677302007,6.085864790116556e-05,9.819613696397184e-06,27
