name,type_cluster,scaffold,USo,SSo,TUPOR_,TUPOR,SESY,ASER,ACR,CwASo
GB_GA_mut_r_0.01_500k_1,dis,murcko,100268,433892,3/96,0.03125,0.2310897642731371,7.836665452751822e-05,2.9920710118186806e-05,34
