name,type_cluster,scaffold,USo,SSo,TUPOR_,TUPOR,SESY,ASER,ACR,CwASo
GB_GA_mut_r_0.01_500k_4,dis,murcko,85234,424134,6/71,0.08450704225352113,0.20096007393889667,0.023126448870695,7.039939925845966e-05,9587
