name,type_cluster,scaffold,USo,SSo,TUPOR_,TUPOR,SESY,ASER,ACR,CwASo
GB_GA_mut_r_0.01_500k_3,dis,murcko,207321,500000,4/62,0.06451612903225806,0.414642,0.0005783342772122287,1.929412445674981e-05,289
