name,type_cluster,scaffold,SSo,TUPOR_,TUPOR,SESY,ASER
GB_GA_mut_r_0.01_500k_0,dis,murcko,438973,10/106,0.09433962264150944,0.22777710702024953,0.011507469255424802
