name,type_cluster,scaffold,SSo,TUPOR_,TUPOR,SESY,ASER
GB_GA_mut_r_0.01_500k_1,dis,murcko,477139,13/96,0.13541666666666666,0.2703929043737779,0.001431448697339769
