name,type_cluster,scaffold,SSo,TUPOR_,TUPOR,SESY,ASER
GB_GA_mut_r_0.01_500k_3,dis,murcko,484527,16/62,0.25806451612903225,0.2849872143348049,0.05867371684137313
