name,type_cluster,scaffold,USo,SSo,TUPOR_,TUPOR,SESY,ASER,CwASo
DrugEx_GT_epsilon_0.1_250k_0,sim,csk,"95,050.0","249,862.0",38/46,0.826087,0.38041,0.0476789,"11,371.0"
DrugEx_GT_epsilon_0.1_250k_1,sim,csk,"56,907.0","249,692.0",34/44,0.7727273,0.2279088,0.0169511,"4,162.0"
DrugEx_GT_epsilon_0.1_250k_2,sim,csk,"59,974.0","249,666.0",32/42,0.7619048,0.2402169,0.0117602,"2,902.0"
DrugEx_GT_epsilon_0.1_250k_3,sim,csk,"57,151.0","249,808.0",28/42,0.6666667,0.2287797,0.025417,"6,192.0"
DrugEx_GT_epsilon_0.1_250k_4,sim,csk,"53,234.0","249,875.0",24/42,0.5714286,0.2130425,0.0035463,883.0
DrugEx_GT_epsilon_0.1_250k_mean,sim,csk,"64,463.2","249,780.6",-,0.7197628,0.2580716,0.0210707,"5,102.0"
