name,type_cluster,scaffold,USo,SSo,TUPOR_,TUPOR,SESY,ASER,CwASo
DrugEx_GT_epsilon_0.1_250k_0,sim,csk,95050.0,249862.0,38/46,0.826087,0.38041,0.0476789,11371.0
DrugEx_GT_epsilon_0.1_250k_1,sim,csk,56907.0,249692.0,34/44,0.7727273,0.2279088,0.0169511,4162.0
DrugEx_GT_epsilon_0.1_250k_2,sim,csk,59974.0,249666.0,32/42,0.7619048,0.2402169,0.0117602,2902.0
DrugEx_GT_epsilon_0.1_250k_3,sim,csk,57151.0,249808.0,28/42,0.6666667,0.2287797,0.025417,6192.0
DrugEx_GT_epsilon_0.1_250k_4,sim,csk,53234.0,249875.0,24/42,0.5714286,0.2130425,0.0035463,883.0
DrugEx_GT_epsilon_0.1_250k_mean,sim,csk,64463.2,249780.6,-,0.7197628,0.2580716,0.0210707,5102.0
