name,type_cluster,scaffold,USo,SSo,TUPOR_,TUPOR,SESY,ASER,CwASo
DrugEx_GT_epsilon_0.1_250k_3,sim,csk,57151,249808,28/42,0.6666666666666666,0.22877970281175944,0.025417049783265467,6192
