name,type_cluster,scaffold,SSo,TUPOR_,TUPOR,SESY,ASER
DrugEx_GT_epsilon_0.1_250k_4,sim,csk,249875,24/42,0.5714285714285714,0.2130425212606303,0.003533766883441721
