name,type_cluster,scaffold,SSo,TUPOR_,TUPOR,SESY,ASER
DrugEx_GT_epsilon_0.1_250k_3,sim,csk,249808,28/42,0.6666666666666666,0.22877970281175944,0.025417049783265467
