name,type_cluster,scaffold,SSo,TUPOR_,TUPOR,SESY,ASER
DrugEx_GT_epsilon_0.1_250k_0,sim,csk,249862,38/46,0.8260869565217391,0.3804099863124445,0.045509121034811216
