name,type_cluster,scaffold,SSo,TUPOR_,TUPOR,SESY,ASER
DrugEx_GT_epsilon_0.1_250k_2,sim,csk,249666,32/42,0.7619047619047619,0.24021692981823717,0.01176022434390754
