name,type_cluster,scaffold,USo,SSo,TUPOR_,TUPOR,SESY,ASER,CwASo
DrugEx_GT_epsilon_0.1_250k_0,sim,csk,95050,249862,38/46,0.8260869565217391,0.3804099863124445,0.047678948052547056,11371
