name,type_cluster,scaffold,USo,SSo,TUPOR_,TUPOR,SESY,ASER,CwASo
DrugEx_GT_epsilon_0.1_250k_4,sim,csk,53234,249875,24/42,0.5714285714285714,0.2130425212606303,0.003546298676262691,883
