name,type_cluster,scaffold,SSo,TUPOR_,TUPOR,SESY,ASER
DrugEx_GT_epsilon_0.1_250k_1,sim,csk,249692,34/44,0.7727272727272727,0.22790878362142158,0.016951085407078566
