name,type_cluster,scaffold,SSo,TUPOR_,TUPOR,SESY,ASER
GB_GA_mut_r_0.01_500k_0,sim,csk,"490,326.0",33/38,0.8684211,0.0891081,0.0289155
GB_GA_mut_r_0.01_500k_1,sim,csk,"481,708.0",31/38,0.8157895,0.0688612,0.0403751
GB_GA_mut_r_0.01_500k_2,sim,csk,"485,224.0",27/37,0.7297297,0.0697472,0.0185337
GB_GA_mut_r_0.01_500k_3,sim,csk,"484,384.0",32/35,0.9142857,0.0708797,0.0171434
GB_GA_mut_r_0.01_500k_4,sim,csk,"484,756.0",27/35,0.7714286,0.0667408,0.0057122
GB_GA_mut_r_0.01_500k_mean,sim,csk,"485,279.6",-,0.8199309,0.0730674,0.022136
