name,type_cluster,scaffold,SSo,TUPOR_,TUPOR,SESY,ASER
GB_GA_mut_r_0.01_500k_3,sim,csk,484384,32/35,0.9142857142857143,0.070879715267226,0.017143423399616834
