name,type_cluster,scaffold,SSo,TUPOR_,TUPOR,SESY,ASER
GB_GA_mut_r_0.01_500k_0,sim,csk,490326,33/38,0.868421052631579,0.08910806279903574,0.02891545624747617
