name,type_cluster,scaffold,SSo,TUPOR_,TUPOR,SESY,ASER
GB_GA_mut_r_0.01_500k_4,sim,csk,484756,27/35,0.7714285714285715,0.06674079330632318,0.005712152093011742
