name,type_cluster,scaffold,USo,SSo,TUPOR_,TUPOR,SESY,ASER,ASR,CwASo
GB_GA_mut_r_0.01_500k_4,sim,csk,95461,499966,17/35,0.4857142857142857,0.19093498357888336,0.0026210296013909305,0.00017811491555257535,1307
