name,type_cluster,scaffold,USo,SSo,TUPOR_,TUPOR,SESY,ASER,ACR,CwASo
GB_GA_mut_r_0.01_500k_2,sim,csk,107354,499994,16/37,0.43243243243243246,0.21471057652691833,0.006297485232407193,0.0001490618420317129,3129
