name,type_cluster,scaffold,USo,SSo,TUPOR_,TUPOR,SESY,ASER,ACR,CwASo
GB_GA_mut_r_0.01_500k_0,sim,csk,100002,500000,24/38,0.631578947368421,0.200004,0.007000668648443982,0.0002400528116185561,3476
