name,type_cluster,scaffold,SSo,TUPOR_,TUPOR,SESY,ASER
GB_GA_mut_r_0.01_500k_3,sim,csk,499995,23/35,0.6571428571428571,0.190519905199052,0.008664086640866408
