name,type_cluster,scaffold,USo,SSo,TUPOR_,TUPOR,SESY,ASER,ACR,CwASo
GB_GA_mut_r_0.01_500k_3,sim,csk,95259,499995,23/35,0.6571428571428571,0.190519905199052,0.008739809104169566,0.00024150531311688858,4332
