name,type_cluster,scaffold,USo,SSo,TUPOR_,TUPOR,SESY,ASER,ACR,CwASo
GB_GA_mut_r_0.01_500k_1,sim,csk,104944,499983,22/38,0.5789473684210527,0.20989513643463878,0.00799772587981033,0.000209679571491203,3967
