name,type_cluster,scaffold,SSo,TUPOR_,TUPOR,SESY,ASER
GB_GA_mut_r_0.01_500k_2,sim,csk,499994,16/37,0.43243243243243246,0.21471057652691833,0.0062580750969011625
