name,type_cluster,scaffold,SSo,TUPOR_,TUPOR,SESY,ASER
GB_GA_mut_r_0.01_500k_2,sim,csk,485224,27/37,0.7297297297297297,0.0697471683181376,0.018533708143043212
