name,type_cluster,scaffold,SSo,TUPOR_,TUPOR,SESY,ASER
GB_GA_mut_r_0.01_500k_1,sim,csk,481708,31/38,0.8157894736842105,0.06886121882966445,0.040375081999883745
