name,type_cluster,scaffold,SSo,TUPOR_,TUPOR,SESY,ASER
GB_GA_log_p_mut_r_0.01_1,dis,csk,999879,15/23,0.6521739130434783,0.14266126201270354,0.0015211840632716558
