name,type_cluster,scaffold,USo,SSo,TUPOR_,TUPOR,SESY,ASER,ASR,CwASo
DrugEx_RNN_epsilon_0.1_500k_1,dis,murcko,199130,499960,2/34,0.058823529411764705,0.3982918633490679,0.00024007682458386683,1.0043790928448034e-05,120
