name,type_cluster,scaffold,SSo,TUPOR_,TUPOR,SESY,ASER
DrugEx_RNN_epsilon_0.1_500k_3,dis,murcko,499877,3/76,0.039473684210526314,0.444549359142349,0.0010982701744629178
