name,type_cluster,scaffold,SSo,TUPOR_,TUPOR,SESY,ASER
DrugEx_RNN_epsilon_0.1_500k_4,dis,murcko,499906,4/98,0.04081632653061224,0.497401511484159,0.0017563301900757342
