name,type_cluster,scaffold,USo,SSo,TUPOR_,TUPOR,SESY,ASER,ASR,CwASo
DrugEx_RNN_epsilon_0.1_500k_4,dis,murcko,248684,499991,4/98,0.04081632653061224,0.49737695278515015,0.0017591206800864733,1.608492842206852e-05,878
