name,type_cluster,scaffold,USo,SSo,TUPOR_,TUPOR,SESY,ASER,ASR,CwASo
DrugEx_RNN_epsilon_0.1_500k_3,dis,murcko,222236,499935,3/76,0.039473684210526314,0.44452978887255346,0.0010993500018022131,1.3499345281753836e-05,549
