name,type_cluster,scaffold,SSo,TUPOR_,TUPOR,SESY,ASER
DrugEx_RNN_epsilon_0.1_500k_0,dis,murcko,499934,3/92,0.03260869565217391,0.3717250677089376,2.4003168418231205e-05
