name,type_cluster,scaffold,SSo,TUPOR_,TUPOR,SESY,ASER
DrugEx_RNN_epsilon_0.1_500k_1,dis,murcko,499837,2/34,0.058823529411764705,0.39833185618511635,0.00024007826551455776
