name,type_cluster,scaffold,USo,SSo,TUPOR_,TUPOR,SESY,ASER,ASR,CwASo
Molpher_500k_3,dis,csk,68400,500055,19/37,0.5135135135135135,0.13678495365509794,0.005962690935864862,0.0002778549597110308,2964
