name,type_cluster,scaffold,SSo,TUPOR_,TUPOR,SESY,ASER
Molpher_500k_4,dis,csk,500052,34/43,0.7906976744186046,0.15458192347995808,0.011774775423355971
