name,type_cluster,scaffold,SSo,TUPOR_,TUPOR,SESY,ASER
Molpher_500k_1,dis,csk,569738,14/23,0.6086956521739131,0.12750071085305878,0.0011338545085635855
