name,type_cluster,scaffold,USo,SSo,TUPOR_,TUPOR,SESY,ASER,ASR,CwASo
Molpher_500k_1,dis,csk,72642,569738,14/23,0.6086956521739131,0.12750071085305878,0.001135141593977775,0.00019276312166106735,646
