name,type_cluster,scaffold,SSo,TUPOR_,TUPOR,SESY,ASER
Molpher_500k_0,dis,csk,500147,15/40,0.375,0.12675873293251785,0.003652926039744315
