name,type_cluster,scaffold,USo,SSo,TUPOR_,TUPOR,SESY,ASER,ASR,CwASo
Molpher_500k_4,dis,csk,77299,500052,34/43,0.7906976744186046,0.15458192347995808,0.011915072728891623,0.00044004400440044003,5888
