name,type_cluster,scaffold,USo,SSo,TUPOR_,TUPOR,SESY,ASER,ASR,CwASo
Molpher_500k_0,dis,csk,63398,500147,15/40,0.375,0.12675873293251785,0.0036663188312730777,0.00023665651673161574,1827
