name,type_cluster,scaffold,USo,SSo,TUPOR_,TUPOR,SESY,ASER,CwASo
DrugEx_RNN_epsilon_0.1_62.5k_4,sim,csk,13989,62467,10/35,0.2857142857142857,0.22394224150351386,0.0022140576617625824,138
