name,type_cluster,scaffold,USo,SSo,TUPOR_,TUPOR,SESY,ASER,CwASo
DrugEx_RNN_epsilon_0.1_62.5k_3,sim,csk,15414,62460,10/35,0.2857142857142857,0.2467819404418828,0.0214227309893704,1310
