name,type_cluster,scaffold,SSo,TUPOR_,TUPOR,SESY,ASER
DrugEx_RNN_epsilon_0.1_62.5k_2,sim,csk,62369,4/37,0.10810810810810811,0.15583062098157738,0.03197101123955812
