name,type_cluster,scaffold,USo,SSo,TUPOR_,TUPOR,SESY,ASER,CwASo
DrugEx_RNN_epsilon_0.1_62.5k_2,sim,csk,9719,62369,4/37,0.10810810810810811,0.15583062098157738,0.03302691511387164,1994
