name,type_cluster,scaffold,SSo,TUPOR_,TUPOR,SESY,ASER
DrugEx_RNN_epsilon_0.1_62.5k_0,sim,csk,62475,15/38,0.39473684210526316,0.22863545418167266,0.022296918767507
