name,type_cluster,scaffold,USo,SSo,TUPOR_,TUPOR,SESY,ASER,CwASo
DrugEx_RNN_epsilon_0.1_62.5k_0,sim,csk,14284,62475,15/38,0.39473684210526316,0.22863545418167266,0.02280540912216365,1393
