name,type_cluster,scaffold,USo,SSo,TUPOR_,TUPOR,SESY,ASER,CwASo
DrugEx_GT_epsilon_0.1_250k_0,dis,murcko,185392.0,249764.0,23/106,0.2169811,0.7422687,0.0079746,1976.0
DrugEx_GT_epsilon_0.1_250k_1,dis,murcko,166097.0,249211.0,5/96,0.0520833,0.6664914,0.0001003,25.0
DrugEx_GT_epsilon_0.1_250k_2,dis,murcko,151311.0,249838.0,34/102,0.3333333,0.6056365,0.000709,177.0
DrugEx_GT_epsilon_0.1_250k_3,dis,murcko,150919.0,249815.0,6/62,0.0967742,0.6041231,0.0241804,5898.0
DrugEx_GT_epsilon_0.1_250k_4,dis,murcko,179701.0,249829.0,21/71,0.2957746,0.719296,0.0040108,998.0
DrugEx_GT_epsilon_0.1_250k_mean,dis,murcko,166684.0,249691.4,-,0.1989893,0.6675631,0.007395,1814.8
