name,type_cluster,scaffold,USo,SSo,TUPOR_,TUPOR,SESY,ASER,CwASo
DrugEx_GT_epsilon_0.1_250k_0,dis,murcko,185392,249764,23/106,0.2169811320754717,0.7422687016543618,0.007974558897121732,1976
