name,type_cluster,scaffold,SSo,TUPOR_,TUPOR,SESY,ASER
DrugEx_GT_epsilon_0.1_250k_1,dis,murcko,249211,5/96,0.052083333333333336,0.6664914470067533,0.0001003266636167361
