name,type_cluster,scaffold,SSo,TUPOR_,TUPOR,SESY,ASER
DrugEx_GT_epsilon_0.1_250k_0,dis,murcko,249764,23/106,0.2169811320754717,0.7422687016543618,0.007974558897121732
