name,type_cluster,scaffold,SSo,TUPOR_,TUPOR,SESY,ASER
DrugEx_GT_epsilon_0.1_250k_3,dis,murcko,249815,6/62,0.0967741935483871,0.6041230510577827,0.024180356432720967
