name,type_cluster,scaffold,SSo,TUPOR_,TUPOR,SESY,ASER
DrugEx_GT_epsilon_0.1_250k_4,dis,murcko,249829,21/71,0.29577464788732394,0.7192959984629487,0.00399473239695952
