name,type_cluster,scaffold,USo,SSo,TUPOR_,TUPOR,SESY,ASER,CwASo
DrugEx_GT_epsilon_0.1_250k_4,dis,murcko,179701,249829,21/71,0.29577464788732394,0.7192959984629487,0.004010754287046228,998
