name,type_cluster,scaffold,USo,SSo,TUPOR_,TUPOR,SESY,ASER,CwASo
DrugEx_GT_epsilon_0.1_250k_3,dis,murcko,150919,249815,6/62,0.0967741935483871,0.6041230510577827,0.024180356432720967,5898
