name,type_cluster,scaffold,SSo,TUPOR_,TUPOR,SESY,ASER
DrugEx_GT_epsilon_0.6_2,dis,murcko,915980,79/102,0.7745098039215687,0.5990938666783118,0.0025008345235554533
