name,type_cluster,scaffold,USo,SSo,TUPOR_,TUPOR,SESY,ASER,ACR,CwASo
DrugEx_GT_epsilon_0.6_2,dis,murcko,548758,915980,79/102,0.7745098039215687,0.5990938666783118,0.0025008345235554533,0.0001439821826605356,2285
