name,type_cluster,scaffold,SSo,TUPOR_,TUPOR,SESY,ASER
DrugEx_GT_epsilon_0.6_0,dis,murcko,903005,54/106,0.5094339622641509,0.6353397821717488,0.011469482450263288
