name,type_cluster,scaffold,USo,SSo,TUPOR_,TUPOR,SESY,ASER,ACR,CwASo
DrugEx_GT_epsilon_0.6_1,dis,murcko,490855,887477,14/96,0.14583333333333334,0.5530903899481339,0.0007645475468510903,2.8522474691397012e-05,678
