name,type_cluster,scaffold,USo,SSo,TUPOR_,TUPOR,SESY,ASER,ACR,CwASo
DrugEx_GT_epsilon_0.6_3,dis,murcko,541329,905089,18/62,0.2903225806451613,0.5980947730002243,0.012381154784009306,3.3252603401741326e-05,11069
