name,type_cluster,scaffold,USo,SSo,TUPOR_,TUPOR,SESY,ASER,ACR,CwASo
DrugEx_GT_epsilon_0.6_0,dis,murcko,573715,903005,54/106,0.5094339622641509,0.6353397821717488,0.011602557783135122,9.413224883685661e-05,10357
