name,type_cluster,scaffold,USo,SSo,TUPOR_,TUPOR,SESY,ASER,CwASo
GB_GA_mut_r_0.5_62.5k_0,sim,murcko,"31,939.0","62,493.0",8/115,0.0695652,0.5110812,0.0031623,197.0
GB_GA_mut_r_0.5_62.5k_1,sim,murcko,"33,467.0","62,500.0",11/100,0.11,0.535472,0.0031781,198.0
GB_GA_mut_r_0.5_62.5k_2,sim,murcko,"36,960.0","62,496.0",3/58,0.0517241,0.5913978,0.0036777,229.0
GB_GA_mut_r_0.5_62.5k_3,sim,murcko,"34,375.0","62,499.0",6/51,0.1176471,0.5500088,0.0052273,325.0
GB_GA_mut_r_0.5_62.5k_4,sim,murcko,"33,498.0","62,500.0",3/40,0.075,0.535968,0.0012496,78.0
GB_GA_mut_r_0.5_62.5k_mean,sim,murcko,"34,047.8","62,497.6",-,0.0847873,0.5447856,0.003299,205.4
