name,type_cluster,scaffold,SSo,TUPOR_,TUPOR,SESY,ASER
GB_GA_mut_r_0.5_62.5k_2,sim,murcko,59571,15/58,0.25862068965517243,0.39193567339812996,0.001477228852965369
