name,type_cluster,scaffold,USo,SSo,TUPOR_,TUPOR,SESY,ASER,CwASo
GB_GA_mut_r_0.5_62.5k_2,sim,murcko,36960,62496,3/58,0.05172413793103448,0.5913978494623656,0.0036777105047617518,229
