name,type_cluster,scaffold,SSo,TUPOR_,TUPOR,SESY,ASER
GB_GA_mut_r_0.5_62.5k_0,sim,murcko,59748,39/115,0.3391304347826087,0.44034946776461137,0.022561424650197497
