name,type_cluster,scaffold,SSo,TUPOR_,TUPOR,SESY,ASER
GB_GA_mut_r_0.5_62.5k_3,sim,murcko,59416,19/51,0.37254901960784315,0.39573515551366634,0.0038541806920694764
