name,type_cluster,scaffold,SSo,TUPOR_,TUPOR,SESY,ASER
GB_GA_mut_r_0.5_62.5k_3,sim,murcko,62499,6/51,0.11764705882352941,0.5500088001408022,0.005200083201331221
