name,type_cluster,scaffold,USo,SSo,TUPOR_,TUPOR,SESY,ASER,CwASo
GB_GA_mut_r_0.5_62.5k_0,sim,murcko,31939,62493,8/115,0.06956521739130435,0.5110812410990031,0.0031623218184153074,197
