name,type_cluster,scaffold,SSo,TUPOR_,TUPOR,SESY,ASER
DrugEx_RNN_epsilon_0.6_62.5k_3,sim,csk,61202,27/42,0.6428571428571429,0.1833600209143492,0.04619130093787785
