name,type_cluster,scaffold,USo,SSo,TUPOR_,TUPOR,SESY,ASER,CwASo
DrugEx_RNN_epsilon_0.6_62.5k_4,sim,csk,11438,61195,26/42,0.6190476190476191,0.18691069531824495,0.005537480692760196,337
