name,type_cluster,scaffold,USo,SSo,TUPOR_,TUPOR,SESY,ASER,CwASo
DrugEx_RNN_epsilon_0.6_62.5k_0,sim,csk,16106,61741,42/46,0.9130434782608695,0.2608639315851703,0.12789550602849836,7001
