name,type_cluster,scaffold,USo,SSo,TUPOR_,TUPOR,SESY,ASER,CwASo
DrugEx_RNN_epsilon_0.6_62.5k_2,sim,csk,14773,61846,33/42,0.7857142857142857,0.2388675096206707,0.025859638064591038,1559
