name,type_cluster,scaffold,USo,SSo,TUPOR_,TUPOR,SESY,ASER,CwASo
DrugEx_RNN_epsilon_0.6_62.5k_3,sim,csk,11222,61202,27/42,0.6428571428571429,0.1833600209143492,0.048428265524625265,2827
