name,type_cluster,scaffold,SSo,TUPOR_,TUPOR,SESY,ASER
GB_GA_log_p_mut_r_0.01_125k_4,dis,murcko,105898,6/71,0.08450704225352113,0.25717199569396965,0.02255944399327655
