name,type_cluster,scaffold,USo,SSo,TUPOR_,TUPOR,SESY,ASER,ACR,CwASo
DrugEx_RNN_epsilon_0.1_10k_0,sim,murcko,"7,212.0","9,811.0",16/172,0.0930233,0.7350933,0.0922957,0.0022235,829.0
DrugEx_RNN_epsilon_0.1_10k_1,sim,murcko,"7,189.0","9,791.0",2/93,0.0215054,0.7342457,0.0041021,0.0002783,40.0
DrugEx_RNN_epsilon_0.1_10k_2,sim,murcko,"6,882.0","9,898.0",2/65,0.0307692,0.695292,0.0025322,0.0002907,25.0
DrugEx_RNN_epsilon_0.1_10k_3,sim,murcko,"6,921.0","9,875.0",2/57,0.0350877,0.7008608,0.0022328,0.0002891,22.0
DrugEx_RNN_epsilon_0.1_10k_4,sim,murcko,"5,840.0","9,525.0",0/50,0.0,0.6131234,0.0,0.0,0.0
DrugEx_RNN_epsilon_0.1_10k_mean,sim,murcko,"6,808.8","9,780.0",-,0.0360771,0.695723,0.0202326,0.0006163,183.2
