name,type_cluster,scaffold,SSo,TUPOR_,TUPOR,SESY,ASER
REINVENT_500k_0,dis,murcko,"496,991.0",5/92,0.0543478,0.5904352,5.63e-05
REINVENT_500k_1,dis,murcko,"493,596.0",3/34,0.0882353,0.6087408,1.42e-05
REINVENT_500k_2,dis,murcko,"497,692.0",1/64,0.015625,0.6334179,2e-06
REINVENT_500k_3,dis,murcko,"485,627.0",20/76,0.2631579,0.6200397,0.0025678
REINVENT_500k_4,dis,murcko,"493,948.0",3/98,0.0306122,0.5561132,0.0001296
REINVENT_500k_mean,dis,murcko,"493,570.8",-,0.0903957,0.6017493,0.000554
