name,type_cluster,scaffold,USo,SSo,TUPOR_,TUPOR,SESY,ASER,ASR,CwASo
REINVENT_500k_0,dis,murcko,348764.0,495479.0,7/92,0.076087,0.7038926,0.000323,2.01e-05,160.0
REINVENT_500k_1,dis,murcko,339422.0,496750.0,3/34,0.0882353,0.6832854,4.43e-05,8.8e-06,22.0
REINVENT_500k_2,dis,murcko,356340.0,496541.0,5/64,0.078125,0.7176447,0.0001047,1.4e-05,52.0
REINVENT_500k_3,dis,murcko,320798.0,496023.0,6/76,0.0789474,0.6467402,0.0001774,1.87e-05,88.0
REINVENT_500k_4,dis,murcko,337021.0,496191.0,13/98,0.1326531,0.6792163,0.000377,3.86e-05,187.0
REINVENT_500k_mean,dis,murcko,340469.0,496196.8,-,0.0908095,0.6861558,0.0002053,2e-05,101.8
