name,type_cluster,scaffold,USo,SSo,TUPOR_,TUPOR,SESY,ASER,ACR,CwASo
REINVENT_500k_4,dis,murcko,274691,493948,3/98,0.030612244897959183,0.5561131941014034,0.0001295850847567445,1.0921481826654241e-05,64
