name,type_cluster,scaffold,SSo,TUPOR_,TUPOR,SESY,ASER
REINVENT_500k_0,dis,murcko,496991,5/92,0.05434782608695652,0.5904352392699265,5.633904839323046e-05
