name,type_cluster,scaffold,SSo,TUPOR_,TUPOR,SESY,ASER
REINVENT_500k_3,dis,murcko,485627,20/76,0.2631578947368421,0.620039660068324,0.0025678143925275984
