name,type_cluster,scaffold,USo,SSo,TUPOR_,TUPOR,SESY,ASER,ACR,CwASo
REINVENT_500k_1,dis,murcko,300472,493596,3/34,0.08823529411764706,0.6087407515457985,1.4181839546667368e-05,9.984391068629377e-06,7
