name,type_cluster,scaffold,SSo,TUPOR_,TUPOR,SESY,ASER
REINVENT_500k_4,dis,murcko,493948,3/98,0.030612244897959183,0.5561131941014034,0.000129568294638302
