name,type_cluster,scaffold,USo,SSo,TUPOR_,TUPOR,SESY,ASER,ACR,CwASo
REINVENT_500k_2,dis,murcko,315247,497692,1/64,0.015625,0.6334178568271139,2.009278849728044e-06,3.172125895332534e-06,1
