name,type_cluster,scaffold,USo,SSo,TUPOR_,TUPOR,SESY,ASER,ASR,CwASo
REINVENT_500k_1,dis,murcko,339422,496750,3/34,0.08823529411764706,0.6832853548062405,4.428983266495949e-05,8.838633075932696e-06,22
