name,type_cluster,scaffold,USo,SSo,TUPOR_,TUPOR,SESY,ASER,ASR,CwASo
REINVENT_500k_4,dis,murcko,337021,496191,13/98,0.1326530612244898,0.6792162695413662,0.00037701308860412414,3.8574751934672175e-05,187
