name,type_cluster,scaffold,USo,SSo,TUPOR_,TUPOR,SESY,ASER,ASR,CwASo
REINVENT_500k_2,dis,murcko,356340,496541,5/64,0.078125,0.7176446657979905,0.00010473545234637625,1.4031739795417234e-05,52
