name,type_cluster,scaffold,USo,SSo,TUPOR_,TUPOR,SESY,ASER,ACR,CwASo
REINVENT_500k_0,dis,murcko,293441,496991,5/92,0.05434782608695652,0.5904352392699265,5.634222266043951e-05,1.703949072370125e-05,28
