name,type_cluster,scaffold,USo,SSo,TUPOR_,TUPOR,SESY,ASER,ASR,CwASo
REINVENT_500k_3,dis,murcko,320798,496023,6/76,0.07894736842105263,0.6467401713227008,0.00017744260840634357,1.8703708321903288e-05,88
