name,type_cluster,scaffold,USo,SSo,TUPOR_,TUPOR,SESY,ASER,ACR,CwASo
REINVENT_500k_3,dis,murcko,301108,485627,20/76,0.2631578947368421,0.620039660068324,0.0025744250381931543,6.642576256775428e-05,1247
