name,type_cluster,scaffold,USo,SSo,TUPOR_,TUPOR,SESY,ASER,ASR,CwASo
REINVENT_500k_0,dis,murcko,348764,495479,7/92,0.07608695652173914,0.7038925968608155,0.00032302415211207325,2.0071281723377596e-05,160
