name,type_cluster,scaffold,SSo,TUPOR_,TUPOR,SESY,ASER
REINVENT_500k_1,dis,murcko,493596,3/34,0.08823529411764706,0.6087407515457985,1.4181638424946718e-05
