name,type_cluster,scaffold,USo,SSo,TUPOR_,TUPOR,SESY,ASER,ACR,CwASo
DrugEx_GT_epsilon_0.6_0,dis,csk,"258,791.0","902,851.0",32/42,0.7619048,0.2866376,0.0279189,0.0001237,"24,522.0"
DrugEx_GT_epsilon_0.6_1,dis,csk,"213,790.0","887,383.0",28/41,0.6829268,0.2409219,0.0061614,0.000131,"5,434.0"
DrugEx_GT_epsilon_0.6_2,dis,csk,"230,542.0","915,901.0",41/45,0.9111111,0.2517106,0.014325,0.0001779,"12,935.0"
DrugEx_GT_epsilon_0.6_3,dis,csk,"230,059.0","905,004.0",37/47,0.787234,0.2542077,0.0304124,0.0001609,"26,711.0"
DrugEx_GT_epsilon_0.6_4,dis,csk,"226,190.0","883,064.0",31/41,0.7560976,0.2561423,0.0191324,0.0001371,"16,578.0"
DrugEx_GT_epsilon_0.6_mean,dis,csk,"231,874.4","898,840.6",-,0.7798549,0.257924,0.01959,0.0001461,"17,236.0"
