name,type_cluster,scaffold,USo,SSo,TUPOR_,TUPOR,SESY,ASER,ACR,CwASo
DrugEx_GT_epsilon_0.6_1,dis,csk,213790,887383,28/41,0.6829268292682927,0.24092190181691558,0.0061613540011950805,0.00013098679840196106,5434
