name,type_cluster,scaffold,USo,SSo,TUPOR_,TUPOR,SESY,ASER,ACR,CwASo
DrugEx_GT_epsilon_0.6_3,dis,csk,230059,905004,37/47,0.7872340425531915,0.25420771620898913,0.030412402239343817,0.00016085417916547113,26711
