name,type_cluster,scaffold,USo,SSo,TUPOR_,TUPOR,SESY,ASER,ACR,CwASo
DrugEx_GT_epsilon_0.6_4,dis,csk,226190,883064,31/41,0.7560975609756098,0.25614225016533343,0.01913244991840607,0.0001370717061890086,16578
