name,type_cluster,scaffold,USo,SSo,TUPOR_,TUPOR,SESY,ASER,ACR,CwASo
DrugEx_GT_epsilon_0.6_2,dis,csk,230542,915901,41/45,0.9111111111111111,0.2517106106446002,0.014325013344909997,0.00017787341486587911,12935
