name,type_cluster,scaffold,SSo,TUPOR_,TUPOR,SESY,ASER
DrugEx_GT_epsilon_0.6_3,dis,csk,905004,37/47,0.7872340425531915,0.25420771620898913,0.030412402239343817
