name,type_cluster,scaffold,SSo,TUPOR_,TUPOR,SESY,ASER
DrugEx_GT_epsilon_0.6_1,dis,csk,887383,28/41,0.6829268292682927,0.24092190181691558,0.006123624184822112
