name,type_cluster,scaffold,SSo,TUPOR_,TUPOR,SESY,ASER
DrugEx_GT_epsilon_0.6_2,dis,csk,915901,41/45,0.9111111111111111,0.2517106106446002,0.014122705401566326
