name,type_cluster,scaffold,USo,SSo,TUPOR_,TUPOR,SESY,ASER,ACR,CwASo
DrugEx_GT_epsilon_0.6_0,dis,csk,258791,902851,32/42,0.7619047619047619,0.28663755148966996,0.027918923319166282,0.00012366719611685005,24522
