name,type_cluster,scaffold,USo,SSo,TUPOR_,TUPOR,SESY,ASER,ACR,CwASo
DrugEx_RNN_epsilon_0.1_10k_0,sim,csk,2517.0,9746.0,21/46,0.4565217,0.2582598,0.214001,0.0084135,1718.0
DrugEx_RNN_epsilon_0.1_10k_1,sim,csk,2354.0,9787.0,14/44,0.3181818,0.2405231,0.0439467,0.0059829,412.0
DrugEx_RNN_epsilon_0.1_10k_2,sim,csk,2768.0,9841.0,14/42,0.3333333,0.2812722,0.0269227,0.0050835,258.0
DrugEx_RNN_epsilon_0.1_10k_3,sim,csk,2319.0,9863.0,9/42,0.2142857,0.2351212,0.0458064,0.0038961,432.0
DrugEx_RNN_epsilon_0.1_10k_4,sim,csk,1845.0,9512.0,3/42,0.0714286,0.1939655,0.0028466,0.0016287,27.0
DrugEx_RNN_epsilon_0.1_10k_mean,sim,csk,2360.6,9749.8,-,0.2787502,0.2418284,0.0667047,0.0050009,569.4
