name,type_cluster,scaffold,USo,SSo,TUPOR_,TUPOR,SESY,ASER,ACR,CwASo
DrugEx_RNN_epsilon_0.1_10k_2,sim,csk,2768,9841,14/42,0.3333333333333333,0.2812722284320699,0.02692267557132422,0.005083514887436456,258
