name,type_cluster,scaffold,SSo,TUPOR_,TUPOR,SESY,ASER
Molpher_250k_2,sim,csk,250101,20/37,0.5405405405405406,0.1555251678321958,0.01316268227636035
