name,type_cluster,scaffold,SSo,TUPOR_,TUPOR,SESY,ASER
Molpher_250k_4,sim,csk,250229,18/35,0.5142857142857142,0.15434262215810318,0.003528767648833668
