name,type_cluster,scaffold,SSo,TUPOR_,TUPOR,SESY,ASER
Molpher_250k_1,sim,csk,250030,24/38,0.631578947368421,0.15395752509698837,0.023325200975882893
