name,type_cluster,scaffold,USo,SSo,TUPOR_,TUPOR,SESY,ASER,CwASo
Molpher_250k_2,sim,csk,38897,250101,20/37,0.5405405405405406,0.1555251678321958,0.013338249415539951,3292
