name,type_cluster,scaffold,USo,SSo,TUPOR_,TUPOR,SESY,ASER,CwASo
Molpher_250k_1,sim,csk,38494,250030,24/38,0.631578947368421,0.15395752509698837,0.0238822594779646,5832
