name,type_cluster,scaffold,USo,SSo,TUPOR_,TUPOR,SESY,ASER,CwASo
Molpher_250k_3,sim,csk,38003,250056,22/35,0.6285714285714286,0.15197795693764596,0.013994039050303116,3451
