name,type_cluster,scaffold,USo,SSo,TUPOR_,TUPOR,SESY,ASER,CwASo
Molpher_250k_4,sim,csk,38621,250229,18/35,0.5142857142857142,0.15434262215810318,0.003541263946484002,883
