name,type_cluster,scaffold,SSo,TUPOR_,TUPOR,SESY,ASER
Molpher_250k_3,sim,csk,250056,22/35,0.6285714285714286,0.15197795693764596,0.01380090859647439
