name,type_cluster,scaffold,USo,SSo,TUPOR_,TUPOR,SESY,ASER,ACR,CwASo
DrugEx_GT_epsilon_0.6_100k_0,sim,murcko,"81,179.0","99,658.0",94/172,0.5465116,0.8145758,0.029578,0.0011593,"2,863.0"
DrugEx_GT_epsilon_0.6_100k_1,sim,murcko,"68,758.0","99,624.0",50/93,0.5376344,0.6901751,0.0054905,0.0007277,544.0
DrugEx_GT_epsilon_0.6_100k_2,sim,murcko,"70,114.0","98,935.0",37/65,0.5692308,0.7086875,0.0045692,0.000528,450.0
DrugEx_GT_epsilon_0.6_100k_3,sim,murcko,"74,328.0","99,787.0",25/57,0.4385965,0.7448666,0.0023807,0.0003365,237.0
DrugEx_GT_epsilon_0.6_100k_4,sim,murcko,"69,734.0","99,753.0",15/50,0.3,0.6990667,0.0004313,0.0002151,43.0
DrugEx_GT_epsilon_0.6_100k_mean,sim,murcko,"72,822.6","99,551.4",-,0.4783947,0.7314743,0.0084899,0.0005933,827.4
