name,type_cluster,scaffold,SSo,TUPOR_,TUPOR,SESY,ASER
DrugEx_GT_epsilon_0.6_500k_0,sim,csk,"499,918.0",36/38,0.9473684,0.3834929,0.0170928
DrugEx_GT_epsilon_0.6_500k_1,sim,csk,"499,921.0",31/38,0.8157895,0.3234371,0.0291266
DrugEx_GT_epsilon_0.6_500k_2,sim,csk,"499,798.0",29/37,0.7837838,0.3275643,0.0114386
DrugEx_GT_epsilon_0.6_500k_3,sim,csk,"499,301.0",32/35,0.9142857,0.301894,0.0197797
DrugEx_GT_epsilon_0.6_500k_4,sim,csk,"499,789.0",29/35,0.8285714,0.3196289,0.0083275
DrugEx_GT_epsilon_0.6_500k_mean,sim,csk,"499,745.4",-,0.8579598,0.3312035,0.017153
