name,type_cluster,scaffold,USo,SSo,TUPOR_,TUPOR,SESY,ASER,ASR,CwASo
DrugEx_GT_epsilon_0.6_500k_4,sim,csk,159747,499789,29/35,0.8285714285714286,0.3196288833887901,0.00839744404562302,0.0001815700171552361,4162
