name,type_cluster,scaffold,USo,SSo,TUPOR_,TUPOR,SESY,ASER,ASR,CwASo
DrugEx_GT_epsilon_0.6_500k_0,sim,csk,191715,499918,36/38,0.9473684210526315,0.38349289283442484,0.017390047886228995,0.00018781400153381435,8545
