name,type_cluster,scaffold,SSo,TUPOR_,TUPOR,SESY,ASER
DrugEx_GT_epsilon_0.6_500k_2,sim,csk,499798,29/37,0.7837837837837838,0.3275643359917407,0.011438621202965998
