name,type_cluster,scaffold,SSo,TUPOR_,TUPOR,SESY,ASER
DrugEx_GT_epsilon_0.6_500k_4,sim,csk,499789,29/35,0.8285714285714286,0.3196288833887901,0.00832751421099704
