name,type_cluster,scaffold,SSo,TUPOR_,TUPOR,SESY,ASER
DrugEx_GT_epsilon_0.6_500k_1,sim,csk,499921,31/38,0.8157894736842105,0.32343710306228385,0.02912660200311649
