name,type_cluster,scaffold,USo,SSo,TUPOR_,TUPOR,SESY,ASER,ACR,CwASo
DrugEx_GT_epsilon_0.6_500k_2,sim,csk,163716,499798,29/37,0.7837837837837838,0.3275643359917407,0.011570977228430156,0.00017716739875494084,5717
