name,type_cluster,scaffold,USo,SSo,TUPOR_,TUPOR,SESY,ASER,CwASo
GB_GA_mut_r_0.5_125k_0,sim,csk,"31,139.0","124,993.0",29/46,0.6304348,0.249126,0.0521119,"6,191.0"
GB_GA_mut_r_0.5_125k_1,sim,csk,"7,794.0","95,198.0",18/44,0.4090909,0.0818715,0.0128309,"1,206.0"
GB_GA_mut_r_0.5_125k_2,sim,csk,"8,948.0","97,762.0",19/42,0.452381,0.0915284,0.0265451,"2,528.0"
GB_GA_mut_r_0.5_125k_3,sim,csk,"10,079.0","101,585.0",11/42,0.2619048,0.0992174,0.0478622,"4,640.0"
GB_GA_mut_r_0.5_125k_4,sim,csk,"9,101.0","98,808.0",13/42,0.3095238,0.0921079,0.0009015,89.0
GB_GA_mut_r_0.5_125k_mean,sim,csk,"13,412.2","103,669.2",-,0.412667,0.1227702,0.0280503,"2,930.8"
