name,type_cluster,scaffold,USo,SSo,TUPOR_,TUPOR,SESY,ASER,CwASo
GB_GA_mut_r_0.5_125k_0,sim,csk,8247.0,113489.0,36/46,0.7826087,0.0726678,0.3755575,30985.0
GB_GA_mut_r_0.5_125k_1,sim,csk,4838.0,105848.0,29/44,0.6590909,0.0457071,0.0182882,1901.0
GB_GA_mut_r_0.5_125k_2,sim,csk,4757.0,106360.0,26/42,0.6190476,0.0447255,0.0367684,3772.0
GB_GA_mut_r_0.5_125k_3,sim,csk,5078.0,107230.0,20/42,0.4761905,0.0473562,0.0933023,9151.0
GB_GA_mut_r_0.5_125k_4,sim,csk,5060.0,107250.0,16/42,0.3809524,0.0471795,0.0034712,371.0
GB_GA_mut_r_0.5_125k_mean,sim,csk,5596.0,108035.4,-,0.583578,0.0515272,0.1054775,9236.0
