name,type_cluster,scaffold,SSo,TUPOR_,TUPOR,SESY,ASER
GB_GA_mut_r_0.5_125k_1,sim,csk,115947,30/44,0.6818181818181818,0.06523670297635989,0.023571114388470593
