name,type_cluster,scaffold,SSo,TUPOR_,TUPOR,SESY,ASER
GB_GA_mut_r_0.5_125k_0,sim,csk,117523,41/46,0.8913043478260869,0.11528807127115544,0.1777184040570782
