name,type_cluster,scaffold,USo,SSo,TUPOR_,TUPOR,SESY,ASER,CwASo
GB_GA_mut_r_0.5_125k_0,sim,csk,31139,124993,29/46,0.6304347826086957,0.249125951053259,0.052111917307789433,6191
