name,type_cluster,scaffold,USo,SSo,TUPOR_,TUPOR,SESY,ASER,CwASo
GB_GA_mut_r_0.5_125k_3,sim,csk,5078,107230,20/42,0.47619047619047616,0.047356150331064065,0.09330233791127561,9151
