name,type_cluster,scaffold,SSo,TUPOR_,TUPOR,SESY,ASER
GB_GA_mut_r_0.5_125k_2,sim,csk,97762,19/42,0.4523809523809524,0.09152840572001392,0.026545141441081967
