name,type_cluster,scaffold,SSo,TUPOR_,TUPOR,SESY,ASER
GB_GA_mut_r_0.5_125k_4,sim,csk,115881,28/42,0.6666666666666666,0.06904496854531804,0.007826994934458625
