name,type_cluster,scaffold,USo,SSo,TUPOR_,TUPOR,SESY,ASER,CwASo
GB_GA_mut_r_0.5_125k_1,sim,csk,4838,105848,29/44,0.6590909090909091,0.04570705162119265,0.018288166084639287,1901
