name,type_cluster,scaffold,USo,SSo,TUPOR_,TUPOR,SESY,ASER,CwASo
GB_GA_mut_r_0.5_125k_1,sim,csk,7794,95198,18/44,0.4090909090909091,0.08187146788798084,0.012830879223763724,1206
