name,type_cluster,scaffold,USo,SSo,TUPOR_,TUPOR,SESY,ASER,CwASo
GB_GA_mut_r_0.5_125k_4,sim,csk,5060,107250,16/42,0.38095238095238093,0.04717948717948718,0.003471215112416845,371
