name,type_cluster,scaffold,SSo,TUPOR_,TUPOR,SESY,ASER
GB_GA_mut_r_0.5_125k_1,sim,csk,95198,18/44,0.4090909090909091,0.08187146788798084,0.012668333368348075
