name,type_cluster,scaffold,SSo,TUPOR_,TUPOR,SESY,ASER
GB_GA_mut_r_0.5_125k_2,sim,csk,115622,33/42,0.7857142857142857,0.06800608880662849,0.04355572468907301
