name,type_cluster,scaffold,SSo,TUPOR_,TUPOR,SESY,ASER
GB_GA_mut_r_0.5_125k_3,sim,csk,115970,26/42,0.6190476190476191,0.06888850564801241,0.06878503061136501
