name,type_cluster,scaffold,SSo,TUPOR_,TUPOR,SESY,ASER
GB_GA_mut_r_0.5_125k_0,sim,csk,124993,29/46,0.6304347826086957,0.249125951053259,0.052111917307789433
