name,type_cluster,scaffold,USo,SSo,TUPOR_,TUPOR,SESY,ASER,CwASo
GB_GA_mut_r_0.5_125k_4,sim,csk,9101,98808,13/42,0.30952380952380953,0.09210792648368553,0.00090154884064871,89
