name,type_cluster,scaffold,USo,SSo,TUPOR_,TUPOR,SESY,ASER,CwASo
GB_GA_mut_r_0.5_125k_2,sim,csk,4757,106360,26/42,0.6190476190476191,0.044725460699511096,0.03676843295512146,3772
