name,type_cluster,scaffold,USo,SSo,TUPOR_,TUPOR,SESY,ASER,CwASo
GB_GA_mut_r_0.5_125k_3,sim,csk,10079,101585,11/42,0.2619047619047619,0.09921740414431264,0.047862189901490534,4640
