name,type_cluster,scaffold,USo,SSo,TUPOR_,TUPOR,SESY,ASER,CwASo
REINVENT_125k_0,sim,murcko,"93,746.0","123,527.0",27/172,0.1569767,0.758911,0.0049545,609.0
REINVENT_125k_1,sim,murcko,"92,516.0","123,663.0",16/93,0.172043,0.74813,0.0002265,28.0
REINVENT_125k_2,sim,murcko,"90,213.0","123,883.0",7/65,0.1076923,0.7282113,0.0001615,20.0
REINVENT_125k_3,sim,murcko,"98,936.0","123,694.0",14/57,0.245614,0.7998448,0.0006634,82.0
REINVENT_125k_4,sim,murcko,"89,399.0","123,634.0",2/50,0.04,0.723094,0.0001537,19.0
REINVENT_125k_mean,sim,murcko,"92,962.0","123,680.2",-,0.1444652,0.7516382,0.0012319,151.6
