name,type_cluster,scaffold,USo,SSo,TUPOR_,TUPOR,SESY,ASER,CwASo
REINVENT_125k_0,sim,murcko,93746,123527,27/172,0.1569767441860465,0.7589110073101427,0.004954522527213264,609
