name,type_cluster,scaffold,USo,SSo,TUPOR_,TUPOR,SESY,ASER,CwASo
REINVENT_125k_3,sim,murcko,98936,123694,14/57,0.24561403508771928,0.7998447782430838,0.0006633660162443776,82
