name,type_cluster,scaffold,SSo,TUPOR_,TUPOR,SESY,ASER
REINVENT_125k_2,sim,murcko,123883,7/65,0.1076923076923077,0.7282112961423278,0.00016146871947232021
