name,type_cluster,scaffold,USo,SSo,TUPOR_,TUPOR,SESY,ASER,CwASo
REINVENT_125k_1,sim,murcko,92516,123663,16/93,0.17204301075268819,0.7481299984635663,0.00022647308610021435,28
