name,type_cluster,scaffold,USo,SSo,TUPOR_,TUPOR,SESY,ASER,CwASo
REINVENT_125k_2,sim,murcko,90213,123883,7/65,0.1076923076923077,0.7282112961423278,0.00016146871947232021,20
