name,type_cluster,scaffold,SSo,TUPOR_,TUPOR,SESY,ASER
REINVENT_125k_0,sim,murcko,123527,27/172,0.1569767441860465,0.7589110073101427,0.004954522527213264
