name,type_cluster,scaffold,SSo,TUPOR_,TUPOR,SESY,ASER
REINVENT_125k_3,sim,murcko,123694,14/57,0.24561403508771928,0.7998447782430838,0.0006629262534965318
