name,type_cluster,scaffold,SSo,TUPOR_,TUPOR,SESY,ASER
REINVENT_125k_1,sim,murcko,123663,16/93,0.17204301075268819,0.7481299984635663,0.0002264218076546744
