name,type_cluster,scaffold,USo,SSo,TUPOR,SESY,ASER,ACR,CwASo
Molpher_10k_mean,sim,csk,0.315325338937652,1.0,0.33783314027141453,0.3089155228670143,0.07698043252598888,0.1992619926199262,0.11247575953458308
REINVENT_10k_mean,sim,csk,0.6845510363868629,0.8582924168030557,0.11552017171664586,0.6894035745501599,0.0,0.0,0.0
DrugEx_GT_epsilon_0.1_10k_mean,sim,csk,0.8552767132319611,0.9245771958537912,0.5981934068270164,0.851110868491598,0.10666722777213072,0.06416690320749363,0.15352294764059468
DrugEx_GT_epsilon_0.6_10k_mean,sim,csk,1.0000000000000002,0.8951172940534651,0.9999999999999999,1.0,0.16283172662941786,0.1042577348850412,0.2307692307692308
DrugEx_RNN_epsilon_0.1_10k_mean,sim,csk,0.33452837186302387,0.759547190398254,0.26036026655560185,0.3443912525059398,0.5978017614395377,0.14667045131989784,0.7420814479638009
DrugEx_RNN_epsilon_0.6_10k_mean,sim,csk,0.5173692669056744,0.8248772504091662,0.9741245509683464,0.5244528719447608,0.39309861860150935,0.2718081180811809,0.5239172592113769
GB_GA_mut_r_0.01_10k_mean,sim,csk,0.4204063131000948,0.3359247135842889,0.0,0.4559617247461593,0.05194865453384004,0.048765256883338076,0.055591467356173235
GB_GA_mut_r_0.5_10k_mean,sim,csk,0.06580953558330244,0.0,0.39609065884006667,0.09864517940859513,1.0,0.6335452739142776,1.0
addcarbon_10k_mean,sim,csk,0.0,0.9301691216584835,0.41413191552131046,0.0,0.02008218036950951,1.0000000000000002,0.030381383322559796
