name,type_cluster,scaffold,USo,SSo,TUPOR,SESY,ASER,ACR,CwASo
Molpher_mean,sim,csk,0.8861605620353319,0.9999999999999999,0.8890877936163895,0.48341757681766223,0.02326410789347806,0.0002888841083008072,0.1989279585736028
REINVENT_mean,sim,csk,0.33022859842312813,0.0,0.5408434336719083,0.41565245469139034,0.0,0.011666000799041152,0.0
DrugEx_GT_epsilon_0.1_mean,sim,csk,0.727036792834942,0.17509250841858603,0.822512889739619,0.7409773009336412,0.10972218106699742,0.0024585881557515586,0.16159144792291974
DrugEx_GT_epsilon_0.6_mean,sim,csk,0.9999999999999999,0.19662680375411323,1.0,1.0000000000000002,0.17541685539276902,0.0,0.24524766703654527
DrugEx_RNN_epsilon_0.1_mean,sim,csk,0.3020847280220219,0.23333440032778052,0.5651634382954067,0.288333463409558,0.592012970245478,0.014308983066474077,0.7010320217803891
DrugEx_RNN_epsilon_0.6_mean,sim,csk,0.4256434093643925,0.18624921575908115,0.9322373983603041,0.4302638404928818,0.3976677686860007,0.012495774301607303,0.49414561087564207
GB_GA_mut_r_0.01_mean,sim,csk,0.300958872156835,0.20189071416072335,0.22743552569708658,0.2898614764722716,0.07237663662570427,0.013184178985217739,0.12195683941813862
GB_GA_mut_r_0.5_mean,sim,csk,0.08208306071116703,0.14960819963892902,0.686265081923529,0.08635110174562294,1.0,0.08727987952918037,1.0
addcarbon_mean,sim,csk,0.0,0.29453869562062784,0.0,0.0,0.024831416440548107,1.0,0.0774107289032798
