name,type_cluster,scaffold,SSo,TUPOR_,TUPOR,SESY,ASER
Molpher_62.5k_mean,sim,csk,62641.0,-,0.6216733,0.2032871,0.0123173
REINVENT_62.5k_mean,sim,csk,61840.2,-,0.4103896,0.2442035,0.0108049
DrugEx_GT_epsilon_0.1_62.5k_mean,sim,csk,62436.8,-,0.5976473,0.3457286,0.0212477
DrugEx_GT_epsilon_0.6_62.5k_mean,sim,csk,62205.8,-,0.7477226,0.4206025,0.027119
DrugEx_RNN_epsilon_0.1_62.5k_mean,sim,csk,61029.8,-,0.4503482,0.154924,0.0658273
DrugEx_RNN_epsilon_0.6_62.5k_mean,sim,csk,61507.0,-,0.746678,0.2170282,0.0480046
GB_GA_mut_r_0.01_62.5k_mean,sim,csk,57020.8,-,0.270271,0.1867296,0.0172175
GB_GA_mut_r_0.5_62.5k_mean,sim,csk,51823.4,-,0.3385658,0.1515756,0.0276575
addcarbon_62.5k_mean,sim,csk,62500.0,-,0.3497459,0.0147968,0.0130266
