name,type_cluster,scaffold,USo,SSo,TUPOR,SESY,ASER,ACR,CwASo
Molpher_10k_mean,sim,csk,2267.4,10102.4,0.3073217,0.2245095,0.018438,0.0059273,179.8
REINVENT_10k_mean,sim,csk,4059.4,9894.6,0.2253341,0.41026,0.0113039,0.0024173,110.2
DrugEx_GT_epsilon_0.1_10k_mean,sim,csk,4888.0,9991.8,0.4033409,0.4892039,0.0211892,0.0035476,205.2
DrugEx_GT_epsilon_0.6_10k_mean,sim,csk,5590.4,9948.6,0.5515246,0.5618901,0.0263942,0.0042538,253.0
DrugEx_RNN_epsilon_0.1_10k_mean,sim,csk,2360.6,9749.8,0.2787502,0.2418284,0.0667047,0.0050009,569.4
DrugEx_RNN_epsilon_0.6_10k_mean,sim,csk,3248.0,9845.6,0.5419819,0.3297327,0.047734,0.0072052,434.4
GB_GA_mut_r_0.01_10k_mean,sim,csk,2777.4,9128.6,0.182731,0.296296,0.0161182,0.0032763,144.6
GB_GA_mut_r_0.5_10k_mean,sim,csk,1056.4,8636.0,0.3288067,0.1218576,0.1039781,0.0135772,729.0
addcarbon_10k_mean,sim,csk,737.0,10000.0,0.3354602,0.0737,0.013165,0.0200323,129.0
