name,type_cluster,scaffold,USo,SSo,TUPOR,SESY,ASER,ACR,CwASo
Molpher_100k_mean,sim,csk,19333.8,100084.8,0.6910126,0.1931785,0.0118375,0.0015451,1163.6
REINVENT_100k_mean,sim,csk,20852.4,98935.8,0.4561359,0.2107681,0.0106283,0.0009504,1037.0
DrugEx_GT_epsilon_0.1_100k_mean,sim,csk,31387.8,99904.4,0.6442029,0.3141688,0.0210278,0.0009013,2037.4
DrugEx_GT_epsilon_0.6_100k_mean,sim,csk,38749.6,99537.6,0.7936665,0.3892676,0.0269859,0.0008943,2582.6
DrugEx_RNN_epsilon_0.1_100k_mean,sim,csk,13423.4,97638.8,0.4872012,0.1373122,0.0658153,0.0015611,5634.2
DrugEx_RNN_epsilon_0.6_100k_mean,sim,csk,19126.2,98413.0,0.7657256,0.1942326,0.0480122,0.0017359,4371.8
GB_GA_mut_r_0.01_100k_mean,sim,csk,15370.0,91268.4,0.3213909,0.1632677,0.0174531,0.0011361,1563.6
GB_GA_mut_r_0.5_100k_mean,sim,csk,4863.6,86426.8,0.5608131,0.055984,0.1049414,0.0051052,7357.8
addcarbon_100k_mean,sim,csk,935.4,100000.0,0.3497459,0.009354,0.0130603,0.0165252,1280.8
