name,type_cluster,scaffold,SSo,TUPOR_,TUPOR,SESY,ASER
Molpher_62.5k_mean,sim,csk,1.0,-,0.7359956485641685,0.4644841114848805,0.02748698711797376
REINVENT_62.5k_mean,sim,csk,0.9259724892767336,-,0.29347184091539336,0.5653116750208289,0.0
DrugEx_GT_epsilon_0.1_62.5k_mean,sim,csk,0.9811233545333531,-,0.6856743175643352,0.8154932274238632,0.18979179388758036
DrugEx_GT_epsilon_0.6_62.5k_mean,sim,csk,0.9597692649016416,-,1.0,1.0,0.2964992439442845
DrugEx_RNN_epsilon_0.1_62.5k_mean,sim,csk,0.8510575358674757,-,0.3771632559195528,0.3453061403523903,1.0
DrugEx_RNN_epsilon_0.6_62.5k_mean,sim,csk,0.8951708327170538,-,0.9978121342561213,0.49834539041713805,0.6760828317194452
GB_GA_mut_r_0.01_62.5k_mean,sim,csk,0.48045777251885813,-,0.0,0.42368256532621396,0.11654526156619852
GB_GA_mut_r_0.5_62.5k_mean,sim,csk,0.0,-,0.14304025790258112,0.3370549009045462,0.30628616708831313
addcarbon_62.5k_mean,sim,csk,0.9869656855494746,-,0.1664564533871078,0.0,0.040378100555410135
