name,type_cluster,scaffold,USo,SSo,TUPOR,SESY,ASER,ACR,CwASo
Molpher_mean,sim,csk,211411.2,1661166.8,0.8358743,0.127299,0.0128445,0.0001716,20763.6
REINVENT_mean,sim,csk,79372.8,723954.8,0.645464,0.1095862,0.0106462,0.0003567,7640.8
DrugEx_GT_epsilon_0.1_mean,sim,csk,173618.0,888053.6,0.799473,0.1946213,0.0210142,0.0002069,18300.6
DrugEx_GT_epsilon_0.6_mean,sim,csk,238449.0,908235.8,0.896518,0.262326,0.0272219,0.0001669,23819.2
DrugEx_RNN_epsilon_0.1_mean,sim,csk,72688.4,942638.6,0.6587615,0.0763069,0.0665874,0.0003997,53886.2
DrugEx_RNN_epsilon_0.6_mean,sim,csk,102034.6,898509.8,0.8594673,0.1134054,0.0482231,0.0003702,40238.4
GB_GA_mut_r_0.01_mean,sim,csk,72421.0,913169.2,0.4741013,0.0767063,0.0174853,0.0003814,15686.0
GB_GA_mut_r_0.5_mean,sim,csk,20436.2,864169.4,0.7249765,0.0235117,0.1051394,0.0015869,73608.4
addcarbon_mean,sim,csk,940.8,1000000.0,0.3497459,0.0009408,0.0129926,0.0164364,12747.4
