name,type_cluster,scaffold,USo,SSo,TUPOR,SESY,ASER,ACR,CwASo
Molpher_500k_mean,sim,csk,0.535492243700075,1.0,0.8491709172809951,0.5330026173104921,0.021566986620343384,0.01074803344382328,0.03244888146573541
REINVENT_500k_mean,sim,csk,0.4187077982258705,0.9200663662144191,0.47273916211638034,0.42140517929572174,0.0,0.009913174689556225,0.0
DrugEx_GT_epsilon_0.1_500k_mean,sim,csk,0.7562282095414624,0.9927956179471185,0.7978910013154037,0.7534295141741812,0.11102882756884223,0.002751941819621035,0.1595113371798765
DrugEx_GT_epsilon_0.6_500k_mean,sim,csk,0.9999999999999998,0.96539896214537,1.0,1.0,0.17608631026373167,0.0,0.24859550561797758
DrugEx_RNN_epsilon_0.1_500k_mean,sim,csk,0.29872925769010106,0.8268124213077908,0.488484825543432,0.3042820792139694,0.5922457870532488,0.020086083213773313,0.7376948577791276
DrugEx_RNN_epsilon_0.6_500k_mean,sim,csk,0.4394514872677523,0.8822087947001158,0.9200791134748418,0.44434628672077003,0.39719076933819,0.018540048483649135,0.5296905051118536
GB_GA_mut_r_0.01_500k_mean,sim,csk,0.3108712321814731,0.3596042737959353,0.14885200291470702,0.32840862991723857,0.0733051147802518,0.016449809528521247,0.08500354286871142
GB_GA_mut_r_0.5_500k_mean,sim,csk,0.08576889977492386,0.0,0.6470975007334085,0.09922819199650752,0.9999999999999999,0.12589670014347204,1.0000000000000002
addcarbon_500k_mean,sim,csk,0.0,0.9994410646835243,0.0,0.0,0.02506450735844086,1.0,0.03773155177649562
