name,type_cluster,scaffold,USo,SSo,TUPOR,SESY,ASER,ACR,CwASo
Molpher_100k_mean,sim,csk,0.48654738167143563,1.0,0.7826398399578549,0.4838586983987938,0.01282112453095062,0.0416354784433398,0.020029110239210224
REINVENT_100k_mean,sim,csk,0.5267068984667136,0.915873480743886,0.2853101028297883,0.530157646370122,0.0,0.003589044776692321,0.0
DrugEx_GT_epsilon_0.1_100k_mean,sim,csk,0.8053165213068108,0.9867916239566545,0.6835246199464888,0.8023266342663173,0.11026570009892579,0.0004478308990525093,0.15827110492342744
DrugEx_GT_epsilon_0.6_100k_mean,sim,csk,1.0,0.9599355688973494,1.0,0.9999999999999999,0.17343932073063023,0.0,0.24452600936590307
DrugEx_RNN_epsilon_0.1_100k_mean,sim,csk,0.33024630958740375,0.8209108214965584,0.3510880087813133,0.33680868492204535,0.5851467081455278,0.042659091926888396,0.7273129983546387
DrugEx_RNN_epsilon_0.6_100k_mean,sim,csk,0.48105738056074177,0.8775955483965436,0.9408377227195306,0.48663327661868383,0.39638077849206527,0.053842069234656995,0.5275914441209975
GB_GA_mut_r_0.01_100k_mean,sim,csk,0.38172432578237814,0.35448821203690084,0.0,0.4051281659830024,0.07236322419685069,0.015469358770128394,0.08331223895709403
GB_GA_mut_r_0.5_100k_mean,sim,csk,0.10388161061188655,0.0,0.5069544139057787,0.12273843315953943,0.9999999999999999,0.26939587611717813,1.0
addcarbon_100k_mean,sim,csk,0.0,0.9937911846536824,0.06003909581608702,0.0,0.02578644960244121,1.0,0.03857106695355017
