name,type_cluster,scaffold,SSo,TUPOR_,TUPOR,SESY,ASER
DrugEx_RNN_epsilon_0.1_62.5k_3,dis,csk,62256,25/47,0.5319148936170213,0.1560331534309946,0.1329189154459008
