name,type_cluster,scaffold,SSo,TUPOR_,TUPOR,SESY,ASER
DrugEx_RNN_epsilon_0.1_62.5k_0,dis,csk,61879,19/42,0.4523809523809524,0.19688424182679098,0.054713732976529345
