name,type_cluster,scaffold,SSo,TUPOR_,TUPOR,SESY,ASER
DrugEx_RNN_epsilon_0.1_62.5k_2,dis,csk,60511,19/45,0.4222222222222222,0.11959808960354315,0.0017517476161359091
