name,type_cluster,scaffold,USo,SSo,TUPOR_,TUPOR,SESY,ASER,CwASo
DrugEx_RNN_epsilon_0.1_62.5k_2,dis,csk,7237,60511,19/45,0.4222222222222222,0.11959808960354315,0.001754821620726761,106
