name,type_cluster,scaffold,USo,SSo,TUPOR_,TUPOR,SESY,ASER,CwASo
DrugEx_RNN_epsilon_0.1_62.5k_3,dis,csk,9714,62256,25/47,0.5319148936170213,0.1560331534309946,0.15329467775698857,8275
