name,type_cluster,scaffold,USo,SSo,TUPOR_,TUPOR,SESY,ASER,CwASo
DrugEx_RNN_epsilon_0.1_62.5k_0,dis,csk,12183,61879,19/42,0.4523809523809524,0.19688424182679098,0.054713732976529345,3210
