name,type_cluster,scaffold,SSo,TUPOR_,TUPOR,SESY,ASER
DrugEx_RNN_epsilon_0.1_62.5k_1,dis,csk,61637,16/41,0.3902439024390244,0.14635689602024757,0.008874539643396013
