name,type_cluster,scaffold,USo,SSo,TUPOR_,TUPOR,SESY,ASER,CwASo
DrugEx_RNN_epsilon_0.1_62.5k_4,dis,csk,9484,61759,15/41,0.36585365853658536,0.15356466264026294,0.02815142838116801,1691
