name,type_cluster,scaffold,SSo,TUPOR_,TUPOR,SESY,ASER
GB_GA_log_p_mut_r_0.5_62.5k_2,sim,murcko,62496,3/58,0.05172413793103448,0.5913978494623656,0.0036642345110087047
