name,type_cluster,scaffold,USo,SSo,TUPOR_,TUPOR,SESY,ASER,CwASo
DrugEx_GT_epsilon_0.1_125k_0,dis,csk,"35,653.0","124,971.0",16/40,0.4,0.2852902,0.0068482,850.0
DrugEx_GT_epsilon_0.1_125k_1,dis,csk,"30,260.0","124,855.0",8/23,0.3478261,0.2423611,0.0005289,66.0
DrugEx_GT_epsilon_0.1_125k_2,dis,csk,"32,502.0","124,929.0",5/40,0.125,0.2601638,0.0001761,22.0
DrugEx_GT_epsilon_0.1_125k_3,dis,csk,"31,344.0","124,959.0",12/37,0.3243243,0.2508343,0.0057629,716.0
DrugEx_GT_epsilon_0.1_125k_4,dis,csk,"38,568.0","124,779.0",30/43,0.6976744,0.3090905,0.0112488,"1,388.0"
DrugEx_GT_epsilon_0.1_125k_mean,dis,csk,"33,665.4","124,898.6",-,0.378965,0.269548,0.004913,608.4
