name,type_cluster,scaffold,USo,SSo,TUPOR_,TUPOR,SESY,ASER,CwASo
DrugEx_GT_epsilon_0.1_125k_3,dis,csk,31344,124959,12/37,0.32432432432432434,0.2508342736417545,0.005762900123145771,716
