name,type_cluster,scaffold,USo,SSo,TUPOR_,TUPOR,SESY,ASER,CwASo
DrugEx_GT_epsilon_0.1_125k_1,dis,csk,30260,124855,8/23,0.34782608695652173,0.24236113892114852,0.0005288927709974437,66
