name,type_cluster,scaffold,SSo,TUPOR_,TUPOR,SESY,ASER
DrugEx_GT_epsilon_0.1_125k_1,dis,csk,124855,8/23,0.34782608695652173,0.24236113892114852,0.0005286131913019102
