name,type_cluster,scaffold,USo,SSo,TUPOR_,TUPOR,SESY,ASER,ACR,CwASo
DrugEx_GT_epsilon_0.1_500k_0,dis,csk,103366,499853,20/40,0.5,0.20679279708234222,0.0068587243779811785,0.0001935246647185184,3405
