name,type_cluster,scaffold,USo,SSo,TUPOR_,TUPOR,SESY,ASER,ASR,CwASo
DrugEx_GT_epsilon_0.1_500k_1,dis,csk,81322,499416,15/23,0.6521739130434783,0.16283419033431049,0.0006110865118180124,0.00018448596061839694,305
