name,type_cluster,scaffold,USo,SSo,TUPOR_,TUPOR,SESY,ASER,ACR,CwASo
DrugEx_GT_epsilon_0.1_500k_2,dis,csk,94756,499741,9/40,0.225,0.18961021809297215,0.00018012572775797506,9.498981498094927e-05,90
