name,type_cluster,scaffold,USo,SSo,TUPOR_,TUPOR,SESY,ASER,ACR,CwASo
DrugEx_GT_epsilon_0.1_500k_3,dis,csk,87306,499834,15/37,0.40540540540540543,0.17466999043682502,0.005669837590741546,0.0001718390212049352,2818
