name,type_cluster,scaffold,SSo,TUPOR_,TUPOR,SESY,ASER
DrugEx_GT_epsilon_0.1_500k_1,dis,csk,499416,15/23,0.6521739130434783,0.16283419033431049,0.0006107133131497589
