name,type_cluster,scaffold,SSo,TUPOR_,TUPOR,SESY,ASER
DrugEx_GT_epsilon_0.1_500k_4,dis,csk,499155,34/43,0.7906976744186046,0.2367861686249762,0.011383237671665113
