name,type_cluster,scaffold,USo,SSo,TUPOR_,TUPOR,SESY,ASER,ACR,CwASo
DrugEx_GT_epsilon_0.1_500k_4,dis,csk,118193,499155,34/43,0.7906976744186046,0.2367861686249762,0.011514307773677587,0.0002877478651647357,5682
