name,type_cluster,scaffold,SSo,TUPOR_,TUPOR,SESY,ASER
DrugEx_GT_epsilon_0.1_500k_3,dis,csk,499834,15/37,0.40540540540540543,0.17466999043682502,0.0056378717734287785
