name,type_cluster,scaffold,USo,SSo,TUPOR_,TUPOR,SESY,ASER,ACR,CwASo
GB_GA_mut_r_0.5_0,sim,murcko,177181,907643,73/172,0.42441860465116277,0.195210010984495,0.17228672909267032,0.000412177880163516,133393
