name,type_cluster,scaffold,SSo,TUPOR_,TUPOR,SESY,ASER
GB_GA_mut_r_0.5_3,sim,murcko,927134,30/57,0.5263157894736842,0.21185502850720608,0.010722290413252022
