name,type_cluster,scaffold,SSo,TUPOR_,TUPOR,SESY,ASER
GB_GA_mut_r_0.5_0,sim,murcko,940593,102/172,0.5930232558139535,0.3062142712097581,0.07971673189147697
