name,type_cluster,scaffold,USo,SSo,TUPOR_,TUPOR,SESY,ASER,CwASo
GB_GA_mut_r_0.5_0,sim,murcko,430764,999918,25/172,0.14534883720930233,0.4307993255446947,0.017332701178778328,17036
