name,type_cluster,scaffold,USo,SSo,TUPOR_,TUPOR,SESY,ASER,ACR,CwASo
GB_GA_mut_r_0.5_1,sim,murcko,122574,847664,32/93,0.34408602150537637,0.14460210649502633,0.00362299965427585,0.00026113495781038336,3060
