name,type_cluster,scaffold,USo,SSo,TUPOR_,TUPOR,SESY,ASER,CwASo
GB_GA_mut_r_0.5_2,sim,murcko,166148,782336,4/65,0.06153846153846154,0.21237422284031413,0.003727077829852803,2905
