name,type_cluster,scaffold,USo,SSo,TUPOR_,TUPOR,SESY,ASER,ACR,CwASo
GB_GA_mut_r_0.5_3,sim,murcko,129903,856873,20/57,0.3508771929824561,0.15160122912030138,0.002741858097433677,0.00015398474011225487,2343
