name,type_cluster,scaffold,uniq_scaffolds,set_size,TUPOR,TUPOR_unique,TUPOR_set,SESY,ASER,tRS
Molpher_mean,dis,murcko,209856.0,823995.2,0.1568798,0.0001647,4.46e-05,0.2581732,0.0015506,1085.6
addcarbon_mean,dis,murcko,2969.0,1000000.0,0.0152271,0.0008866,2.8e-06,0.002969,0.000724,724.0
GB_GA_mean,dis,murcko,4416.2,10000.0,0.0398009,0.0018389,0.0008194,0.44162,0.00302,30.2
