name,type_cluster,scaffold,USo,SSo,TUPOR,SESY,ASER,ACR,CwASo
Molpher_mean,dis,murcko,209855.8,823982.2,0.1568798,0.2581766,0.0015566,5.92e-05,1085.6
REINVENT_mean,dis,murcko,457352.4,820136.6,0.1082259,0.5558138,0.0005536,1.53e-05,545.8
DrugEx_GT_epsilon_0.1_mean,dis,murcko,385041.6,809261.8,0.1586254,0.4745781,0.0010826,2.96e-05,878.8
DrugEx_GT_epsilon_0.6_mean,dis,murcko,557492.4,907555.6,0.2966192,0.614171,0.0018445,3.63e-05,1675.8
DrugEx_RNN_epsilon_0.1_mean,dis,murcko,311685.8,798015.2,0.0343444,0.3914198,0.0006242,7.7e-06,483.2
DrugEx_RNN_epsilon_0.6_mean,dis,murcko,379335.4,892001.0,0.2935096,0.4250169,0.0014837,5e-05,1314.4
GB_GA_mut_r_0.01_mean,dis,murcko,400851.0,999951.8,0.0970652,0.40087,0.000358,1.62e-05,357.8
GB_GA_mut_r_0.5_mean,dis,murcko,332912.2,999973.4,0.0949004,0.3329211,0.0003281,1.96e-05,327.8
addcarbon_mean,dis,murcko,2969.0,1000000.0,0.0152271,0.002969,0.0007257,0.0003139,724.0
