name,type_cluster,scaffold,USo,SSo,TUPOR_,TUPOR,SESY,ASER,CwASo
Molpher_62.5k_mean,dis,murcko,0.37534111184970087,1.0,-,0.2999918847809745,0.3590679896295872,0.47613512035010935,0.4791208791208792
REINVENT_62.5k_mean,dis,murcko,0.9999999999999999,0.0,-,0.16839648966946855,0.9999999999999999,0.20322757111597373,0.19120879120879122
DrugEx_GT_epsilon_0.1_62.5k_mean,dis,murcko,0.8444836091382989,0.294592914853947,-,0.431378704526299,0.8339004034796001,0.525711159737418,0.5252747252747253
DrugEx_GT_epsilon_0.6_62.5k_mean,dis,murcko,0.9678786341531679,0.2997980111870717,-,0.9719569352377047,0.9554981848541707,1.0,1.0000000000000002
DrugEx_RNN_epsilon_0.1_62.5k_mean,dis,murcko,0.7549504950495048,0.3090428837787442,-,0.07187734914234947,0.744998303778448,0.20835612691466082,0.2087912087912088
DrugEx_RNN_epsilon_0.6_62.5k_mean,dis,murcko,0.7499212818808382,0.08708825357364702,-,1.0,0.7474135992203312,0.8797182713347922,0.8703296703296702
GB_GA_mut_r_0.01_62.5k_mean,dis,murcko,0.8263215897561487,0.311917339962708,-,0.16652002323515344,0.8153211144256495,0.0,0.0
GB_GA_mut_r_0.5_62.5k_mean,dis,murcko,0.6842091452961551,0.3129272840273458,-,0.20939400669719124,0.6750705590411843,0.01757385120350108,0.017582417582417603
addcarbon_62.5k_mean,dis,murcko,0.0,0.3134711000621486,-,0.0,0.0,0.33827954048140046,0.3384615384615385
