name,type_cluster,scaffold,USo,SSo,TUPOR,SESY,ASER,ACR,CwASo
Molpher_100k_mean,dis,murcko,0.4015189288621837,1.0,0.34351094653636227,0.38461308579364195,0.9307875894988067,0.5125752745306412,0.9315068493150686
REINVENT_100k_mean,dis,murcko,0.9999999999999999,0.0,0.2619223832726975,0.9999999999999999,0.15097170132969656,0.0779312787814382,0.13972602739726028
DrugEx_GT_epsilon_0.1_100k_mean,dis,murcko,0.8460788704938491,0.2929890014051111,0.4185944748761055,0.835672608992565,0.48960109103307187,0.2196245129295077,0.489041095890411
DrugEx_GT_epsilon_0.6_100k_mean,dis,murcko,0.9868220526385475,0.2989001405106855,0.9613535899615651,0.9744016148292521,1.0,0.4534183492738222,0.9999999999999999
DrugEx_RNN_epsilon_0.1_100k_mean,dis,murcko,0.745613219639029,0.3107224187218378,0.0902631654536443,0.7358584639189716,0.1831571769519264,0.0,0.18356164383561643
DrugEx_RNN_epsilon_0.6_100k_mean,dis,murcko,0.7526951691188691,0.09787295896119019,0.9999999999999998,0.7497779151083195,0.7916808728264575,0.6032589443854056,0.7835616438356164
GB_GA_mut_r_0.01_100k_mean,dis,murcko,0.8100860031494111,0.31067396676195713,0.20466841983998985,0.799488096235906,0.008114558472553712,0.07438894792773647,0.008219178082191803
GB_GA_mut_r_0.5_100k_mean,dis,murcko,0.6669680861552677,0.3116430059595956,0.25089914812399655,0.6582150004149105,0.0,0.14098476797732912,0.0
addcarbon_100k_mean,dis,murcko,0.0,0.31217597751829373,0.0,0.0,0.26968973747016706,1.0,0.2698630136986302
