name,type_cluster,scaffold,USo,SSo,TUPOR,SESY,ASER,ACR,CwASo
Molpher_10k_mean,dis,murcko,0.23986081797957898,1.0,0.06311681001555655,0.22234951474582532,1.0000000000000002,0.46408518877057126,1.0
REINVENT_10k_mean,dis,murcko,1.0,0.0,0.0,1.0,0.0996802923041791,0.0,0.09090909090909091
DrugEx_GT_epsilon_0.1_10k_mean,dis,murcko,0.8393417374935825,0.2737983034872755,0.416201981214646,0.827447236219016,0.5050810687371547,0.5109390125847048,0.5000000000000001
DrugEx_GT_epsilon_0.6_10k_mean,dis,murcko,0.9321772859506017,0.2742695570216789,1.0,0.9189010858440834,0.8026946791504911,1.0,0.7954545454545454
DrugEx_RNN_epsilon_0.1_10k_mean,dis,murcko,0.7912554902743709,0.2902921771913256,0.13209592468539014,0.7793102973659154,0.21745832381822341,0.06679574056147145,0.2159090909090909
DrugEx_RNN_epsilon_0.6_10k_mean,dis,murcko,0.7454794364269008,0.07587181903863893,0.7271731970049824,0.7433323459852925,0.5097625028545332,0.7752178121974832,0.5000000000000001
GB_GA_mut_r_0.01_10k_mean,dis,murcko,0.8773601049569333,0.289349670122526,0.12057543677339741,0.8641593082552548,0.0,0.1475314617618587,0.0
GB_GA_mut_r_0.5_10k_mean,dis,murcko,0.7443956420055902,0.28982092365692935,0.25290022484281105,0.7331779699759118,0.06862297328157116,0.3473378509196515,0.0681818181818182
addcarbon_10k_mean,dis,murcko,0.0,0.29076343072572897,0.04113355415557146,0.0,0.20621146380452168,0.5837366892545983,0.2045454545454545
