name,type_cluster,scaffold,USo,SSo,TUPOR,SESY,ASER,ACR,CwASo
Molpher_mean,dis,murcko,0.3730893953257879,0.12855917871047717,0.5033997045403904,0.41755033524104956,0.810142442627275,0.16819072501632926,0.562166172106825
REINVENT_mean,dis,murcko,0.8194124900770644,0.10952012230623298,0.33049541902562296,0.9045206003907056,0.1487074650487998,0.024820378837361205,0.16172106824925814
DrugEx_GT_epsilon_0.1_mean,dis,murcko,0.6890107793467326,0.05568042743810464,0.509603148062792,0.7716092224829108,0.4975600105513057,0.07152188112344875,0.408753709198813
DrugEx_GT_epsilon_0.6_mean,dis,murcko,1.0,0.5423200161596315,0.9999999999999999,1.0,1.0,0.09340300457217507,1.0
DrugEx_RNN_epsilon_0.1_mean,dis,murcko,0.5567245674393542,0.0,0.06793829677521152,0.6355522396850796,0.19526510155631757,0.0,0.11528189910979231
DrugEx_RNN_epsilon_0.6_mean,dis,murcko,0.6787205012448528,0.46531125114365013,0.9889492277857123,0.6905211370381641,0.7620680559219203,0.13814500326583934,0.7318991097922849
GB_GA_mut_r_0.01_mean,dis,murcko,0.7175206672973584,0.9997613681821602,0.2908329693690761,0.651013903750315,0.01971775257188077,0.027759634225996088,0.02225519287833827
GB_GA_mut_r_0.5_mean,dis,murcko,0.5950032045536762,0.9998683069221053,0.2831397896387283,0.5398413290532427,0.0,0.03886348791639452,0.0
addcarbon_mean,dis,murcko,0.0,0.9999999999999996,0.0,0.0,0.2621999472434714,1.0,0.29391691394658753
