name,type_cluster,scaffold,USo,SSo,TUPOR,SESY,ASER,ASR,CwASo
Molpher_mean,dis,murcko,"209,855.8","823,982.2",0.1568798,0.2581766,0.0015566,5.92e-05,"1,085.6"
REINVENT_mean,dis,murcko,"620,549.2","964,674.4",0.1084507,0.6432406,0.0002096,1.36e-05,202.2
DrugEx_GT_epsilon_0.1_mean,dis,murcko,"385,041.6","809,261.8",0.1586254,0.4745781,0.0010826,2.96e-05,878.8
DrugEx_GT_epsilon_0.6_mean,dis,murcko,"557,492.4","907,555.6",0.2966192,0.614171,0.0018445,3.63e-05,"1,675.8"
DrugEx_RNN_epsilon_0.1_mean,dis,murcko,"311,685.8","798,015.2",0.0343444,0.3914198,0.0006242,7.7e-06,483.2
DrugEx_RNN_epsilon_0.6_mean,dis,murcko,"379,335.4","892,001.0",0.2935096,0.4250169,0.0014837,5e-05,"1,314.4"
GB_GA_mut_r_0.01_mean,dis,murcko,"400,851.0","999,951.8",0.0970652,0.40087,0.000358,1.62e-05,357.8
addcarbon_mean,dis,murcko,"2,969.0","1,000,000.0",0.0152271,0.002969,0.0007257,0.0003139,724.0
