name,type_cluster,scaffold,USo,SSo,TUPOR,SESY,ASER,ACR,CwASo
Molpher_100k_mean,dis,murcko,31448.8,102839.2,0.0714348,0.306123,0.0017153,0.0001793,171.0
REINVENT_100k_mean,dis,murcko,73939.4,98711.4,0.0580847,0.7488521,0.0005717,5.66e-05,55.4
DrugEx_GT_epsilon_0.1_100k_mean,dis,murcko,63011.4,99920.8,0.0837205,0.6306297,0.0010683,9.66e-05,106.4
DrugEx_GT_epsilon_0.6_100k_mean,dis,murcko,73003.8,99945.2,0.1725306,0.7304358,0.0018168,0.0001626,181.0
DrugEx_RNN_epsilon_0.1_100k_mean,dis,murcko,55878.6,99994.0,0.0299966,0.5588202,0.0006189,3.46e-05,61.8
DrugEx_RNN_epsilon_0.6_100k_mean,dis,murcko,56381.4,99115.4,0.1788542,0.5688343,0.0015113,0.0002049,149.4
GB_GA_mut_r_0.01_100k_mean,dis,murcko,60456.0,99993.8,0.0487164,0.6045974,0.0003622,5.56e-05,36.2
GB_GA_mut_r_0.5_100k_mean,dis,murcko,50295.0,99997.8,0.056281,0.502961,0.0003503,7.44e-05,35.0
addcarbon_100k_mean,dis,murcko,2942.0,100000.0,0.0152271,0.02942,0.0007458,0.0003169,74.4
