name,type_cluster,scaffold,USo,SSo,TUPOR,TUPOR_unique,TUPOR_set,SESY,ASER,CwASo
Molpher_mean,dis,murcko,209855.8,823982.2,0.1568798,0.0079396,0.0020913,0.2581766,0.0015506,1085.6
DrugEx_GT_mean,dis,murcko,532549.2,891966.0,0.3871818,0.0072313,0.0043384,0.5970313,0.0021238,1890.0
DrugEx_GT_1_mean,dis,murcko,554504.8,908333.0,0.3337688,0.0060431,0.0036806,0.6103241,0.0020539,1851.2
DrugEx_RNN_mean,dis,murcko,432204.4,869210.0,0.3267285,0.0075106,0.0037638,0.4968923,0.0009537,827.6
REINVENT_mean,dis,murcko,620549.2,964674.4,0.1084507,0.0017583,0.0011241,0.6432406,0.0002095,202.2
addcarbon_mean,dis,murcko,2969.0,1000000.0,0.0152271,0.0473129,0.0001523,0.002969,0.000724,724.0
GB_GA_mean,dis,murcko,4415.6,9998.0,0.0398009,0.089322,0.0398085,0.4416521,0.0030201,30.2
