name,type_cluster,scaffold,USo,SSo,TUPOR,SESY,ASER,ACR,CwASo
Molpher_500k_mean,dis,murcko,0.4226295272219654,1.0,0.44017000102186843,0.41102739620062134,0.7655413886503271,0.18202841096795508,0.7664543524416136
REINVENT_500k_mean,dis,murcko,0.9194470486474856,0.0,0.29657303222278464,0.9310862357341245,0.14996366519125323,0.034027089527585076,0.13986199575371547
DrugEx_GT_epsilon_0.1_500k_mean,dis,murcko,0.7874916114780621,0.29561365769712467,0.46998370139664547,0.7877041752284188,0.49270000660632884,0.08985794516022463,0.49230360934182593
DrugEx_GT_epsilon_0.6_500k_mean,dis,murcko,1.0,0.3011772528160215,0.9832595076172593,1.0,1.0,0.14701024116286754,1.0
DrugEx_RNN_epsilon_0.1_500k_mean,dis,murcko,0.6588165320020939,0.31291066958698366,0.07542611714083594,0.6584989543059108,0.19567946092356472,0.0,0.19612526539278133
DrugEx_RNN_epsilon_0.6_500k_mean,dis,murcko,0.708466575062652,0.0960282384230311,0.9999999999999999,0.7145327803179791,0.7755830085221642,0.21539478031053852,0.7677813163481954
GB_GA_mut_r_0.01_500k_mean,dis,murcko,0.705082396706258,0.313272449937422,0.26525217462665307,0.7047318692834725,0.022659708000264234,0.04030393128510077,0.02282377919320594
GB_GA_mut_r_0.5_500k_mean,dis,murcko,0.5807540257087479,0.3136342302878603,0.2774767189581835,0.58045718623825,0.0,0.06309877766765776,0.0
addcarbon_500k_mean,dis,murcko,0.0,0.31431867959949855,0.0,0.0,0.27237893902358457,1.0,0.27255838641188956
