name,type_cluster,scaffold,USo,SSo,TUPOR_,TUPOR,SESY,ASER,CwASo
Molpher_62.5k_mean,dis,murcko,20039.0,64267.4,-,0.057369,0.3122798,0.0010069,63.0
REINVENT_62.5k_mean,dis,murcko,48606.4,61693.0,-,0.0388829,0.787626,0.0006078,36.8
DrugEx_GT_epsilon_0.1_62.5k_mean,dis,murcko,41494.2,62451.4,-,0.0758258,0.6644385,0.0010794,67.2
DrugEx_GT_epsilon_0.6_62.5k_mean,dis,murcko,47137.4,62464.8,-,0.1517645,0.7546213,0.001773,110.4
DrugEx_RNN_epsilon_0.1_62.5k_mean,dis,murcko,37399.6,62488.6,-,0.0253242,0.5985044,0.0006153,38.4
DrugEx_RNN_epsilon_0.6_62.5k_mean,dis,murcko,37169.6,61917.2,-,0.1557039,0.6002957,0.0015971,98.6
GB_GA_mut_r_0.01_62.5k_mean,dis,murcko,40663.6,62496.0,-,0.0386193,0.6506592,0.0003106,19.4
GB_GA_mut_r_0.5_62.5k_mean,dis,murcko,34164.4,62498.6,-,0.0446421,0.5466426,0.0003363,21.0
addcarbon_62.5k_mean,dis,murcko,2873.6,62500.0,-,0.0152271,0.0459776,0.0008053,50.2
