name,type_cluster,scaffold,USo,SSo,TUPOR_,TUPOR,SESY,ASER,ACR,CwASo
Molpher_0,sim,murcko,"513,356.0","1,624,807.0",84/172,0.4883721,0.3159489,0.0158587,0.0001637,"25,365.0"
Molpher_1,sim,murcko,"508,537.0","1,662,869.0",47/93,0.5053763,0.305819,0.0020156,9.24e-05,"3,345.0"
Molpher_2,sim,murcko,"461,202.0","1,546,857.0",34/65,0.5230769,0.2981543,0.0012091,7.37e-05,"1,868.0"
Molpher_3,sim,murcko,"529,066.0","1,749,314.0",28/57,0.4912281,0.302442,0.0033617,5.29e-05,"5,861.0"
Molpher_4,sim,murcko,"517,283.0","1,722,203.0",16/50,0.32,0.3003612,0.0005083,3.09e-05,875.0
Molpher_mean,sim,murcko,"505,888.8","1,661,210.0",-,0.4656107,0.3045451,0.0045907,8.27e-05,"7,462.8"
