name,type_cluster,scaffold,SSo,TUPOR_,TUPOR,SESY,ASER
Molpher_0,sim,murcko,1624807,84/172,0.4883720930232558,0.3159489096243431,0.01585865570617753
