name,type_cluster,scaffold,SSo,TUPOR_,TUPOR,SESY,ASER
Molpher_1,sim,murcko,1662869,47/93,0.5053763440860215,0.30581903926286436,0.00201158359437815
