name,type_cluster,scaffold,USo,SSo,TUPOR_,TUPOR,SESY,ASER,ACR,CwASo
Molpher_4,sim,murcko,517283,1722203,16/50,0.32,0.3003612233865578,0.0005083284533801809,3.093180117811498e-05,875
