name,type_cluster,scaffold,SSo,TUPOR_,TUPOR,SESY,ASER
Molpher_3,sim,murcko,1749314,28/57,0.49122807017543857,0.30244198582987386,0.0033617195301507983
