name,type_cluster,scaffold,SSo,TUPOR_,TUPOR,SESY,ASER
Molpher_2,sim,murcko,1546857,34/65,0.5230769230769231,0.29815425731014567,0.0012076100117851876
