name,type_cluster,scaffold,USo,SSo,TUPOR_,TUPOR,SESY,ASER,ACR,CwASo
Molpher_0,sim,murcko,513356,1624807,84/172,0.4883720930232558,0.3159489096243431,0.01585865570617753,0.00016365591733038233,25365
