name,type_cluster,scaffold,USo,SSo,TUPOR_,TUPOR,SESY,ASER,ACR,CwASo
Molpher_1,sim,murcko,508537,1662869,47/93,0.5053763440860215,0.30581903926286436,0.002015638219151998,9.243052960726858e-05,3345
