name,type_cluster,scaffold,USo,SSo,TUPOR_,TUPOR,SESY,ASER,ACR,CwASo
Molpher_2,sim,murcko,461202,1546857,34/65,0.5230769230769231,0.29815425731014567,0.0012090700969392015,7.372584394407244e-05,1868
