name,type_cluster,scaffold,USo,SSo,TUPOR_,TUPOR,SESY,ASER,ASR,CwASo
Molpher_10k_0,dis,murcko,3530.0,10136.0,0/92,0.0,0.3482636,0.0,0.0,0.0
Molpher_10k_1,dis,murcko,3550.0,11109.0,0/34,0.0,0.3195607,0.0,0.0,0.0
Molpher_10k_2,dis,murcko,3651.0,10079.0,0/64,0.0,0.3622383,0.0,0.0,0.0
Molpher_10k_3,dis,murcko,3538.0,10107.0,3/76,0.0394737,0.3500544,0.0064728,0.0008487,65.0
Molpher_10k_4,dis,murcko,3599.0,10074.0,3/98,0.0306122,0.3572563,0.0037864,0.0008343,38.0
Molpher_10k_mean,dis,murcko,3573.6,10301.0,-,0.0140172,0.3474747,0.0020518,0.0003366,20.6
