name,type_cluster,scaffold,SSo,TUPOR_,TUPOR,SESY,ASER
GB_GA_log_p_mut_r_0.01_500k_2,sim,murcko,499994,5/58,0.08620689655172414,0.48540382484589817,0.0015260183122197467
