name,type_cluster,scaffold,SSo,TUPOR_,TUPOR,SESY,ASER
GB_GA_mut_r_0.5_500k_1,sim,csk,476303,32/38,0.8421052631578947,0.05777834697660943,0.038015716886099817
