name,type_cluster,scaffold,SSo,TUPOR_,TUPOR,SESY,ASER
GB_GA_mut_r_0.5_500k_4,sim,csk,475428,27/35,0.7714285714285715,0.05639129373953575,0.007309203496638818
