name,type_cluster,scaffold,SSo,TUPOR_,TUPOR,SESY,ASER
GB_GA_mut_r_0.5_500k_1,sim,csk,499988,22/38,0.5789473684210527,0.14853556485355648,0.014620350888421322
