name,type_cluster,scaffold,USo,SSo,TUPOR_,TUPOR,SESY,ASER,ACR,CwASo
GB_GA_mut_r_0.5_500k_1,sim,csk,74266,499988,22/38,0.5789473684210527,0.14853556485355648,0.014837277085642144,0.0002963202413663057,7310
