name,type_cluster,scaffold,SSo,TUPOR_,TUPOR,SESY,ASER
GB_GA_mut_r_0.5_500k_2,sim,csk,499965,14/37,0.3783783783783784,0.1623893672557079,0.008304581320692448
