name,type_cluster,scaffold,SSo,TUPOR_,TUPOR,SESY,ASER
GB_GA_mut_r_0.5_500k_0,sim,csk,499944,22/38,0.5789473684210527,0.13012257372825756,0.009743091226217337
