name,type_cluster,scaffold,SSo,TUPOR_,TUPOR,SESY,ASER
GB_GA_mut_r_0.5_500k_3,sim,csk,475675,33/35,0.9428571428571428,0.05836968518421191,0.021214064224523047
