name,type_cluster,scaffold,SSo,TUPOR_,TUPOR,SESY,ASER
GB_GA_mut_r_0.5_500k_0,sim,csk,478041,34/38,0.8947368421052632,0.06831004035218737,0.04262186716202167
