name,type_cluster,scaffold,USo,SSo,TUPOR_,TUPOR,SESY,ASER,ACR,CwASo
GB_GA_mut_r_0.5_500k_0,sim,csk,65054,499944,22/38,0.5789473684210527,0.13012257372825756,0.009838953043288565,0.00033829499323410016,4871
