name,type_cluster,scaffold,SSo,TUPOR_,TUPOR,SESY,ASER
GB_GA_mut_r_0.5_500k_2,sim,csk,476395,30/37,0.8108108108108109,0.056505630831557845,0.014691589962111274
