name,type_cluster,scaffold,USo,SSo,TUPOR_,TUPOR,SESY,ASER,ACR,CwASo
GB_GA_mut_r_0.5_500k_4,sim,csk,69844,499992,18/35,0.5142857142857142,0.1396902350437607,0.0031881830566830457,0.0002577836336035288,1589
