name,type_cluster,scaffold,SSo,TUPOR_,TUPOR,SESY,ASER
GB_GA_mut_r_0.5_500k_4,sim,csk,499992,18/35,0.5142857142857142,0.1396902350437607,0.003178050848813581
