name,type_cluster,scaffold,USo,SSo,TUPOR_,TUPOR,SESY,ASER,ACR,CwASo
GB_GA_mut_r_0.5_500k_2,sim,csk,81189,499965,14/37,0.3783783783783784,0.1623893672557079,0.008374124922097645,0.00017246689251616877,4152
