name,type_cluster,scaffold,USo,SSo,TUPOR_,TUPOR,SESY,ASER,ACR,CwASo
GB_GA_mut_r_0.5_500k_3,sim,csk,74769,499978,21/35,0.6,0.14954457996151832,0.012892665118898573,0.0002809439717450634,6364
