name,type_cluster,scaffold,SSo,TUPOR_,TUPOR,SESY,ASER
addcarbon_62.5k_0,dis,csk,62500,3/42,0.07142857142857142,0.014528,0.0008166663997822223
