name,type_cluster,scaffold,USo,SSo,TUPOR_,TUPOR,SESY,ASER,ACR,CwASo
DrugEx_GT_epsilon_0.6_100k_0,sim,murcko,"79,999.0","99,993.0",49/115,0.426087,0.800046,0.0086956,0.0006129,862.0
DrugEx_GT_epsilon_0.6_100k_1,sim,murcko,"72,104.0","99,987.0",34/100,0.34,0.7211337,0.0108785,0.0004718,"1,076.0"
DrugEx_GT_epsilon_0.6_100k_2,sim,murcko,"72,746.0","99,973.0",13/58,0.2241379,0.7276565,0.0005204,0.0001787,52.0
DrugEx_GT_epsilon_0.6_100k_3,sim,murcko,"69,740.0","99,858.0",24/51,0.4705882,0.6983917,0.002208,0.0003443,220.0
DrugEx_GT_epsilon_0.6_100k_4,sim,murcko,"70,543.0","99,962.0",12/40,0.3,0.7056982,0.0008711,0.0001701,87.0
DrugEx_GT_epsilon_0.6_100k_mean,sim,murcko,"73,026.4","99,954.6",-,0.3521626,0.7305852,0.0046347,0.0003556,459.4
