name,type_cluster,scaffold,SSo,TUPOR_,TUPOR,SESY,ASER
GB_GA_log_p_mut_r_0.5_250k_2,sim,murcko,249984,4/58,0.06896551724137931,0.46973006272401435,0.0033642153097798258
