name,type_cluster,scaffold,SSo,TUPOR_,TUPOR,SESY,ASER
DrugEx_GT_epsilon_0.6_125k_3,sim,murcko,124736,26/57,0.45614035087719296,0.7335652898922524,0.0023890456644433044
