name,type_cluster,scaffold,USo,SSo,TUPOR_,TUPOR,SESY,ASER,CwASo
DrugEx_GT_epsilon_0.6_125k_0,sim,murcko,100293,124565,98/172,0.5697674418604651,0.8051459077590013,0.029692576029361924,3592
