name,type_cluster,scaffold,USo,SSo,TUPOR_,TUPOR,SESY,ASER,CwASo
DrugEx_GT_epsilon_0.6_125k_1,sim,murcko,84438,124549,50/93,0.5376344086021505,0.6779500437578784,0.005505905527703101,682
