name,type_cluster,scaffold,SSo,TUPOR_,TUPOR,SESY,ASER
DrugEx_GT_epsilon_0.6_125k_1,sim,murcko,124549,50/93,0.5376344086021505,0.6779500437578784,0.005475756529558648
