name,type_cluster,scaffold,SSo,TUPOR_,TUPOR,SESY,ASER
DrugEx_GT_epsilon_0.6_125k_0,sim,murcko,124565,98/172,0.5697674418604651,0.8051459077590013,0.029692576029361924
