name,type_cluster,scaffold,USo,SSo,TUPOR_,TUPOR,SESY,ASER,CwASo
GB_GA_mut_r_0.5_500k_0,dis,murcko,84539.0,377949.0,8/106,0.0754717,0.2236783,0.008114,3042.0
GB_GA_mut_r_0.5_500k_1,dis,murcko,87979.0,378790.0,2/96,0.0208333,0.2322633,1.85e-05,7.0
GB_GA_mut_r_0.5_500k_2,dis,murcko,103095.0,404429.0,1/102,0.0098039,0.254915,9.9e-06,4.0
GB_GA_mut_r_0.5_500k_3,dis,murcko,198501.0,499915.0,5/62,0.0806452,0.3970695,0.0031323,1561.0
GB_GA_mut_r_0.5_500k_4,dis,murcko,78107.0,368259.0,6/71,0.084507,0.212098,0.0182774,6610.0
GB_GA_mut_r_0.5_500k_mean,dis,murcko,110444.2,405868.4,-,0.0542522,0.2640048,0.0059104,2244.8
