name,type_cluster,scaffold,USo,SSo,TUPOR_,TUPOR,SESY,ASER,ACR,CwASo
GB_GA_mut_r_0.5_500k_0,dis,murcko,77211.0,428246.0,17/106,0.1603774,0.1802959,0.0247743,0.0002202,10353.0
GB_GA_mut_r_0.5_500k_1,dis,murcko,71068.0,422450.0,7/96,0.0729167,0.1682282,3.31e-05,9.85e-05,14.0
GB_GA_mut_r_0.5_500k_2,dis,murcko,74513.0,429875.0,7/102,0.0686275,0.1733364,0.0002583,9.4e-05,111.0
GB_GA_mut_r_0.5_500k_3,dis,murcko,77490.0,442514.0,9/62,0.1451613,0.1751131,0.1920436,0.0001162,71291.0
GB_GA_mut_r_0.5_500k_4,dis,murcko,70236.0,426305.0,10/71,0.1408451,0.1647553,0.0039162,0.0001424,1663.0
GB_GA_mut_r_0.5_500k_mean,dis,murcko,74103.6,429878.0,-,0.1175856,0.1723458,0.0442051,0.0001342,16686.4
