name,type_cluster,scaffold,SSo,TUPOR_,TUPOR,SESY,ASER
GB_GA_mut_r_0.5_500k_0,dis,murcko,464209,40/106,0.37735849056603776,0.2877346195355971,0.034346598191762764
