name,type_cluster,scaffold,USo,SSo,TUPOR_,TUPOR,SESY,ASER,CwASo
GB_GA_mut_r_0.5_500k_2,dis,murcko,103095,404429,1/102,0.00980392156862745,0.2549149541699532,9.890585399023305e-06,4
