name,type_cluster,scaffold,USo,SSo,TUPOR_,TUPOR,SESY,ASER,ACR,CwASo
GB_GA_mut_r_0.5_500k_0,dis,murcko,77211,428246,17/106,0.16037735849056603,0.18029590469029483,0.024774284326370626,0.00022022436976967122,10353
