name,type_cluster,scaffold,USo,SSo,TUPOR_,TUPOR,SESY,ASER,CwASo
GB_GA_mut_r_0.5_500k_1,dis,murcko,87979,378790,2/96,0.020833333333333332,0.2322632593257478,1.8480238025465768e-05,7
