name,type_cluster,scaffold,USo,SSo,TUPOR_,TUPOR,SESY,ASER,ACR,CwASo
GB_GA_mut_r_0.5_500k_1,dis,murcko,71068,422450,7/96,0.07291666666666667,0.1682281926855249,3.314111486710413e-05,9.850691659278647e-05,14
