name,type_cluster,scaffold,USo,SSo,TUPOR_,TUPOR,SESY,ASER,ACR,CwASo
GB_GA_mut_r_0.5_500k_4,dis,murcko,70236,426305,10/71,0.14084507042253522,0.16475528084352753,0.003916240032780554,0.00014239740267137527,1663
