name,type_cluster,scaffold,SSo,TUPOR_,TUPOR,SESY,ASER
GB_GA_mut_r_0.5_500k_3,dis,murcko,499915,5/62,0.08064516129032258,0.3970695018153086,0.003132311569687411
