name,type_cluster,scaffold,SSo,TUPOR_,TUPOR,SESY,ASER
GB_GA_mut_r_0.5_500k_3,dis,murcko,465239,14/62,0.22580645161290322,0.2790630192223782,0.07523444939052831
