name,type_cluster,scaffold,SSo,TUPOR_,TUPOR,SESY,ASER
GB_GA_mut_r_0.5_500k_0,dis,murcko,377949,8/106,0.07547169811320754,0.22367832697004092,0.008114012275044212
