name,type_cluster,scaffold,SSo,TUPOR_,TUPOR,SESY,ASER
GB_GA_mut_r_0.5_500k_1,dis,murcko,378790,2/96,0.020833333333333332,0.2322632593257478,1.847989651257953e-05
