name,type_cluster,scaffold,SSo,TUPOR_,TUPOR,SESY,ASER
GB_GA_mut_r_0.5_500k_2,dis,murcko,456581,32/102,0.3137254901960784,0.2514471692865012,0.0010950959413554221
