name,type_cluster,scaffold,SSo,TUPOR_,TUPOR,SESY,ASER
GB_GA_mut_r_0.5_500k_4,dis,murcko,453375,24/71,0.3380281690140845,0.2513349875930521,0.0024813895781637717
