name,type_cluster,scaffold,USo,SSo,TUPOR_,TUPOR,SESY,ASER,ACR,CwASo
GB_GA_mut_r_0.5_500k_3,dis,murcko,77490,442514,9/62,0.14516129032258066,0.17511310376620853,0.1920435964366432,0.00011615750958299454,71291
