name,type_cluster,scaffold,USo,SSo,TUPOR_,TUPOR,SESY,ASER,ACR,CwASo
GB_GA_mut_r_0.5_500k_2,dis,murcko,74513,429875,7/102,0.06862745098039216,0.17333643501017737,0.00025828128926573654,9.395216492631465e-05,111
