name,type_cluster,scaffold,USo,SSo,TUPOR_,TUPOR,SESY,ASER,CwASo
DrugEx_RNN_epsilon_0.1_250k_0,sim,csk,28840.0,244019.0,33/46,0.7173913,0.1181875,0.2121253,42704.0
DrugEx_RNN_epsilon_0.1_250k_1,sim,csk,24938.0,245561.0,22/44,0.5,0.1015552,0.0426599,10047.0
DrugEx_RNN_epsilon_0.1_250k_2,sim,csk,33677.0,246431.0,29/42,0.6904762,0.1366589,0.0244609,5884.0
DrugEx_RNN_epsilon_0.1_250k_3,sim,csk,24379.0,246332.0,18/42,0.4285714,0.0989681,0.0506489,11875.0
DrugEx_RNN_epsilon_0.1_250k_4,sim,csk,20758.0,238295.0,17/42,0.4047619,0.0871105,0.00317,753.0
DrugEx_RNN_epsilon_0.1_250k_mean,sim,csk,26518.4,244127.6,-,0.5482402,0.108496,0.066613,14252.6
