name,type_cluster,scaffold,USo,SSo,TUPOR_,TUPOR,SESY,ASER,CwASo
DrugEx_RNN_epsilon_0.1_250k_0,sim,csk,"28,840.0","244,019.0",33/46,0.7173913,0.1181875,0.2121253,"42,704.0"
DrugEx_RNN_epsilon_0.1_250k_1,sim,csk,"24,938.0","245,561.0",22/44,0.5,0.1015552,0.0426599,"10,047.0"
DrugEx_RNN_epsilon_0.1_250k_2,sim,csk,"33,677.0","246,431.0",29/42,0.6904762,0.1366589,0.0244609,"5,884.0"
DrugEx_RNN_epsilon_0.1_250k_3,sim,csk,"24,379.0","246,332.0",18/42,0.4285714,0.0989681,0.0506489,"11,875.0"
DrugEx_RNN_epsilon_0.1_250k_4,sim,csk,"20,758.0","238,295.0",17/42,0.4047619,0.0871105,0.00317,753.0
DrugEx_RNN_epsilon_0.1_250k_mean,sim,csk,"26,518.4","244,127.6",-,0.5482402,0.108496,0.066613,"14,252.6"
