name,type_cluster,scaffold,USo,SSo,TUPOR_,TUPOR,SESY,ASER,CwASo
DrugEx_RNN_epsilon_0.1_250k_4,sim,csk,20758,238295,17/42,0.40476190476190477,0.08711051427852032,0.0031699657323757484,753
