name,type_cluster,scaffold,SSo,TUPOR_,TUPOR,SESY,ASER
DrugEx_RNN_epsilon_0.1_250k_2,sim,csk,246431,29/42,0.6904761904761905,0.13665894307128568,0.024460916161914304
