name,type_cluster,scaffold,USo,SSo,TUPOR_,TUPOR,SESY,ASER,CwASo
DrugEx_RNN_epsilon_0.1_250k_0,sim,csk,28840,244019,33/46,0.717391304347826,0.11818751818505936,0.2121252763082731,42704
