name,type_cluster,scaffold,SSo,TUPOR_,TUPOR,SESY,ASER
DrugEx_RNN_epsilon_0.1_250k_3,sim,csk,246332,18/42,0.42857142857142855,0.09896805936703311,0.04820729746845721
