name,type_cluster,scaffold,SSo,TUPOR_,TUPOR,SESY,ASER
DrugEx_RNN_epsilon_0.1_250k_0,sim,csk,244019,33/46,0.717391304347826,0.11818751818505936,0.1750027661780435
