name,type_cluster,scaffold,SSo,TUPOR_,TUPOR,SESY,ASER
addcarbon_250k_0,sim,csk,"250,000.0",21/46,0.4565217,0.003812,0.02976
addcarbon_250k_1,sim,csk,"250,000.0",16/44,0.3636364,0.003764,0.0103
addcarbon_250k_2,sim,csk,"250,000.0",12/42,0.2857143,0.00386,0.009772
addcarbon_250k_3,sim,csk,"250,000.0",15/42,0.3571429,0.00364,0.010592
addcarbon_250k_4,sim,csk,"250,000.0",12/42,0.2857143,0.00374,0.003348
addcarbon_250k_mean,sim,csk,"250,000.0",-,0.3497459,0.0037632,0.0127544
