name,type_cluster,scaffold,SSo,TUPOR_,TUPOR,SESY,ASER
addcarbon_250k_2,sim,csk,250000,12/42,0.2857142857142857,0.00386,0.009868434340374136
