name,type_cluster,scaffold,USo,SSo,TUPOR_,TUPOR,SESY,ASER,CwASo
addcarbon_250k_0,sim,csk,953,250000,21/46,0.45652173913043476,0.003812,0.03067282321899736,7440
