name,type_cluster,scaffold,USo,SSo,TUPOR_,TUPOR,SESY,ASER,CwASo
addcarbon_250k_3,sim,csk,910,250000,15/42,0.35714285714285715,0.00364,0.010705391506840455,2648
