name,type_cluster,scaffold,USo,SSo,TUPOR_,TUPOR,SESY,ASER,CwASo
addcarbon_250k_1,sim,csk,941,250000,16/44,0.36363636363636365,0.003764,0.010407194099221986,2575
