name,type_cluster,scaffold,USo,SSo,TUPOR_,TUPOR,SESY,ASER,ACR,CwASo
addcarbon_10k_4,dis,murcko,2013,10000,2/98,0.02040816326530612,0.2013,0.002506265664160401,0.000994530084535057,25
