name,type_cluster,scaffold,USo,SSo,TUPOR_,TUPOR,SESY,ASER,ASR,CwASo
addcarbon_500k_0,dis,murcko,"2,334.0","500,000.0",0/92,0.0,0.004668,0.0,0.0,0.0
addcarbon_500k_1,dis,murcko,"3,309.0","500,000.0",1/34,0.0294118,0.006618,0.0006965,0.0003023,348.0
addcarbon_500k_2,dis,murcko,"2,884.0","500,000.0",0/64,0.0,0.005768,0.0,0.0,0.0
addcarbon_500k_3,dis,murcko,"3,202.0","500,000.0",2/76,0.0263158,0.006404,0.000108,0.000625,54.0
addcarbon_500k_4,dis,murcko,"3,116.0","500,000.0",2/98,0.0204082,0.006232,0.0028984,0.0006423,"1,445.0"
addcarbon_500k_mean,dis,murcko,"2,969.0","500,000.0",-,0.0152271,0.005938,0.0007406,0.0003139,369.4
