name,type_cluster,scaffold,USo,SSo,TUPOR_,TUPOR,SESY,ASER,ACR,CwASo
addcarbon_500k_1,dis,murcko,3309,500000,1/34,0.029411764705882353,0.006618,0.0006964847533883582,0.0003022974607013301,348
