name,type_cluster,scaffold,USo,SSo,TUPOR_,TUPOR,SESY,ASER,ACR,CwASo
addcarbon_500k_3,dis,murcko,3202,500000,2/76,0.02631578947368421,0.006404,0.00010801166525984806,0.000625,54
