name,type_cluster,scaffold,USo,SSo,TUPOR_,TUPOR,SESY,ASER,CwASo
addcarbon_125k_1,dis,csk,937,125000,1/23,0.043478260869565216,0.007496,0.0038467407104022613,479
