name,type_cluster,scaffold,USo,SSo,TUPOR_,TUPOR,SESY,ASER,CwASo
addcarbon_125k_4,dis,csk,929,125000,2/43,0.046511627906976744,0.007432,0.003435764056128183,428
