name,type_cluster,scaffold,USo,SSo,TUPOR_,TUPOR,SESY,ASER,CwASo
addcarbon_125k_3,dis,csk,887,125000,1/37,0.02702702702702703,0.007096,0.00040016006402561027,50
