name,type_cluster,scaffold,USo,SSo,TUPOR_,TUPOR,SESY,ASER,CwASo
Molpher_125k_2,sim,murcko,37724,125016,13/58,0.22413793103448276,0.3017533755679273,0.0023893904648887893,298
