name,type_cluster,scaffold,USo,SSo,TUPOR_,TUPOR,SESY,ASER,CwASo
Molpher_125k_0,sim,murcko,38902,125345,26/115,0.22608695652173913,0.3103594080338266,0.00945470359423698,1174
