name,type_cluster,scaffold,USo,SSo,TUPOR_,TUPOR,SESY,ASER,CwASo
Molpher_125k_1,sim,murcko,37786,125076,19/100,0.19,0.30210432057309156,0.013581847649918963,1676
