name,type_cluster,scaffold,SSo,TUPOR_,TUPOR,SESY,ASER
Molpher_125k_0,sim,murcko,125345,26/115,0.22608695652173913,0.3103594080338266,0.00936614942757988
