name,type_cluster,scaffold,SSo,TUPOR_,TUPOR,SESY,ASER
Molpher_125k_3,sim,murcko,125013,9/51,0.17647058823529413,0.3010806876084887,0.0026237271323782327
