name,type_cluster,scaffold,USo,SSo,TUPOR_,TUPOR,SESY,ASER,CwASo
Molpher_125k_3,sim,murcko,37639,125013,9/51,0.17647058823529413,0.3010806876084887,0.0026306291855475797,328
