name,type_cluster,scaffold,SSo,TUPOR_,TUPOR,SESY,ASER
DrugEx_RNN_epsilon_0.6_62.5k_1,dis,murcko,61531,8/96,0.08333333333333333,0.6520290585233459,0.0008620970103126322
