name,type_cluster,scaffold,SSo,TUPOR_,TUPOR,SESY,ASER
DrugEx_RNN_epsilon_0.6_62.5k_3,dis,murcko,62065,7/62,0.11290322580645161,0.6502698783533393,0.03135697430954834
