name,type_cluster,scaffold,USo,SSo,TUPOR_,TUPOR,SESY,ASER,CwASo
DrugEx_RNN_epsilon_0.6_62.5k_4,dis,murcko,35915,60920,22/71,0.30985915492957744,0.5895436638214051,0.006875578474150469,416
