name,type_cluster,scaffold,SSo,TUPOR_,TUPOR,SESY,ASER
DrugEx_RNN_epsilon_0.6_62.5k_0,dis,murcko,61843,23/106,0.2169811320754717,0.6732855779958928,0.008279029154471807
