name,type_cluster,scaffold,SSo,TUPOR_,TUPOR,SESY,ASER
GB_GA_mut_r_0.01_0,sim,murcko,"970,116.0",91/172,0.5290698,0.3633875,0.0614597
GB_GA_mut_r_0.01_1,sim,murcko,"958,878.0",55/93,0.5913978,0.2302962,0.0071187
GB_GA_mut_r_0.01_2,sim,murcko,"954,807.0",34/65,0.5230769,0.2311242,0.0116296
GB_GA_mut_r_0.01_3,sim,murcko,"955,239.0",25/57,0.4385965,0.2346805,0.0154527
GB_GA_mut_r_0.01_4,sim,murcko,"956,949.0",15/50,0.3,0.2389145,0.0004974
GB_GA_mut_r_0.01_mean,sim,murcko,"959,197.8",-,0.4764282,0.2596806,0.0192316
