name,type_cluster,scaffold,USo,SSo,TUPOR_,TUPOR,SESY,ASER,ACR,CwASo
GB_GA_mut_r_0.01_2,sim,murcko,166002,892970,5/65,0.07692307692307693,0.18589874239896076,0.0077109972837157235,3.0121026283607535e-05,6833
