name,type_cluster,scaffold,USo,SSo,TUPOR_,TUPOR,SESY,ASER,ACR,CwASo
GB_GA_mut_r_0.01_1,sim,murcko,162480,873184,9/93,0.0967741935483871,0.18607761937919157,0.005397837180597263,5.5394501172516944e-05,4688
