name,type_cluster,scaffold,SSo,TUPOR_,TUPOR,SESY,ASER
GB_GA_mut_r_0.01_3,sim,murcko,900977,4/57,0.07017543859649122,0.21666257851199308,0.0008208940302453352
