name,type_cluster,scaffold,SSo,TUPOR_,TUPOR,SESY,ASER
GB_GA_mut_r_0.01_2,sim,murcko,954807,34/65,0.5230769230769231,0.2311241957798801,0.011629575401102004
