name,type_cluster,scaffold,USo,SSo,TUPOR_,TUPOR,SESY,ASER,ACR,CwASo
GB_GA_mut_r_0.01_3,sim,murcko,195208,900977,4/57,0.07017543859649122,0.21666257851199308,0.0008208940302453352,2.049138337329153e-05,739
