name,type_cluster,scaffold,SSo,TUPOR_,TUPOR,SESY,ASER
GB_GA_mut_r_0.01_3,sim,murcko,955239,25/57,0.43859649122807015,0.23468053544714987,0.0154526772880923
