name,type_cluster,scaffold,SSo,TUPOR_,TUPOR,SESY,ASER
GB_GA_mut_r_0.01_1,sim,murcko,873184,9/93,0.0967741935483871,0.18607761937919157,0.0053688569648550595
