name,type_cluster,scaffold,SSo,TUPOR_,TUPOR,SESY,ASER
GB_GA_log_p_mut_r_0.5_500k_0,sim,murcko,499962,22/172,0.12790697674418605,0.4782243450502238,0.017211308059412515
