name,type_cluster,scaffold,SSo,TUPOR_,TUPOR,SESY,ASER
GB_GA_log_p_mut_r_0.5_500k_3,sim,murcko,406640,3/57,0.05263157894736842,0.2517435569545544,0.00041560102301790283
