name,type_cluster,scaffold,SSo,TUPOR_,TUPOR,SESY,ASER
GB_GA_log_p_mut_r_0.01_500k_4,dis,csk,424134,13/41,0.3170731707317073,0.0567580057246059,0.032569895363257835
