name,type_cluster,scaffold,USo,SSo,TUPOR_,TUPOR,SESY,ASER,ACR,CwASo
DrugEx_GT_epsilon_0.6_10k_0,sim,csk,6740.0,9997.0,23/38,0.6052632,0.6742023,0.0183355,0.0034241,180.0
DrugEx_GT_epsilon_0.6_10k_1,sim,csk,5944.0,9997.0,22/38,0.5789474,0.5945784,0.0310437,0.003715,301.0
DrugEx_GT_epsilon_0.6_10k_2,sim,csk,6067.0,9994.0,15/37,0.4054054,0.6070642,0.0104135,0.0024785,103.0
DrugEx_GT_epsilon_0.6_10k_3,sim,csk,5646.0,9990.0,20/35,0.5714286,0.5651652,0.0168974,0.0035549,166.0
DrugEx_GT_epsilon_0.6_10k_4,sim,csk,5742.0,9996.0,16/35,0.4571429,0.5744298,0.0080678,0.0027943,80.0
DrugEx_GT_epsilon_0.6_10k_mean,sim,csk,6027.8,9994.8,-,0.5236375,0.603088,0.0169516,0.0031934,166.0
