name,type_cluster,scaffold,USo,SSo,TUPOR_,TUPOR,SESY,ASER,CwASo
DrugEx_GT_epsilon_0.1_125k_3,sim,csk,33076,124988,24/35,0.6857142857142857,0.2646334048068615,0.015823993628140215,1947
