name,type_cluster,scaffold,USo,SSo,TUPOR_,TUPOR,SESY,ASER,CwASo
DrugEx_GT_epsilon_0.1_125k_2,sim,csk,30295,124895,10/37,0.2702702702702703,0.2425637535529845,0.0025526381274232,318
