name,type_cluster,scaffold,USo,SSo,TUPOR_,TUPOR,SESY,ASER,CwASo
DrugEx_GT_epsilon_0.1_125k_4,sim,csk,34738,124905,6/35,0.17142857142857143,0.2781153676794364,0.00014413029378558217,18
