name,type_cluster,scaffold,SSo,TUPOR_,TUPOR,SESY,ASER
DrugEx_GT_epsilon_0.1_125k_0,sim,csk,124906,22/38,0.5789473684210527,0.30265960001921444,0.008190158999567675
