name,type_cluster,scaffold,SSo,TUPOR_,TUPOR,SESY,ASER
DrugEx_GT_epsilon_0.1_125k_2,sim,csk,124895,10/37,0.2702702702702703,0.2425637535529845,0.0025461387565555065
