name,type_cluster,scaffold,USo,SSo,TUPOR_,TUPOR,SESY,ASER,CwASo
DrugEx_GT_epsilon_0.1_125k_0,sim,csk,37804,124906,22/38,0.5789473684210527,0.30265960001921444,0.008257791625969665,1023
