name,type_cluster,scaffold,USo,SSo,TUPOR_,TUPOR,TUPOR_unique,TUPOR_set,SESY,ASER,CwASo
GB_GA_2,sim,csk,3034,10000,9/37,0.24324324324324326,0.8017245986922981,0.24324324324324326,0.3034,0.0343,343
