name,type_cluster,scaffold,USo,SSo,TUPOR_,TUPOR,TUPOR_unique,TUPOR_1,TUPOR_2,SESY,ASER,CwASo
GB_GA_3,sim,csk,2620,10000,18/35,0.5142857142857142,1.9629225736095965,0.00324,0.24253714285714284,0.262,0.0289,289
