name,type_cluster,scaffold,USo,SSo,TUPOR_,TUPOR,TUPOR_unique,TUPOR_1,TUPOR_2,SESY,ASER,CwASo,metric_1,metric_2
GB_GA_0,sim,csk,2455,10000,17/38,0.4473684210526316,1.8222746275056276,0.021742105263157892,1.404654432132964,0.2455,0.0163,163,0.00697292863002461,0.016570092507878418
