name,type_cluster,scaffold,uniq_scaffolds,set_size,TUPOR_,TUPOR,TUPOR_unique,TUPOR_set,SESY,ASER,tRS
GB_GA_4,sim,csk,2751,9998,11/35,0.3142857142857143,0.0047982551799345685,0.001320264052810562,0.27515503100620126,0.005001000200040008,50
