name,type_cluster,scaffold,USo,SSo,TUPOR_,TUPOR,SESY,ASER,ASR,CwASo
DrugEx_RNN_epsilon_0.1_500k_0,sim,csk,59846.0,499775.0,21/38,0.5526316,0.1197459,0.0226203,0.000351,11055.0
DrugEx_RNN_epsilon_0.1_500k_1,sim,csk,64873.0,499773.0,18/38,0.4736842,0.1298049,0.0240096,0.0002775,11718.0
DrugEx_RNN_epsilon_0.1_500k_2,sim,csk,40246.0,498961.0,10/37,0.2702703,0.0806596,0.0323765,0.0002485,15648.0
DrugEx_RNN_epsilon_0.1_500k_3,sim,csk,67327.0,499704.0,11/35,0.3142857,0.1347338,0.0218561,0.0001634,10688.0
DrugEx_RNN_epsilon_0.1_500k_4,sim,csk,58276.0,499688.0,15/35,0.4285714,0.1166248,0.0022364,0.0002575,1115.0
DrugEx_RNN_epsilon_0.1_500k_mean,sim,csk,58113.6,499580.2,-,0.4078886,0.1163138,0.0206198,0.0002596,10044.8
