name,type_cluster,scaffold,SSo,TUPOR_,TUPOR,SESY,ASER
DrugEx_RNN_epsilon_0.1_500k_0,sim,csk,"499,775.0",21/38,0.5526316,0.1197459,0.02212
DrugEx_RNN_epsilon_0.1_500k_1,sim,csk,"499,773.0",18/38,0.4736842,0.1298049,0.0234466
DrugEx_RNN_epsilon_0.1_500k_2,sim,csk,"498,961.0",10/37,0.2702703,0.0806596,0.0313612
DrugEx_RNN_epsilon_0.1_500k_3,sim,csk,"499,704.0",11/35,0.3142857,0.1347338,0.0213887
DrugEx_RNN_epsilon_0.1_500k_4,sim,csk,"499,688.0",15/35,0.4285714,0.1166248,0.0022314
DrugEx_RNN_epsilon_0.1_500k_mean,sim,csk,"499,580.2",-,0.4078886,0.1163138,0.0201096
