name,type_cluster,scaffold,USo,SSo,TUPOR_,TUPOR,SESY,ASER,ACR,CwASo
DrugEx_RNN_epsilon_0.1_500k_0,sim,csk,"59,846.0","499,775.0",21/38,0.5526316,0.1197459,0.0226203,0.000351,"11,055.0"
DrugEx_RNN_epsilon_0.1_500k_1,sim,csk,"64,873.0","499,773.0",18/38,0.4736842,0.1298049,0.0240096,0.0002775,"11,718.0"
DrugEx_RNN_epsilon_0.1_500k_2,sim,csk,"40,246.0","498,961.0",10/37,0.2702703,0.0806596,0.0323765,0.0002485,"15,648.0"
DrugEx_RNN_epsilon_0.1_500k_3,sim,csk,"67,327.0","499,704.0",11/35,0.3142857,0.1347338,0.0218561,0.0001634,"10,688.0"
DrugEx_RNN_epsilon_0.1_500k_4,sim,csk,"58,276.0","499,688.0",15/35,0.4285714,0.1166248,0.0022364,0.0002575,"1,115.0"
DrugEx_RNN_epsilon_0.1_500k_mean,sim,csk,"58,113.6","499,580.2",-,0.4078886,0.1163138,0.0206198,0.0002596,"10,044.8"
