name,type_cluster,scaffold,USo,SSo,TUPOR_,TUPOR,SESY,ASER,ASR,CwASo
DrugEx_RNN_epsilon_0.1_500k_0,sim,csk,59846,499775,21/38,0.5526315789473685,0.11974588564854184,0.022620314290391227,0.0003510238194734643,11055
