name,type_cluster,scaffold,SSo,TUPOR_,TUPOR,SESY,ASER
DrugEx_RNN_epsilon_0.1_500k_4,sim,csk,499688,15/35,0.42857142857142855,0.11662477385888795,0.0022313923888506427
