name,type_cluster,scaffold,USo,SSo,TUPOR_,TUPOR,SESY,ASER,ACR,CwASo
DrugEx_RNN_epsilon_0.1_500k_1,sim,csk,64873,499773,18/38,0.47368421052631576,0.12980493143887326,0.02400958908319759,0.0002775422095443682,11718
