name,type_cluster,scaffold,USo,SSo,TUPOR_,TUPOR,SESY,ASER,ACR,CwASo
DrugEx_RNN_epsilon_0.1_500k_4,sim,csk,58276,499688,15/35,0.42857142857142855,0.11662477385888795,0.0022363826360432674,0.0002574621101594549,1115
