name,type_cluster,scaffold,USo,SSo,TUPOR_,TUPOR,SESY,ASER,ACR,CwASo
DrugEx_RNN_epsilon_0.1_500k_2,sim,csk,40246,498961,10/37,0.2702702702702703,0.08065961067097428,0.03237653446110492,0.0002485336514564072,15648
