name,type_cluster,scaffold,USo,SSo,TUPOR_,TUPOR,SESY,ASER,ASR,CwASo
DrugEx_RNN_epsilon_0.1_500k_3,sim,csk,67327,499704,11/35,0.3142857142857143,0.1347337623873333,0.021856135586565673,0.00016340840216293303,10688
