name,type_cluster,scaffold,SSo,TUPOR_,TUPOR,SESY,ASER
DrugEx_RNN_epsilon_0.1_500k_2,sim,csk,498961,10/37,0.2702702702702703,0.08065961067097428,0.03136116850815995
