name,type_cluster,scaffold,SSo,TUPOR_,TUPOR,SESY,ASER
DrugEx_RNN_epsilon_0.1_500k_3,sim,csk,499704,11/35,0.3142857142857143,0.1347337623873333,0.02138866208795607
