name,type_cluster,scaffold,SSo,TUPOR_,TUPOR,SESY,ASER
DrugEx_RNN_epsilon_0.1_500k_1,sim,csk,499773,18/38,0.47368421052631576,0.12980493143887326,0.023446644776728635
