name,type_cluster,scaffold,USo,SSo,TUPOR_,TUPOR,SESY,ASER,ACR,CwASo
addcarbon_4,dis,murcko,5476,1000000,2/71,0.028169014084507043,0.005476,0.00012601587800062809,0.00036536353671903543,126
