name,type_cluster,scaffold,USo,SSo,TUPOR_,TUPOR,SESY,ASER,ACR,CwASo
addcarbon_2,dis,murcko,4450,1000000,11/102,0.10784313725490197,0.00445,0.0007375435696108032,0.0024780355936021626,737
