name,type_cluster,scaffold,SSo,TUPOR_,TUPOR,SESY,ASER
GB_GA_log_p_mut_r_0.01_0,dis,murcko,999990,2/92,0.021739130434782608,0.3791837918379184,1.000010000100001e-05
