name,type_cluster,scaffold,SSo,TUPOR_,TUPOR,SESY,ASER
GB_GA_log_p_mut_r_0.01_1,dis,murcko,999879,5/34,0.14705882352941177,0.37687260158479174,3.6004356527139784e-05
