name,type_cluster,scaffold,USo,SSo,TUPOR_,TUPOR,TUPOR_unique,TUPOR_1,TUPOR_2,SESY,ASER,CwASo,KL_OS_IS,KL_OS_RS
DrugEx_RNN_0,dis,murcko,421041.0,862452.0,13/92,0.1413043,0.0033561,2.95e-05,0.1349676,0.4881906,0.0009821,847.0,0.0018548732107077,0.0373306583831795
DrugEx_RNN_1,dis,murcko,431146.0,861498.0,18/34,0.5294118,0.0122792,3.87e-05,0.4909365,0.5004608,0.0002821,243.0,0.003094627685758,0.0764858386603114
DrugEx_RNN_2,dis,murcko,410118.0,872079.0,5/64,0.078125,0.0019049,1.67e-05,0.1067766,0.4702762,8.49e-05,74.0,0.0027673222532552,0.0618500938570309
DrugEx_RNN_3,dis,murcko,410352.0,854944.0,37/76,0.4868421,0.011864,0.0001304,0.7040912,0.4799753,0.0021744,1859.0,0.00317296929183,0.0345146982770462
DrugEx_RNN_4,dis,murcko,488637.0,896063.0,39/98,0.3979592,0.0081443,0.000135,0.6731841,0.5453155,0.0012466,1117.0,0.0069319598542857,0.0545246934213118
DrugEx_RNN_mean,dis,murcko,432258.8,869407.2,-,0.3267285,0.0075097,7.01e-05,0.4219912,0.4968437,0.000954,828.0,0.0035643504591673196,0.052941196519775954
