name,type_cluster,scaffold,USo,SSo,TUPOR_,TUPOR,TUPOR_unique,TUPOR_set,SESY,ASER,CwASo
DrugEx_RNN_0,dis,murcko,420950,862101,13/92,0.14130434782608695,0.0033567964800115683,0.0016390695269589868,0.48828385537193436,0.0009824834909134778,847
