name,type_cluster,scaffold,USo,SSo,TUPOR_,TUPOR,TUPOR_unique,TUPOR_set,SESY,ASER,CwASo
DrugEx_RNN_2,dis,murcko,410053,871867,5/64,0.078125,0.0019052415175599253,0.0008960655696339006,0.470316000032115,8.487533075572307e-05,74
