name,type_cluster,scaffold,USo,SSo,TUPOR_,TUPOR,TUPOR_unique,TUPOR_set,SESY,ASER,CwASo
DrugEx_RNN_4,dis,murcko,488634,896048,39/98,0.3979591836734694,0.00814432036398346,0.004441270821133125,0.5453212327911005,0.0012465850043747657,1117
