name,type_cluster,scaffold,USo,SSo,TUPOR_,TUPOR,TUPOR_unique,TUPOR_set,SESY,ASER,CwASo
DrugEx_RNN_3,dis,murcko,410335,854881,37/76,0.4868421052631579,0.011864503521833573,0.005694852327553869,0.4799907823428056,0.002173401912078991,1858
