name,type_cluster,scaffold,USo,SSo,TUPOR_,TUPOR,TUPOR_unique,TUPOR_set,SESY,ASER,CwASo
DrugEx_RNN_1,dis,murcko,431050,861153,18/34,0.5294117647058824,0.012281910792387945,0.006147708533859632,0.5005498442204811,0.0002810185878699836,242
