TSNE1,TSNE2,label
145.9329,-112.30022,drugex3
63.373325,175.5091,drugex3
-119.93317,143.8595,drugex3
-20.182522,-170.73343,drugex3
-342.37915,51.16504,drugex3
