TSNE1,TSNE2,label
7.976266,16.447428,new_refer
22.731504,-12.440095,new_refer
65.47233,11.164809,new_refer
28.821087,41.982132,new_refer
-22.482525,-22.218607,new_refer
