TSNE1,TSNE2,label
17.368305,-69.29165,drugex1
56.85831,15.202714,drugex1
3.8266506,58.540855,drugex1
-79.92428,-43.694393,drugex1
-6.8700037,-20.653076,drugex1
