TSNE1,TSNE2,label
20.760218,1.032118,reinvent
-9.008294,25.599863,reinvent
1.6340555,60.397106,reinvent
18.39739,-34.12952,reinvent
-9.218301,-1.752989,reinvent
