TSNE1,TSNE2,label
10.361946,92.6528,drugex2
33.56143,65.89799,drugex2
41.416763,91.46079,drugex2
4.059372,45.225834,drugex2
51.96385,120.00004,drugex2
