name,type_cluster,scaffold,SSo,TUPOR_,TUPOR,SESY,ASER
GB_GA_new_mut_r_0.01_0,sim,murcko,980527,54/115,0.46956521739130436,0.30662286709086034,0.018381951746356807
