name,type_cluster,scaffold,SSo,TUPOR_,TUPOR,SESY,ASER
GB_GA_new_mut_r_0.01_3,sim,murcko,968654,28/51,0.5490196078431373,0.23353849775048677,0.003530672458896572
