name,type_cluster,scaffold,USo,SSo,TUPOR_,TUPOR,TUPOR_unique,TUPOR_set,SESY,ASER,CwASo
DrugEx_RNN_0,sim,murcko,"483,878.0","887,417.0",61/115,0.5304348,0.0109622,0.0059773,0.5452656,0.0052512,"4,660.0"
DrugEx_RNN_1,sim,murcko,"433,046.0","850,901.0",49/100,0.49,0.0113152,0.0057586,0.5089264,0.0052838,"4,496.0"
DrugEx_RNN_2,sim,murcko,"374,370.0","849,994.0",28/58,0.4827586,0.0128952,0.0056796,0.4404384,0.0005424,461.0
DrugEx_RNN_3,sim,murcko,"761,497.0","992,542.0",8/51,0.1568627,0.0020599,0.0015804,0.7672189,8.66e-05,86.0
DrugEx_RNN_4,sim,murcko,"444,393.0","864,622.0",14/40,0.35,0.0078759,0.004048,0.5139737,0.0001469,127.0
DrugEx_RNN_mean,sim,murcko,"499,436.8","889,095.2",-,0.4020112,0.0090217,0.0046088,0.5551646,0.0022622,"1,966.0"
