name,type_cluster,scaffold,USo,SSo,TUPOR_,TUPOR,TUPOR_unique,TUPOR_1,TUPOR_2,SESY,ASER,CwASo,metric_1,metric_2
DrugEx_RNN_0,sim,murcko,483930.0,887553.0,61/115,0.5304348,0.010961,0.0002905,1.2222461,0.5452407,0.0052572,4666.0,0.0001261,0.0052849
DrugEx_RNN_1,sim,murcko,433139.0,851177.0,49/100,0.49,0.0113128,0.0001359,0.588458,0.5088707,0.005288,4501.0,0.0001131,0.0053161
DrugEx_RNN_2,sim,murcko,374461.0,850330.0,28/58,0.4827586,0.0128921,7.66e-05,0.4948287,0.4403714,0.0005421,461.0,7.48e-05,0.0005424
DrugEx_RNN_3,sim,murcko,761499.0,992544.0,8/51,0.1568627,0.0020599,1e-05,0.1486653,0.7672194,8.66e-05,86.0,1.05e-05,8.67e-05
DrugEx_RNN_4,sim,murcko,444488.0,864961.0,14/40,0.35,0.0078742,1.7e-05,0.1888517,0.5138821,0.0001468,127.0,3.15e-05,0.0001468
DrugEx_RNN_mean,sim,murcko,499503.4,889313.0,-,0.4020112,0.00902,0.000106,0.52861,0.5551168,0.0022641,1968.2,7.12e-05,0.0022754
