name,type_cluster,scaffold,USo,SSo,TUPOR_,TUPOR,TUPOR_unique,TUPOR_set,SESY,ASER,CwASo
DrugEx_RNN_2,sim,murcko,374370,849994,28/58,0.4827586206896552,0.012895227200086951,0.005679553275548477,0.4404384030946101,0.000542356769577197,461
