name,type_cluster,scaffold,USo,SSo,TUPOR_,TUPOR,TUPOR_unique,TUPOR_set,SESY,ASER,CwASo
DrugEx_RNN_0,sim,murcko,483878,887417,61/115,0.5304347826086957,0.010962159523861297,0.005977288947684073,0.5452656417445237,0.005251195323055564,4660
