name,type_cluster,scaffold,USo,SSo,TUPOR_,TUPOR,TUPOR_unique,TUPOR_set,SESY,ASER,CwASo
DrugEx_RNN_4,sim,murcko,444393,864622,14/40,0.35,0.007875911636771956,0.004048011732294575,0.5139737364998809,0.00014688499714326028,127
