name,type_cluster,scaffold,USo,SSo,TUPOR_,TUPOR,TUPOR_unique,TUPOR_set,SESY,ASER,CwASo
DrugEx_RNN_3,sim,murcko,761497,992542,8/51,0.1568627450980392,0.002059925976045069,0.0015804141799343424,0.767218918695632,8.664620741490033e-05,86
