name,type_cluster,scaffold,USo,SSo,TUPOR_,TUPOR,TUPOR_unique,TUPOR_1,TUPOR_2,SESY,ASER,CwASo
DrugEx_RNN_desired_0,dis,csk,31024.0,114010.0,20/40,0.5,0.1611655,0.0007894,0.6122621,0.2721165,0.0036049,411.0
DrugEx_RNN_desired_1,dis,csk,34282.0,119130.0,17/23,0.7391304,0.2156031,0.0003909,0.5826112,0.2877697,0.007177,855.0
DrugEx_RNN_desired_2,dis,csk,28627.0,106986.0,7/40,0.175,0.0611311,0.0003042,0.2177408,0.2675771,0.0014394,154.0
DrugEx_RNN_desired_3,dis,csk,31362.0,116933.0,22/37,0.5945946,0.1895908,0.0011644,0.9870096,0.2682049,0.0127167,1487.0
DrugEx_RNN_desired_4,dis,csk,33886.0,95047.0,32/43,0.744186,0.2196146,0.0023802,1.8757223,0.3565184,0.0079329,754.0
DrugEx_RNN_desired_mean,dis,csk,31836.2,110421.2,-,0.5505822,0.169421,0.0010058,0.8550692,0.2904373,0.0065742,732.2
