name,type_cluster,scaffold,USo,SSo,TUPOR_,TUPOR,TUPOR_unique,TUPOR_1,TUPOR_2,SESY,ASER,CwASo
DrugEx_RNN_desired_3,dis,csk,31362,116933,22/37,0.5945945945945946,0.1895907769257683,0.001164445983273859,0.9870095926333723,0.2682048694551581,0.012716683913010014,1487
