name,type_cluster,scaffold,USo,SSo,TUPOR_,TUPOR,SESY,ASER,CwASo
GB_GA_mut_r_0.01_125k_1,dis,csk,36021,124987,11/23,0.4782608695652174,0.28819797258914925,0.001546548712277834,193
