name,type_cluster,scaffold,SSo,TUPOR_,TUPOR,SESY,ASER
GB_GA_mut_r_0.01_125k_2,dis,csk,121816,15/40,0.375,0.12843140474157747,0.002142575687922769
