name,type_cluster,scaffold,SSo,TUPOR_,TUPOR,SESY,ASER
GB_GA_mut_r_0.01_125k_1,dis,csk,121230,15/23,0.6521739130434783,0.11518601006351563,0.0021281860925513488
