name,type_cluster,scaffold,USo,SSo,TUPOR_,TUPOR,SESY,ASER,CwASo
GB_GA_mut_r_0.01_125k_3,dis,csk,38483,124996,14/37,0.3783783783783784,0.30787385196326283,0.002156710255197351,269
