name,type_cluster,scaffold,SSo,TUPOR_,TUPOR,SESY,ASER
GB_GA_mut_r_0.01_125k_3,dis,csk,121442,20/37,0.5405405405405406,0.1140791488941223,0.02872152961907742
