name,type_cluster,scaffold,SSo,TUPOR_,TUPOR,SESY,ASER
GB_GA_mut_r_0.01_125k_0,dis,csk,124999,11/40,0.275,0.30070640565124523,0.0016080128641029127
