name,type_cluster,scaffold,USo,SSo,TUPOR_,TUPOR,SESY,ASER,CwASo
GB_GA_mut_r_0.01_125k_4,dis,csk,40135,124991,24/43,0.5581395348837209,0.32110311942459857,0.00916386771734918,1135
