name,type_cluster,scaffold,SSo,TUPOR_,TUPOR,SESY,ASER
GB_GA_mut_r_0.01_125k_4,dis,csk,120230,33/43,0.7674418604651163,0.11737503119021875,0.03532396240538967
