name,type_cluster,scaffold,USo,SSo,TUPOR_,TUPOR,SESY,ASER,CwASo
GB_GA_mut_r_0.01_125k_0,dis,csk,37588,124999,11/40,0.275,0.30070640565124523,0.0016106027340181733,201
