name,type_cluster,scaffold,SSo,TUPOR_,TUPOR,SESY,ASER
REINVENT_125k_0,dis,csk,124204.0,6/40,0.15,0.1365415,0.0007729
REINVENT_125k_1,dis,csk,123398.0,8/23,0.3478261,0.22425,0.0001945
REINVENT_125k_2,dis,csk,124401.0,0/40,0.0,0.1559393,0.0
REINVENT_125k_3,dis,csk,121310.0,20/37,0.5405405,0.2697057,0.0137499
REINVENT_125k_4,dis,csk,123494.0,14/43,0.3255814,0.237469,0.0075388
REINVENT_125k_mean,dis,csk,123361.4,-,0.2727896,0.2047811,0.0044512
