name,type_cluster,scaffold,SSo,TUPOR_,TUPOR,SESY,ASER
REINVENT_125k_4,dis,csk,123494,14/43,0.32558139534883723,0.23746902683531185,0.0075388277973018935
