name,type_cluster,scaffold,SSo,TUPOR_,TUPOR,SESY,ASER
REINVENT_125k_0,dis,csk,124204,6/40,0.15,0.13654149624810796,0.0007729219670864063
