name,type_cluster,scaffold,USo,SSo,TUPOR_,TUPOR,SESY,ASER,CwASo
REINVENT_125k_3,dis,csk,32717,121309,20/37,0.5405405405405406,0.26969969252075277,0.013941708945929906,1668
