name,type_cluster,scaffold,SSo,TUPOR_,TUPOR,SESY,ASER
REINVENT_125k_1,dis,csk,123398,8/23,0.34782608695652173,0.2242499878442114,0.00019449261738439845
