name,type_cluster,scaffold,USo,SSo,TUPOR_,TUPOR,SESY,ASER,CwASo
REINVENT_125k_1,dis,csk,27672,123398,8/23,0.34782608695652173,0.2242499878442114,0.00019453045212119248,24
