name,type_cluster,scaffold,SSo,TUPOR_,TUPOR,SESY,ASER
REINVENT_125k_3,dis,csk,121310,20/37,0.5405405405405406,0.26970571263704557,0.013749896958206248
