name,type_cluster,scaffold,SSo,TUPOR_,TUPOR,SESY,ASER
GB_GA_mut_r_0.01_62.5k_0,sim,murcko,"61,252.0",37/115,0.3217391,0.486678,0.01933
GB_GA_mut_r_0.01_62.5k_1,sim,murcko,"60,255.0",21/100,0.21,0.3731143,0.0217907
GB_GA_mut_r_0.01_62.5k_2,sim,murcko,"60,703.0",12/58,0.2068966,0.399519,0.0018945
GB_GA_mut_r_0.01_62.5k_3,sim,murcko,"60,581.0",20/51,0.3921569,0.3919546,0.0035985
GB_GA_mut_r_0.01_62.5k_4,sim,murcko,"60,610.0",7/40,0.175,0.3932684,0.000561
GB_GA_mut_r_0.01_62.5k_mean,sim,murcko,"60,680.2",-,0.2611585,0.4089068,0.0094349
