name,type_cluster,scaffold,USo,SSo,TUPOR_,TUPOR,SESY,ASER,CwASo
GB_GA_mut_r_0.01_62.5k_0,sim,murcko,41093,62500,8/115,0.06956521739130435,0.657488,0.0023575449457123154,147
