name,type_cluster,scaffold,USo,SSo,TUPOR_,TUPOR,SESY,ASER,CwASo
GB_GA_mut_r_0.01_62.5k_2,sim,murcko,42394,62500,2/58,0.034482758620689655,0.678304,0.001747046849705887,109
