name,type_cluster,scaffold,SSo,TUPOR_,TUPOR,SESY,ASER
GB_GA_mut_r_0.01_62.5k_3,sim,murcko,60581,20/51,0.39215686274509803,0.39195457321602484,0.0035984879747775703
