name,type_cluster,scaffold,SSo,TUPOR_,TUPOR,SESY,ASER
GB_GA_mut_r_0.01_62.5k_0,sim,murcko,61252,37/115,0.3217391304347826,0.4866779860249461,0.019329981061842878
