name,type_cluster,scaffold,SSo,TUPOR_,TUPOR,SESY,ASER
GB_GA_mut_r_0.01_62.5k_2,sim,murcko,60703,12/58,0.20689655172413793,0.39951896940843123,0.0018944697955619986
