name,type_cluster,scaffold,USo,SSo,TUPOR_,TUPOR,SESY,ASER,CwASo
GB_GA_mut_r_0.01_62.5k_3,sim,murcko,40048,62498,6/51,0.11764705882352941,0.6407885052321675,0.003049367657443667,190
