name,type_cluster,scaffold,USo,SSo,TUPOR_,TUPOR,SESY,ASER,ACR,CwASo
DrugEx_RNN_epsilon_0.6_500k_2,dis,murcko,227911,495567,3/64,0.046875,0.45989946868940024,2.219728950915739e-05,1.3163206206012952e-05,11
