name,type_cluster,scaffold,USo,SSo,TUPOR_,TUPOR,SESY,ASER,ACR,CwASo
DrugEx_RNN_epsilon_0.6_500k_0,dis,murcko,222421,496122,6/92,0.06521739130434782,0.4483191634315753,0.000536446064986609,2.697659780140728e-05,266
