name,type_cluster,scaffold,USo,SSo,TUPOR_,TUPOR,SESY,ASER,ACR,CwASo
DrugEx_RNN_epsilon_0.6_500k_4,dis,murcko,259599,494834,32/98,0.32653061224489793,0.5246183568631096,0.001960045842394496,0.00012328223541513365,968
