name,type_cluster,scaffold,SSo,TUPOR_,TUPOR,SESY,ASER
DrugEx_RNN_epsilon_0.6_500k_1,dis,murcko,494365,16/34,0.47058823529411764,0.4034690967200348,0.00042074175963104185
