name,type_cluster,scaffold,SSo,TUPOR_,TUPOR,SESY,ASER
DrugEx_RNN_epsilon_0.6_500k_3,dis,murcko,496286,33/76,0.4342105263157895,0.47965890635641545,0.0045477809166488675
