name,type_cluster,scaffold,USo,SSo,TUPOR_,TUPOR,SESY,ASER,ASR,CwASo
DrugEx_RNN_epsilon_0.6_500k_3,dis,murcko,238161,496594,33/76,0.4342105263157895,0.4795889599954893,0.004571807725141301,0.0001385809312638581,2260
