name,type_cluster,scaffold,SSo,TUPOR_,TUPOR,SESY,ASER
DrugEx_RNN_epsilon_0.6_500k_4,dis,murcko,494348,32/98,0.32653061224489793,0.5248124802770517,0.001958134755273613
