name,type_cluster,scaffold,USo,SSo,TUPOR_,TUPOR,SESY,ASER,ASR,CwASo
DrugEx_RNN_epsilon_0.1_500k_0,dis,csk,43165.0,499764.0,11/40,0.275,0.0863708,0.0018824,0.0002549,939.0
DrugEx_RNN_epsilon_0.1_500k_1,dis,csk,50583.0,499740.0,8/23,0.3478261,0.1012186,0.0028898,0.0001582,1440.0
DrugEx_RNN_epsilon_0.1_500k_2,dis,csk,52873.0,499828.0,5/40,0.125,0.1057824,2.4e-05,9.46e-05,12.0
DrugEx_RNN_epsilon_0.1_500k_3,dis,csk,42243.0,499706.0,12/37,0.3243243,0.0845357,0.0014469,0.0002842,722.0
DrugEx_RNN_epsilon_0.1_500k_4,dis,csk,75028.0,499621.0,29/43,0.6744186,0.1501698,0.0193268,0.0003867,9473.0
DrugEx_RNN_epsilon_0.1_500k_mean,dis,csk,52778.4,499731.8,-,0.3493138,0.1056155,0.005114,0.0002357,2517.2
