name,type_cluster,scaffold,USo,SSo,TUPOR_,TUPOR,SESY,ASER,ASR,CwASo
DrugEx_RNN_epsilon_0.1_500k_4,dis,csk,75028,499621,29/43,0.6744186046511628,0.15016982873017748,0.019326815574071506,0.0003866718222909639,9473
