name,type_cluster,scaffold,USo,SSo,TUPOR_,TUPOR,SESY,ASER,ACR,CwASo
DrugEx_RNN_epsilon_0.1_500k_1,dis,csk,50583,499740,8/23,0.34782608695652173,0.10121863368951856,0.0028898254063816978,0.00015818091942659417,1440
