name,type_cluster,scaffold,USo,SSo,TUPOR_,TUPOR,SESY,ASER,ASR,CwASo
DrugEx_RNN_epsilon_0.1_500k_2,dis,csk,52873,499828,5/40,0.125,0.1057823891418648,2.4008835251372506e-05,9.457516834379966e-05,12
