name,type_cluster,scaffold,USo,SSo,TUPOR_,TUPOR,SESY,ASER,ACR,CwASo
DrugEx_RNN_epsilon_0.1_500k_0,dis,csk,43165,499764,11/40,0.275,0.08637076700202495,0.0018824236956848594,0.0002549010520461603,939
