name,type_cluster,scaffold,USo,SSo,TUPOR_,TUPOR,SESY,ASER,ASR,CwASo
DrugEx_RNN_epsilon_0.1_500k_3,dis,csk,42243,499706,12/37,0.32432432432432434,0.08453570699571349,0.00144694018245074,0.00028415145272430207,722
