name,type_cluster,scaffold,SSo,TUPOR_,TUPOR,SESY,ASER
DrugEx_RNN_epsilon_0.1_500k_3,dis,csk,499706,12/37,0.32432432432432434,0.08453570699571349,0.0014448495715480702
