name,type_cluster,scaffold,SSo,TUPOR_,TUPOR,SESY,ASER
DrugEx_RNN_epsilon_0.1_500k_1,dis,csk,499740,8/23,0.34782608695652173,0.10121863368951856,0.0028814983791571615
