name,type_cluster,scaffold,SSo,TUPOR_,TUPOR,SESY,ASER
DrugEx_RNN_epsilon_0.1_500k_4,dis,csk,499621,29/43,0.6744186046511628,0.15016982873017748,0.018960371961947158
