name,type_cluster,scaffold,USo,SSo,TUPOR_,TUPOR,SESY,ASER,ACR,CwASo
DrugEx_GT_epsilon_0.6_10k_0,sim,murcko,9055.0,10000.0,20/115,0.173913,0.9055,0.0095911,0.0022136,95.0
DrugEx_GT_epsilon_0.6_10k_1,sim,murcko,8396.0,9999.0,15/100,0.15,0.839684,0.009898,0.0017898,98.0
DrugEx_GT_epsilon_0.6_10k_2,sim,murcko,8397.0,9996.0,4/58,0.0689655,0.840036,0.0007008,0.0004766,7.0
DrugEx_GT_epsilon_0.6_10k_3,sim,murcko,8149.0,9992.0,9/51,0.1764706,0.8155524,0.0023072,0.0011057,23.0
DrugEx_GT_epsilon_0.6_10k_4,sim,murcko,8276.0,9996.0,6/40,0.15,0.8279312,0.0012019,0.0007255,12.0
DrugEx_GT_epsilon_0.6_10k_mean,sim,murcko,8454.6,9996.6,-,0.1438698,0.8457407,0.0047398,0.0012622,47.0
