name,type_cluster,scaffold,USo,SSo,TUPOR_,TUPOR,TUPOR_unique,TUPOR_1,TUPOR_2,SESY,ASER,CwASo
DrugEx_epsilon_0.2_0,dis,csk,"3,839.0","9,999.0",12/40,0.3,0.7814535,0.0054005,0.5183168,0.3839384,0.0276028,276.0
DrugEx_epsilon_0.2_1,dis,csk,"5,151.0","9,996.0",7/23,0.3043478,0.5908519,0.0019182,0.4295841,0.5153061,0.005102,51.0
DrugEx_epsilon_0.2_2,dis,csk,"3,559.0","9,973.0",3/40,0.075,0.2107334,0.0013988,0.1244562,0.3568635,0.0009024,9.0
DrugEx_epsilon_0.2_3,dis,csk,"3,244.0","9,994.0",11/37,0.2972973,0.9164528,0.0068122,0.5972638,0.3245948,0.0687412,687.0
DrugEx_epsilon_0.2_4,dis,csk,"5,190.0","9,992.0",17/43,0.3953488,0.7617511,0.0120282,1.4517791,0.5194155,0.0143114,143.0
DrugEx_epsilon_0.2_mean,dis,csk,"4,196.6","9,990.8",-,0.2743988,0.6522485,0.0055116,0.62428,0.4200237,0.023332,233.2
