name,type_cluster,scaffold,USo,SSo,TUPOR_,TUPOR,SESY,ASER,ASR,CwASo
DrugEx_RNN_epsilon_0.6_0,sim,murcko,456431.0,910148.0,56/115,0.4869565,0.501491,0.0048645,0.0001227,4406.0
DrugEx_RNN_epsilon_0.6_1,sim,murcko,377279.0,881934.0,58/100,0.58,0.427786,0.0077161,0.0001538,6753.0
DrugEx_RNN_epsilon_0.6_2,sim,murcko,351238.0,879059.0,36/58,0.6206897,0.3995613,0.0009531,0.0001025,837.0
DrugEx_RNN_epsilon_0.6_3,sim,murcko,361763.0,906406.0,28/51,0.5490196,0.3991181,0.0046397,7.74e-05,4186.0
DrugEx_RNN_epsilon_0.6_4,sim,murcko,371286.0,886786.0,13/40,0.325,0.4186873,0.0001658,3.5e-05,147.0
DrugEx_RNN_epsilon_0.6_mean,sim,murcko,383599.4,892866.6,-,0.5123332,0.4293287,0.0036678,9.83e-05,3265.8
