name,type_cluster,scaffold,USo,SSo,TUPOR_,TUPOR,TUPOR_unique,TUPOR_1,TUPOR_2,SESY,ASER,CwASo
DrugEx_RNN_epsilon_0.6_0,sim,murcko,456318.0,909858.0,56/115,0.4869565,0.0106714,0.0002601,1.0321019,0.5015266,0.0048392,4403.0
DrugEx_RNN_epsilon_0.6_1,sim,murcko,377234.0,881722.0,58/100,0.58,0.0153751,0.0001552,0.5856244,0.4278378,0.0076566,6751.0
DrugEx_RNN_epsilon_0.6_2,sim,murcko,351152.0,878722.0,36/58,0.6206897,0.0176758,9.54e-05,0.5773297,0.3996167,0.0009525,837.0
DrugEx_RNN_epsilon_0.6_3,sim,murcko,361390.0,904972.0,28/51,0.5490196,0.0151919,3.82e-05,0.2708315,0.3993383,0.0046112,4173.0
DrugEx_RNN_epsilon_0.6_4,sim,murcko,371225.0,886542.0,13/40,0.325,0.0087548,1.54e-05,0.1428929,0.4187337,0.0001658,147.0
DrugEx_RNN_epsilon_0.6_mean,sim,murcko,383463.8,892363.2,-,0.5123332,0.0135338,0.0001129,0.5217561,0.4294106,0.0036451,3262.2
