name,type_cluster,scaffold,USo,SSo,TUPOR_,TUPOR,SESY,ASER,ACR,CwASo
DrugEx_RNN_epsilon_0.6_1,sim,murcko,377279,881934,58/100,0.58,0.42778597944970936,0.007716118151559506,0.00015375602100625363,6753
