name,type_cluster,scaffold,USo,SSo,TUPOR_,TUPOR,TUPOR_unique,TUPOR_1,TUPOR_2,SESY,ASER,CwASo
DrugEx_RNN_epsilon_0.6_2,sim,murcko,351152,878722,36/58,0.6206896551724138,0.017675811476865113,9.535792144532158e-05,0.5773297384718545,0.39961671609451,0.0009525196819927122,837
