name,type_cluster,scaffold,USo,SSo,TUPOR_,TUPOR,SESY,ASER,ACR,CwASo
DrugEx_RNN_epsilon_0.6_3,sim,murcko,361763,906406,28/51,0.5490196078431373,0.39911805526441796,0.00463966660016404,7.740472998189282e-05,4186
