name,type_cluster,scaffold,SSo,TUPOR_,TUPOR,SESY,ASER
DrugEx_RNN_epsilon_0.6_2,sim,murcko,878722,36/58,0.6206896551724138,0.39961671609451,0.0009525196819927122
