name,type_cluster,scaffold,USo,SSo,TUPOR_,TUPOR,TUPOR_unique,TUPOR_1,TUPOR_2,SESY,ASER,CwASo
DrugEx_RNN_epsilon_0.6_3,sim,murcko,361390,904972,28/51,0.5490196078431373,0.015191887098235626,3.822022702814855e-05,0.27083152638632557,0.3993383220696331,0.0046111923904828,4173
