name,type_cluster,scaffold,USo,SSo,TUPOR_,TUPOR,TUPOR_unique,TUPOR_1,TUPOR_2,SESY,ASER,CwASo
DrugEx_RNN_epsilon_0.6_1,sim,murcko,377234,881722,58/100,0.58,0.015375072236330766,0.0001552416748136034,0.5856243795663486,0.4278377992156258,0.007656608318721774,6751
