name,type_cluster,scaffold,USo,SSo,TUPOR_,TUPOR,TUPOR_unique,TUPOR_1,TUPOR_2,SESY,ASER,CwASo
DrugEx_RNN_epsilon_0.6_4,sim,murcko,371225,886542,13/40,0.325,0.008754798302916022,1.539690166963325e-05,0.14289287055774008,0.4187336866160881,0.000165812787211435,147
