name,type_cluster,scaffold,USo,SSo,TUPOR_,TUPOR,SESY,ASER,ASR,CwASo
DrugEx_RNN_epsilon_0.6_0,sim,murcko,456431,910148,56/115,0.48695652173913045,0.5014909663043813,0.00486451991847568,0.00012270610791563955,4406
