name,type_cluster,scaffold,USo,SSo,TUPOR_,TUPOR,TUPOR_unique,TUPOR_1,TUPOR_2,SESY,ASER,CwASo
DrugEx_RNN_epsilon_0.6_0,sim,murcko,456318,909858,56/115,0.48695652173913045,0.010671429173057615,0.0002601074778319445,1.032101948428846,0.5015266118449253,0.004839216668974719,4403
