name,type_cluster,scaffold,USo,SSo,TUPOR_,TUPOR,SESY,ASER,CwASo
GB_GA_mut_r_0.5_125k_0,dis,murcko,58262,124997,2/92,0.021739130434782608,0.46610718657247774,8.800985710399565e-05,11
