name,type_cluster,scaffold,SSo,TUPOR_,TUPOR,SESY,ASER
GB_GA_mut_r_0.5_125k_2,dis,murcko,119343,9/64,0.140625,0.37577402947805905,0.0006787159699353963
