name,type_cluster,scaffold,USo,SSo,TUPOR_,TUPOR,SESY,ASER,CwASo
GB_GA_mut_r_0.5_125k_4,dis,murcko,55721,124998,3/98,0.030612244897959183,0.4457751324021184,0.00024006145573266755,30
