name,type_cluster,scaffold,SSo,TUPOR_,TUPOR,SESY,ASER
GB_GA_mut_r_0.5_125k_3,dis,murcko,124999,7/76,0.09210526315789473,0.49181193449547594,0.0011120088960711685
