name,type_cluster,scaffold,SSo,TUPOR_,TUPOR,SESY,ASER
GB_GA_mut_r_0.5_125k_1,dis,murcko,124993,2/34,0.058823529411764705,0.46949829190434667,3.200179210035762e-05
