name,type_cluster,scaffold,SSo,TUPOR_,TUPOR,SESY,ASER
GB_GA_mut_r_0.5_125k_3,dis,murcko,119103,22/76,0.2894736842105263,0.349798073936005,0.021477208802465092
