name,type_cluster,scaffold,USo,SSo,TUPOR_,TUPOR,SESY,ASER,CwASo
GB_GA_mut_r_0.5_125k_1,dis,murcko,58684,124993,2/34,0.058823529411764705,0.46949829190434667,3.200281624782981e-05,4
