name,type_cluster,scaffold,SSo,TUPOR_,TUPOR,SESY,ASER
GB_GA_mut_r_0.5_125k_0,dis,murcko,119344,11/92,0.11956521739130435,0.34111476069178176,0.004575010054967154
