name,type_cluster,scaffold,SSo,TUPOR_,TUPOR,SESY,ASER
GB_GA_mut_r_0.5_125k_1,dis,murcko,119118,7/34,0.20588235294117646,0.342752564683759,0.0003274064373142598
