name,type_cluster,scaffold,SSo,TUPOR_,TUPOR,SESY,ASER
Molpher_62.5k_2,sim,murcko,62517,12/58,0.20689655172413793,0.3094038421549339,0.0022233952364956733
