name,type_cluster,scaffold,USo,SSo,TUPOR_,TUPOR,SESY,ASER,CwASo
Molpher_62.5k_2,sim,murcko,19343,62517,12/58,0.20689655172413793,0.3094038421549339,0.0022283497386899227,139
