name,type_cluster,scaffold,USo,SSo,TUPOR_,TUPOR,SESY,ASER,CwASo
Molpher_62.5k_0,sim,murcko,19855,62847,19/115,0.16521739130434782,0.3159259789647875,0.007373330982416208,460
