name,type_cluster,scaffold,SSo,TUPOR_,TUPOR,SESY,ASER
Molpher_62.5k_0,sim,murcko,62847,19/115,0.16521739130434782,0.3159259789647875,0.0073193628971947745
