name,type_cluster,scaffold,USo,SSo,TUPOR_,TUPOR,SESY,ASER,CwASo
Molpher_62.5k_3,sim,murcko,18906,62518,8/51,0.1568627450980392,0.3024089062350043,0.0030483891669875495,190
