name,type_cluster,scaffold,SSo,TUPOR_,TUPOR,SESY,ASER
Molpher_62.5k_3,sim,murcko,62518,8/51,0.1568627450980392,0.3024089062350043,0.0030391247320771617
