name,type_cluster,scaffold,SSo,TUPOR_,TUPOR,SESY,ASER
GB_GA_log_p_mut_r_0.01_500k_4,dis,murcko,499977,10/98,0.10204081632653061,0.47119567500105003,0.0006040277852781228
