name,type_cluster,scaffold,SSo,TUPOR_,TUPOR,SESY,ASER
GB_GA_log_p_mut_r_0.01_500k_3,dis,murcko,499991,6/76,0.07894736842105263,0.46795642321561787,0.0008200147602656848
