name,type_cluster,scaffold,SSo,TUPOR_,TUPOR,SESY,ASER
DrugEx_GT_epsilon_0.6_125k_3,dis,csk,124899,19/37,0.5135135135135135,0.43324606281875755,0.008030488634816932
