name,type_cluster,scaffold,SSo,TUPOR_,TUPOR,SESY,ASER
DrugEx_GT_epsilon_0.6_125k_4,dis,csk,124972,35/43,0.813953488372093,0.4509330089940147,0.01834010818423327
