name,type_cluster,scaffold,USo,SSo,TUPOR_,TUPOR,SESY,ASER,CwASo
DrugEx_GT_epsilon_0.6_125k_4,dis,csk,56354,124972,35/43,0.813953488372093,0.4509330089940147,0.01868275187479622,2292
