name,type_cluster,scaffold,SSo,TUPOR_,TUPOR,SESY,ASER
DrugEx_GT_epsilon_0.6_125k_1,dis,csk,124838,15/23,0.6521739130434783,0.38428202951024526,0.004293564459539563
