name,type_cluster,scaffold,USo,SSo,TUPOR_,TUPOR,SESY,ASER,CwASo
DrugEx_GT_epsilon_0.6_125k_3,dis,csk,54112,124899,19/37,0.5135135135135135,0.43324606281875755,0.00809549945115258,1003
