name,type_cluster,scaffold,SSo,TUPOR_,TUPOR,SESY,ASER
DrugEx_RNN_epsilon_0.1_250k_0,sim,murcko,249965,8/115,0.06956521739130435,0.5077790890724702,0.008281159362310723
