name,type_cluster,scaffold,USo,SSo,TUPOR_,TUPOR,SESY,ASER,CwASo
DrugEx_RNN_epsilon_0.1_250k_3,sim,murcko,144196,249877,4/51,0.0784313725490196,0.5770679174153683,9.605648121095204e-05,24
