name,type_cluster,scaffold,SSo,TUPOR_,TUPOR,SESY,ASER
DrugEx_RNN_epsilon_0.1_250k_3,sim,murcko,249877,4/51,0.0784313725490196,0.5770679174153683,9.604725524958279e-05
