name,type_cluster,scaffold,USo,SSo,TUPOR_,TUPOR,SESY,ASER,CwASo
DrugEx_RNN_epsilon_0.1_250k_0,sim,murcko,126927,249965,8/115,0.06956521739130435,0.5077790890724702,0.008350309606890014,2070
