name,type_cluster,scaffold,USo,SSo,TUPOR_,TUPOR,SESY,ASER,CwASo
DrugEx_GT_epsilon_0.1_125k_3,sim,murcko,77162,124990,10/51,0.19607843137254902,0.6173453876310104,0.003919615749144592,488
