name,type_cluster,scaffold,SSo,TUPOR_,TUPOR,SESY,ASER
DrugEx_GT_epsilon_0.1_125k_2,sim,murcko,124898,3/58,0.05172413793103448,0.6238690771669683,2.4019599993594774e-05
