name,type_cluster,scaffold,USo,SSo,TUPOR_,TUPOR,SESY,ASER,CwASo
DrugEx_GT_epsilon_0.1_125k_2,sim,murcko,77920,124898,3/58,0.05172413793103448,0.6238690771669683,2.4020176948636855e-05,3
