name,type_cluster,scaffold,SSo,TUPOR_,TUPOR,SESY,ASER
DrugEx_GT_epsilon_0.1_125k_0,sim,murcko,124906,25/115,0.21739130434782608,0.6529550221766769,0.002762077081965638
