name,type_cluster,scaffold,USo,SSo,TUPOR_,TUPOR,SESY,ASER,CwASo
DrugEx_GT_epsilon_0.1_125k_0,sim,murcko,81558,124906,25/115,0.21739130434782608,0.6529550221766769,0.0027697272822151398,345
