name,type_cluster,scaffold,SSo,TUPOR_,TUPOR,SESY,ASER
DrugEx_GT_epsilon_0.1_125k_3,sim,murcko,124990,10/51,0.19607843137254902,0.6173453876310104,0.003904312344987599
