name,type_cluster,scaffold,USo,SSo,TUPOR_,TUPOR,SESY,ASER,CwASo
REINVENT_62.5k_2,dis,csk,16808,61987,29/45,0.6444444444444445,0.271153628986723,0.0123797546914044,758
