name,type_cluster,scaffold,SSo,TUPOR_,TUPOR,SESY,ASER
REINVENT_62.5k_2,dis,csk,61987,29/45,0.6444444444444445,0.271153628986723,0.012228370464774872
