name,type_cluster,scaffold,USo,SSo,TUPOR_,TUPOR,SESY,ASER,CwASo
REINVENT_62.5k_1,dis,csk,14710,61933,6/41,0.14634146341463414,0.23751473366379797,0.0012448266942576306,77
