name,type_cluster,scaffold,SSo,TUPOR_,TUPOR,SESY,ASER
REINVENT_62.5k_3,dis,csk,60728,12/47,0.2553191489361702,0.24932485838492952,0.0018146425154244613
