name,type_cluster,scaffold,SSo,TUPOR_,TUPOR,SESY,ASER
REINVENT_62.5k_4,dis,csk,61886,15/41,0.36585365853658536,0.2611414536405649,0.006948259703325469
