name,type_cluster,scaffold,USo,SSo,TUPOR_,TUPOR,SESY,ASER,CwASo
REINVENT_62.5k_4,dis,csk,16161,61886,15/41,0.36585365853658536,0.2611414536405649,0.0069968758135902104,430
