name,type_cluster,scaffold,USo,SSo,TUPOR_,TUPOR,SESY,ASER,ACR,CwASo
DrugEx_RNN_epsilon_0.6_100k_0,sim,murcko,69340.0,99009.0,82/172,0.4767442,0.7003404,0.0487242,0.001184,4600.0
DrugEx_RNN_epsilon_0.6_100k_1,sim,murcko,61373.0,98799.0,38/93,0.4086022,0.6211905,0.0043815,0.0006195,431.0
DrugEx_RNN_epsilon_0.6_100k_2,sim,murcko,64551.0,99303.0,25/65,0.3846154,0.6500408,0.0030302,0.0003874,300.0
DrugEx_RNN_epsilon_0.6_100k_3,sim,murcko,58323.0,98198.0,17/57,0.2982456,0.5939327,0.0041414,0.0002916,405.0
DrugEx_RNN_epsilon_0.6_100k_4,sim,murcko,59200.0,98157.0,8/50,0.16,0.6031154,0.0003873,0.0001352,38.0
DrugEx_RNN_epsilon_0.6_100k_mean,sim,murcko,62557.4,98693.2,-,0.3456415,0.6337239,0.0121329,0.0005235,1154.8
