name,type_cluster,scaffold,SSo,TUPOR_,TUPOR,SESY,ASER
GB_GA_log_p_mut_r_0.5_125k_2,sim,murcko,124993,3/58,0.05172413793103448,0.5292136359636139,0.0035041962349891594
