name,type_cluster,scaffold,SSo,TUPOR_,TUPOR,SESY,ASER
GB_GA_log_p_mut_r_0.5_125k_0,sim,murcko,124987,10/115,0.08695652173913043,0.44847064094665845,0.0032003328346147998
