name,type_cluster,scaffold,SSo,TUPOR_,TUPOR,SESY,ASER
GB_GA_log_p_mut_r_0.5_125k_3,sim,murcko,124996,7/51,0.13725490196078433,0.48504752152068864,0.005656180997791929
