name,type_cluster,scaffold,USo,SSo,TUPOR_,TUPOR,SESY,ASER,ACR,CwASo
DrugEx_GT_epsilon_0.6_10k_0,sim,murcko,8953.0,9960.0,45/172,0.2616279,0.8988956,0.0260637,0.0050516,253.0
DrugEx_GT_epsilon_0.6_10k_1,sim,murcko,8003.0,9966.0,25/93,0.2688172,0.8030303,0.0063617,0.0031336,63.0
DrugEx_GT_epsilon_0.6_10k_2,sim,murcko,8109.0,9883.0,12/65,0.1846154,0.8204998,0.0039618,0.001482,39.0
DrugEx_GT_epsilon_0.6_10k_3,sim,murcko,8590.0,9973.0,11/57,0.1929825,0.8613256,0.0025131,0.0012822,25.0
DrugEx_GT_epsilon_0.6_10k_4,sim,murcko,8217.0,9967.0,2/50,0.04,0.8244206,0.0003011,0.0002435,3.0
DrugEx_GT_epsilon_0.6_10k_mean,sim,murcko,8374.4,9949.8,-,0.1896086,0.8416344,0.0078403,0.0022386,76.6
