name,type_cluster,scaffold,SSo,TUPOR_,TUPOR,SESY,ASER
GB_GA_mut_r_0.5_125k_0,dis,csk,94514.0,13/42,0.3095238,0.0807817,0.0238428
GB_GA_mut_r_0.5_125k_1,dis,csk,94609.0,9/41,0.2195122,0.0899069,0.001938
GB_GA_mut_r_0.5_125k_2,dis,csk,101060.0,8/45,0.1777778,0.1039185,0.0005148
GB_GA_mut_r_0.5_125k_3,dis,csk,124985.0,21/47,0.4468085,0.1790455,0.0193371
GB_GA_mut_r_0.5_125k_4,dis,csk,92054.0,8/41,0.195122,0.0834836,0.0302054
GB_GA_mut_r_0.5_125k_mean,dis,csk,101444.4,-,0.2697488,0.1074272,0.0151676
