name,type_cluster,scaffold,USo,SSo,TUPOR_,TUPOR,SESY,ASER,CwASo
GB_GA_mut_r_0.5_125k_0,dis,csk,7635.0,94514.0,13/42,0.3095238,0.0807817,0.0238428,2201.0
GB_GA_mut_r_0.5_125k_1,dis,csk,8506.0,94609.0,9/41,0.2195122,0.0899069,0.001938,183.0
GB_GA_mut_r_0.5_125k_2,dis,csk,10502.0,101060.0,8/45,0.1777778,0.1039185,0.0005148,52.0
GB_GA_mut_r_0.5_125k_3,dis,csk,22378.0,124985.0,21/47,0.4468085,0.1790455,0.0193371,2371.0
GB_GA_mut_r_0.5_125k_4,dis,csk,7685.0,92054.0,8/41,0.195122,0.0834836,0.0302054,2699.0
GB_GA_mut_r_0.5_125k_mean,dis,csk,11341.2,101444.4,-,0.2697488,0.1074272,0.0151676,1501.2
