name,type_cluster,scaffold,USo,SSo,TUPOR_,TUPOR,SESY,ASER,CwASo
GB_GA_mut_r_0.5_125k_0,dis,csk,"5,217.0","107,042.0",22/42,0.5238095,0.0487379,0.0642262,"6,460.0"
GB_GA_mut_r_0.5_125k_1,dis,csk,"5,082.0","105,536.0",13/41,0.3170732,0.0481542,0.0055165,579.0
GB_GA_mut_r_0.5_125k_2,dis,csk,"5,168.0","107,489.0",22/45,0.4888889,0.0480793,0.000838,90.0
GB_GA_mut_r_0.5_125k_3,dis,csk,"5,583.0","110,655.0",21/47,0.4468085,0.0504541,0.5191099,"37,813.0"
GB_GA_mut_r_0.5_125k_4,dis,csk,"4,694.0","106,404.0",18/41,0.4390244,0.0441149,0.0145406,"1,525.0"
GB_GA_mut_r_0.5_125k_mean,dis,csk,"5,148.8","107,425.2",-,0.4431209,0.0479081,0.1208462,"9,293.4"
