name,type_cluster,scaffold,USo,SSo,TUPOR_,TUPOR,SESY,ASER,CwASo
GB_GA_mut_r_0.5_125k_3,dis,csk,5583,110655,21/47,0.44680851063829785,0.0504541141385387,0.5191098542049917,37813
