name,type_cluster,scaffold,SSo,TUPOR_,TUPOR,SESY,ASER
GB_GA_mut_r_0.5_125k_1,dis,csk,114105,18/41,0.43902439024390244,0.0779457517199071,0.01224310941676526
