name,type_cluster,scaffold,USo,SSo,TUPOR_,TUPOR,SESY,ASER,CwASo
GB_GA_mut_r_0.5_125k_0,dis,csk,7635,94514,13/42,0.30952380952380953,0.08078168313688977,0.023842795705913578,2201
