name,type_cluster,scaffold,USo,SSo,TUPOR_,TUPOR,SESY,ASER,CwASo
GB_GA_mut_r_0.5_125k_2,dis,csk,5168,107489,22/45,0.4888888888888889,0.04807933835090102,0.0008379966293913351,90
