name,type_cluster,scaffold,SSo,TUPOR_,TUPOR,SESY,ASER
GB_GA_mut_r_0.5_125k_2,dis,csk,114222,32/45,0.7111111111111111,0.07122095568279316,0.004149813521037979
