name,type_cluster,scaffold,USo,SSo,TUPOR_,TUPOR,SESY,ASER,CwASo
GB_GA_mut_r_0.5_125k_4,dis,csk,4694,106404,18/41,0.43902439024390244,0.04411488289913913,0.014540565794868373,1525
