name,type_cluster,scaffold,USo,SSo,TUPOR_,TUPOR,SESY,ASER,CwASo
GB_GA_mut_r_0.5_125k_4,dis,csk,7685,92054,8/41,0.1951219512195122,0.08348360744780238,0.030205360640143248,2699
