name,type_cluster,scaffold,SSo,TUPOR_,TUPOR,SESY,ASER
GB_GA_mut_r_0.5_125k_4,dis,csk,92054,8/41,0.1951219512195122,0.08348360744780238,0.030205360640143248
