name,type_cluster,scaffold,SSo,TUPOR_,TUPOR,SESY,ASER
GB_GA_mut_r_0.5_125k_0,dis,csk,115962,26/42,0.6190476190476191,0.0802590503785723,0.07474862454942136
