name,type_cluster,scaffold,USo,SSo,TUPOR_,TUPOR,SESY,ASER,CwASo
GB_GA_mut_r_0.5_125k_2,dis,csk,10502,101060,8/45,0.17777777777777778,0.10391846427864634,0.0005148107080627277,52
