name,type_cluster,scaffold,USo,SSo,TUPOR_,TUPOR,SESY,ASER,CwASo
GB_GA_mut_r_0.5_125k_1,dis,csk,8506,94609,9/41,0.21951219512195122,0.0899068798951474,0.0019380255438120858,183
