name,type_cluster,scaffold,USo,SSo,TUPOR_,TUPOR,SESY,ASER,CwASo
GB_GA_mut_r_0.5_125k_1,dis,csk,5082,105536,13/41,0.3170731707317073,0.048154184354154035,0.005516544870756595,579
