name,type_cluster,scaffold,USo,SSo,TUPOR_,TUPOR,SESY,ASER,CwASo
GB_GA_mut_r_0.5_125k_3,dis,csk,22378,124985,21/47,0.44680851063829785,0.179045485458255,0.019337106692547342,2371
