name,type_cluster,scaffold,SSo,TUPOR_,TUPOR,SESY,ASER
GB_GA_mut_r_0.5_125k_3,dis,csk,124985,21/47,0.44680851063829785,0.179045485458255,0.018970276433171982
