name,type_cluster,scaffold,SSo,TUPOR_,TUPOR,SESY,ASER
GB_GA_mut_r_0.5_125k_4,dis,csk,113273,22/41,0.5365853658536586,0.0682068983782543,0.012536085386632296
