name,type_cluster,scaffold,USo,SSo,TUPOR_,TUPOR,SESY,ASER,CwASo
GB_GA_mut_r_0.5_125k_0,dis,csk,5217,107042,22/42,0.5238095238095238,0.04873787858971245,0.06422620349565529,6460
