name,type_cluster,scaffold,SSo,TUPOR_,TUPOR,SESY,ASER
GB_GA_mut_r_0.5_125k_3,dis,csk,116364,27/47,0.574468085106383,0.08069506032793647,0.2103571551338902
