name,type_cluster,scaffold,SSo,TUPOR_,TUPOR,SESY,ASER
GB_GA_mut_r_0.5_125k_1,dis,csk,94609,9/41,0.21951219512195122,0.0899068798951474,0.0019342768658372881
