name,type_cluster,scaffold,SSo,TUPOR_,TUPOR,SESY,ASER
GB_GA_mut_r_0.5_125k_2,dis,csk,101060,8/45,0.17777777777777778,0.10391846427864634,0.0005145458143677023
