name,type_cluster,scaffold,SSo,TUPOR_,TUPOR,SESY,ASER
DrugEx_GT_epsilon_0.1_0,sim,csk,922399.0,41/46,0.8913043,0.2934305,0.0460636
DrugEx_GT_epsilon_0.1_1,sim,csk,865942.0,34/44,0.7727273,0.1723487,0.0164295
DrugEx_GT_epsilon_0.1_2,sim,csk,871006.0,37/42,0.8809524,0.1832054,0.0116429
DrugEx_GT_epsilon_0.1_3,sim,csk,890027.0,30/42,0.7142857,0.1672668,0.0241757
DrugEx_GT_epsilon_0.1_4,sim,csk,890894.0,31/42,0.7380952,0.1568548,0.0035122
DrugEx_GT_epsilon_0.1_mean,sim,csk,888053.6,-,0.799473,0.1946213,0.0203648
