name,type_cluster,scaffold,USo,SSo,TUPOR_,TUPOR,SESY,ASER,ACR,CwASo
DrugEx_GT_epsilon_0.1_0,sim,csk,270660,922399,41/46,0.8913043478260869,0.29343050024989187,0.04828789307997409,0.00015150451372593942,42489
