name,type_cluster,scaffold,USo,SSo,TUPOR_,TUPOR,SESY,ASER,ACR,CwASo
DrugEx_GT_epsilon_0.1_4,sim,csk,139741,890894,31/42,0.7380952380952381,0.1568547997853841,0.0035245813925982666,0.00022188819697945746,3129
