name,type_cluster,scaffold,SSo,TUPOR_,TUPOR,SESY,ASER
DrugEx_GT_epsilon_0.1_3,sim,csk,890027,30/42,0.7142857142857143,0.16726683572520834,0.02417567107514716
