name,type_cluster,scaffold,USo,SSo,TUPOR_,TUPOR,SESY,ASER,ACR,CwASo
DrugEx_GT_epsilon_0.1_1,sim,csk,149244,865942,34/44,0.7727272727272727,0.17234872543426696,0.016703944394545124,0.0002278667649621339,14227
