name,type_cluster,scaffold,SSo,TUPOR_,TUPOR,SESY,ASER
DrugEx_GT_epsilon_0.1_0,sim,csk,922399,41/46,0.8913043478260869,0.29343050024989187,0.04606357986077608
