name,type_cluster,scaffold,SSo,TUPOR_,TUPOR,SESY,ASER
DrugEx_GT_epsilon_0.1_1,sim,csk,865942,34/44,0.7727272727272727,0.17234872543426696,0.016429506826092278
