name,type_cluster,scaffold,USo,SSo,TUPOR_,TUPOR,SESY,ASER,ACR,CwASo
DrugEx_GT_epsilon_0.1_2,sim,csk,159573,871006,37/42,0.8809523809523809,0.18320539697774757,0.011780011964709914,0.0002319225754688597,10141
