name,type_cluster,scaffold,USo,SSo,TUPOR_,TUPOR,SESY,ASER,ACR,CwASo
DrugEx_GT_epsilon_0.1_3,sim,csk,148872,890027,30/42,0.7142857142857143,0.16726683572520834,0.024774613994081818,0.00020155601241585036,21517
