name,type_cluster,scaffold,SSo,TUPOR_,TUPOR,SESY,ASER
DrugEx_GT_epsilon_0.1_4,sim,csk,890894,31/42,0.7380952380952381,0.1568547997853841,0.0035245813925982666
