name,type_cluster,scaffold,SSo,TUPOR_,TUPOR,SESY,ASER
DrugEx_RNN_epsilon_0.1_125k_0,dis,murcko,123872,17/106,0.16037735849056603,0.5941294239214673,0.02113628120156956
