name,type_cluster,scaffold,SSo,TUPOR_,TUPOR,SESY,ASER
DrugEx_RNN_epsilon_0.1_125k_3,dis,murcko,124617,7/62,0.11290322580645161,0.5759166084884085,0.04617309032295978
