name,type_cluster,scaffold,USo,SSo,TUPOR_,TUPOR,SESY,ASER,CwASo
DrugEx_RNN_epsilon_0.1_125k_3,dis,murcko,71769,124617,7/62,0.11290322580645161,0.5759166084884085,0.04617309032295978,5500
