name,type_cluster,scaffold,SSo,TUPOR_,TUPOR,SESY,ASER
DrugEx_RNN_epsilon_0.1_125k_2,dis,murcko,121231,2/102,0.0196078431372549,0.48323448622876986,4.12452774157359e-05
