name,type_cluster,scaffold,USo,SSo,TUPOR_,TUPOR,SESY,ASER,CwASo
DrugEx_RNN_epsilon_0.1_125k_4,dis,murcko,62846,123686,6/71,0.08450704225352113,0.5081092443768899,0.007879790415502082,967
