name,type_cluster,scaffold,USo,SSo,TUPOR_,TUPOR,TUPOR_unique,TUPOR_set,SESY,ASER,CwASo
DrugEx_RNN_3,sim,csk,246218,992258,15/35,0.42857142857142855,0.017406177800625,0.004319153169552965,0.2481390928568981,0.01235364189555539,12258
