name,type_cluster,scaffold,USo,SSo,TUPOR_,TUPOR,TUPOR_unique,TUPOR_set,SESY,ASER,CwASo
DrugEx_RNN_0,sim,csk,135578,886730,32/38,0.8421052631578947,0.06211223525630226,0.00949674944073049,0.1528965976114488,0.017962626729669685,15928
