name,type_cluster,scaffold,USo,SSo,TUPOR_,TUPOR,TUPOR_unique,TUPOR_set,SESY,ASER,CwASo
DrugEx_RNN_4,sim,csk,128830,863824,26/35,0.7428571428571429,0.05766181346403344,0.008599635375460081,0.14913917649891645,0.004878308544333105,4214
