name,type_cluster,scaffold,USo,SSo,TUPOR_,TUPOR,TUPOR_unique,TUPOR_set,SESY,ASER,CwASo
DrugEx_RNN_1,sim,csk,126037,850314,30/38,0.7894736842105263,0.06263824783282103,0.009284495894581605,0.14822406781494837,0.03396627598745875,28882
