name,type_cluster,phfp,UFo,SSo,TUPOR_,TUPOR,SESY,ASER,CwAFo,ACR,DIV
REINVENT_250k_0,dis,cdpkit,196476.0,248014.0,40/275,0.1454545,0.7921972,0.0003792,94.0,0.0002036,0.0
REINVENT_250k_1,dis,cdpkit,204034.0,247845.0,8/179,0.0446927,0.8232323,0.0001856,46.0,3.92e-05,0.0
REINVENT_250k_2,dis,cdpkit,197692.0,248067.0,25/130,0.1923077,0.7969299,0.0003145,78.0,0.0001265,0.0
REINVENT_250k_3,dis,cdpkit,192610.0,242841.0,0/98,0.0,0.7931527,0.0,0.0,0.0,0.0
REINVENT_250k_4,dis,cdpkit,202182.0,247635.0,19/152,0.125,0.8164516,0.0004969,123.0,9.4e-05,0.0
REINVENT_250k_mean,dis,cdpkit,198598.8,246880.4,-,0.101491,0.8043927,0.0002753,68.2,9.27e-05,0.0
