name,type_cluster,scaffold,USo,SSo,TUPOR_,TUPOR,SESY,ASER,CwASo
DrugEx_GT_epsilon_0.1_125k_2,sim,murcko,78271,124822,23/65,0.35384615384615387,0.627060934771114,0.0015887790473745026,198
