name,type_cluster,scaffold,USo,SSo,TUPOR_,TUPOR,SESY,ASER,CwASo
DrugEx_GT_epsilon_0.1_125k_3,sim,murcko,83794,124906,18/57,0.3157894736842105,0.6708564840760252,0.0008413394123444524,105
