name,type_cluster,scaffold,SSo,TUPOR_,TUPOR,SESY,ASER
DrugEx_GT_epsilon_0.1_125k_3,sim,murcko,124906,18/57,0.3157894736842105,0.6708564840760252,0.0008413394123444524
