name,type_cluster,scaffold,USo,SSo,TUPOR_,TUPOR,SESY,ASER,CwASo
DrugEx_GT_epsilon_0.1_125k_0,sim,murcko,103654,124932,57/172,0.3313953488372093,0.8296833477411713,0.022406992160007855,2738
