name,type_cluster,scaffold,SSo,TUPOR_,TUPOR,SESY,ASER
DrugEx_GT_epsilon_0.1_125k_1,sim,murcko,124837,37/93,0.3978494623655914,0.6681753005919719,0.0026343477178356585
