name,type_cluster,scaffold,USo,SSo,TUPOR_,TUPOR,SESY,ASER,ACR,CwASo
DrugEx_GT_epsilon_0.1_500k_4,dis,csk,126588,499551,28/41,0.6829268292682927,0.2534035563936415,0.017100612437697494,0.00022123893805309734,8399
