name,type_cluster,scaffold,USo,SSo,TUPOR_,TUPOR,SESY,ASER,ACR,CwASo
DrugEx_GT_epsilon_0.1_500k_3,dis,csk,85705,499559,31/47,0.6595744680851063,0.17156131708166603,0.060346657383980574,0.00036183672992973366,28431
