name,type_cluster,scaffold,SSo,TUPOR_,TUPOR,SESY,ASER
DrugEx_GT_epsilon_0.1_500k_1,dis,csk,498236,28/41,0.6829268292682927,0.27742475453399595,0.004437186892053988
