name,type_cluster,scaffold,SSo,TUPOR_,TUPOR,SESY,ASER
DrugEx_GT_epsilon_0.1_500k_2,dis,csk,499639,35/45,0.7777777777777778,0.1881238254019402,0.008306375284295583
