name,type_cluster,scaffold,SSo,TUPOR_,TUPOR,SESY,ASER
DrugEx_GT_epsilon_0.1_500k_4,dis,csk,499551,28/41,0.6829268292682927,0.2534035563936415,0.01681309816214961
