name,type_cluster,scaffold,SSo,TUPOR_,TUPOR,SESY,ASER
DrugEx_GT_epsilon_0.1_500k_0,dis,csk,499533,27/42,0.6428571428571429,0.21809369951534732,0.0118066695833941
