name,type_cluster,scaffold,SSo,TUPOR_,TUPOR,SESY,ASER
DrugEx_GT_epsilon_0.6_500k_0,sim,murcko,499964.0,68/115,0.5913043,0.7137834,0.0087326
DrugEx_GT_epsilon_0.6_500k_1,sim,murcko,499946.0,49/100,0.49,0.6340585,0.0108492
DrugEx_GT_epsilon_0.6_500k_2,sim,murcko,499839.0,23/58,0.3965517,0.6435432,0.0006102
DrugEx_GT_epsilon_0.6_500k_3,sim,murcko,499345.0,31/51,0.6078431,0.6102474,0.0022169
DrugEx_GT_epsilon_0.6_500k_4,sim,murcko,499797.0,19/40,0.475,0.6191114,0.0009384
DrugEx_GT_epsilon_0.6_500k_mean,sim,murcko,499778.2,-,0.5121398,0.6441488,0.0046695
