name,type_cluster,scaffold,USo,SSo,TUPOR_,TUPOR,SESY,ASER,ASR,CwASo
DrugEx_GT_epsilon_0.6_500k_0,sim,murcko,356866.0,499964.0,68/115,0.5913043,0.7137834,0.0088096,0.0001906,4366.0
DrugEx_GT_epsilon_0.6_500k_1,sim,murcko,316995.0,499946.0,49/100,0.49,0.6340585,0.0109682,0.0001546,5424.0
DrugEx_GT_epsilon_0.6_500k_2,sim,murcko,321668.0,499839.0,23/58,0.3965517,0.6435432,0.0006106,7.15e-05,305.0
DrugEx_GT_epsilon_0.6_500k_3,sim,murcko,304724.0,499345.0,31/51,0.6078431,0.6102474,0.0022218,0.0001017,1107.0
DrugEx_GT_epsilon_0.6_500k_4,sim,murcko,309430.0,499797.0,19/40,0.475,0.6191114,0.0009393,6.14e-05,469.0
DrugEx_GT_epsilon_0.6_500k_mean,sim,murcko,321936.6,499778.2,-,0.5121398,0.6441488,0.0047099,0.000116,2334.2
