name,type_cluster,scaffold,SSo,TUPOR_,TUPOR,SESY,ASER
DrugEx_GT_epsilon_0.6_500k_0,sim,murcko,499964,68/115,0.591304347826087,0.7137833924042531,0.008732628749269947
