name,type_cluster,scaffold,USo,SSo,TUPOR_,TUPOR,SESY,ASER,ACR,CwASo
DrugEx_GT_epsilon_0.6_500k_4,sim,murcko,309430,499797,19/40,0.475,0.61911135921184,0.0009392623686234299,6.14069958728035e-05,469
