name,type_cluster,scaffold,USo,SSo,TUPOR_,TUPOR,SESY,ASER,ACR,CwASo
DrugEx_GT_epsilon_0.6_500k_1,sim,murcko,316995,499946,49/100,0.49,0.6340584783156581,0.010968167240284557,0.0001546004682185609,5424
