name,type_cluster,scaffold,USo,SSo,TUPOR_,TUPOR,SESY,ASER,ASR,CwASo
DrugEx_GT_epsilon_0.6_500k_0,sim,murcko,356866,499964,68/115,0.591304347826087,0.7137833924042531,0.008809559360610817,0.00019058402793737633,4366
