name,type_cluster,scaffold,SSo,TUPOR_,TUPOR,SESY,ASER
DrugEx_GT_epsilon_0.6_500k_3,sim,murcko,499345,31/51,0.6078431372549019,0.6102474241256045,0.002216904144429202
