name,type_cluster,scaffold,USo,SSo,TUPOR_,TUPOR,SESY,ASER,ASR,CwASo
DrugEx_GT_epsilon_0.6_500k_3,sim,murcko,304724,499345,31/51,0.6078431372549019,0.6102474241256045,0.0022218297279613356,0.0001017417531745068,1107
