name,type_cluster,scaffold,USo,SSo,TUPOR_,TUPOR,SESY,ASER,CwASo
GB_GA_mut_r_0.01_62.5k_0,dis,csk,23065.0,62500.0,9/40,0.225,0.36904,0.0016186,101.0
GB_GA_mut_r_0.01_62.5k_1,dis,csk,22304.0,62491.0,9/23,0.3913043,0.3569154,0.0017312,108.0
GB_GA_mut_r_0.01_62.5k_2,dis,csk,24561.0,62495.0,7/40,0.175,0.3930074,0.0007366,46.0
GB_GA_mut_r_0.01_62.5k_3,dis,csk,23484.0,62500.0,13/37,0.3513514,0.375744,0.0022129,138.0
GB_GA_mut_r_0.01_62.5k_4,dis,csk,24334.0,62494.0,21/43,0.4883721,0.3893814,0.0090419,560.0
GB_GA_mut_r_0.01_62.5k_mean,dis,csk,23549.6,62496.0,-,0.3262056,0.3768176,0.0030682,190.6
