name,type_cluster,scaffold,USo,SSo,TUPOR_,TUPOR,SESY,ASER,CwASo
GB_GA_mut_r_0.01_62.5k_0,dis,csk,"23,065.0","62,500.0",9/40,0.225,0.36904,0.0016186,101.0
GB_GA_mut_r_0.01_62.5k_1,dis,csk,"22,304.0","62,491.0",9/23,0.3913043,0.3569154,0.0017312,108.0
GB_GA_mut_r_0.01_62.5k_2,dis,csk,"24,561.0","62,495.0",7/40,0.175,0.3930074,0.0007366,46.0
GB_GA_mut_r_0.01_62.5k_3,dis,csk,"23,484.0","62,500.0",13/37,0.3513514,0.375744,0.0022129,138.0
GB_GA_mut_r_0.01_62.5k_4,dis,csk,"24,334.0","62,494.0",21/43,0.4883721,0.3893814,0.0090419,560.0
GB_GA_mut_r_0.01_62.5k_mean,dis,csk,"23,549.6","62,496.0",-,0.3262056,0.3768176,0.0030682,190.6
