name,type_cluster,scaffold,SSo,TUPOR_,TUPOR,SESY,ASER
GB_GA_mut_r_0.01_62.5k_4,dis,csk,62494,21/43,0.4883720930232558,0.3893813806125388,0.008960860242583288
