name,type_cluster,scaffold,USo,SSo,TUPOR_,TUPOR,SESY,ASER,CwASo
GB_GA_mut_r_0.01_62.5k_4,dis,csk,24334,62494,21/43,0.4883720930232558,0.3893813806125388,0.009041883295120613,560
