name,type_cluster,scaffold,USo,SSo,TUPOR_,TUPOR,SESY,ASER,CwASo
GB_GA_mut_r_0.01_62.5k_1,dis,csk,22304,62491,9/23,0.391304347826087,0.35691539581699766,0.0017312408829328503,108
