name,type_cluster,scaffold,SSo,TUPOR_,TUPOR,SESY,ASER
GB_GA_mut_r_0.01_62.5k_1,dis,csk,60597,14/23,0.6086956521739131,0.14893476574747924,0.0021288182583296205
