name,type_cluster,scaffold,SSo,TUPOR_,TUPOR,SESY,ASER
GB_GA_mut_r_0.01_62.5k_2,dis,csk,60860,13/40,0.325,0.16322707854091356,0.0020210318764377257
