name,type_cluster,scaffold,SSo,TUPOR_,TUPOR,SESY,ASER
GB_GA_mut_r_0.01_62.5k_4,dis,csk,60088,29/43,0.6744186046511628,0.1499966715483957,0.034965384103315136
