name,type_cluster,scaffold,USo,SSo,TUPOR,SESY,ASER,ACR,CwASo
Molpher_mean,dis,csk,0.37186833748639386,0.13016694735011125,0.7478258259169039,0.42168474687090396,0.16955588174638797,0.08241715999077417,0.08763496737686932
REINVENT_mean,dis,csk,0.36644087211272336,0.11069206258845465,0.673247809578219,0.39894447757457085,0.15571433770456006,0.060044591373875605,0.14995092095386567
DrugEx_GT_epsilon_0.1_mean,dis,csk,0.5231476900287566,0.05730488547324786,0.7923658721593995,0.5854978947722929,0.18951148205209073,0.03513492734681324,0.16139788671401348
DrugEx_GT_epsilon_0.6_mean,dis,csk,1.0,0.5427745756145388,0.9999999999999999,0.9999999999999999,0.37323038103672074,0.0,0.38681505860615506
DrugEx_RNN_epsilon_0.1_mean,dis,csk,0.26666471757689164,0.0,0.5477252139821807,0.3048428231584913,0.1999017383814734,0.07718920581225494,0.1525780934234078
DrugEx_RNN_epsilon_0.6_mean,dis,csk,0.3232625363955033,0.4616876981585589,0.9079584937857971,0.3292101917718373,1.0,0.12101176289690163,0.9999999999999999
GB_GA_mut_r_0.01_mean,dis,csk,0.5794936264764355,0.9997618144010376,0.7328041329191666,0.5259619803734333,0.08020452973930343,0.018759129699392627,0.09437611871355159
GB_GA_mut_r_0.5_mean,dis,csk,0.4237703492469017,0.9998547166678522,0.6406612720183384,0.3846172948784982,0.15053437336988829,0.042361805181825155,0.17726196662624863
addcarbon_mean,dis,csk,0.0,1.0,0.0,0.0,0.0,0.9999999999999999,0.0
