name,type_cluster,scaffold,USo,SSo,TUPOR_,TUPOR,SESY,ASER,CwASo
Molpher_62.5k_mean,dis,csk,11998.6,64267.4,-,0.2757973,0.186985,0.0051813,322.0
REINVENT_62.5k_mean,dis,csk,15357.6,61685.2,-,0.2107787,0.2493565,0.0044398,268.2
DrugEx_GT_epsilon_0.1_62.5k_mean,dis,csk,19708.4,62449.4,-,0.345967,0.3155964,0.004801,297.4
DrugEx_GT_epsilon_0.6_62.5k_mean,dis,csk,28496.8,62459.4,-,0.5328736,0.4562408,0.0079516,490.6
DrugEx_RNN_epsilon_0.1_62.5k_mean,dis,csk,12740.4,62468.0,-,0.23048,0.2039564,0.0051236,315.2
DrugEx_RNN_epsilon_0.6_62.5k_mean,dis,csk,12328.4,61886.6,-,0.4801585,0.1992136,0.0184238,1085.2
GB_GA_mut_r_0.01_62.5k_mean,dis,csk,23549.6,62496.0,-,0.3262056,0.3768176,0.0030682,190.6
GB_GA_mut_r_0.5_62.5k_mean,dis,csk,17976.2,62498.0,-,0.3153947,0.2876287,0.0043036,267.0
addcarbon_62.5k_mean,dis,csk,,62500.0,-,0.0334034,0.0135648,0.001968,
