name,type_cluster,scaffold,USo,SSo,TUPOR,TUPOR_unique,TUPOR_set,SESY,ASER,CwASo
Molpher_mean,dis,csk,100068.0,823977.8,0.5166824,0.0538186,0.0070596,0.1248147,0.0045887,3041.2
DrugEx_GT_mean,dis,csk,242118.8,891906.4,0.6958651,0.0287198,0.0078024,0.2714466,0.0088309,7851.4
DrugEx_GT_1_mean,dis,csk,254849.2,908272.6,0.7009216,0.0276687,0.0077233,0.2805422,0.0099907,9050.0
DrugEx_RNN_mean,dis,csk,110595.8,868587.2,0.6659216,0.0594897,0.0076591,0.1272517,0.0181425,16078.4
REINVENT_mean,dis,csk,169670.2,964580.2,0.5598258,0.0336605,0.0058035,0.17588,0.013492,13023.4
addcarbon_mean,dis,csk,856.8,1000000.0,0.0334034,0.3837167,0.000334,0.0008568,0.001827,1827.0
GB_GA_mean,dis,csk,2710.0,9998.0,0.197592,0.7448879,0.1976255,0.2710566,0.0108207,108.2
