name,type_cluster,scaffold,USo,SSo,TUPOR,SESY,ASER,ACR,CwASo
Molpher_mean,dis,csk,100068.0,823977.8,0.5166824,0.1248147,0.004628,0.0001989,3041.2
REINVENT_mean,dis,csk,98620.0,820036.8,0.4684867,0.11813,0.0043998,0.0001698,3904.6
DrugEx_GT_epsilon_0.1_mean,dis,csk,140428.0,809233.2,0.5454662,0.172969,0.004957,0.0001374,4063.2
DrugEx_GT_epsilon_0.6_mean,dis,csk,267648.0,907474.4,0.6796488,0.2948155,0.0079859,9.17e-05,7186.4
DrugEx_RNN_epsilon_0.1_mean,dis,csk,72000.6,797636.8,0.3873683,0.090468,0.0051283,0.0001921,3941.0
DrugEx_RNN_epsilon_0.6_mean,dis,csk,87100.4,891065.4,0.6201674,0.097631,0.0183192,0.0002491,15682.2
GB_GA_mut_r_0.01_mean,dis,csk,155460.6,999951.8,0.5069747,0.1554679,0.0031549,0.0001161,3134.6
GB_GA_mut_r_0.5_mean,dis,csk,113915.0,999970.6,0.4474278,0.1139184,0.0043144,0.0001468,4283.0
addcarbon_mean,dis,csk,856.8,1000000.0,0.0334034,0.0008568,0.0018326,0.0013924,1827.0
