name,type_cluster,scaffold,USo,SSo,TUPOR_,TUPOR,SESY,ASER,CwASo
Molpher_62.5k_mean,dis,csk,0.0,1.0,-,0.48530202602677813,0.3917542401214433,0.19526853753691706,0.14688128772635814
REINVENT_62.5k_mean,dis,csk,0.20359796826320453,0.0,-,0.35512689245524565,0.5326507423036262,0.1502084371467811,0.08674267829197405
DrugEx_GT_epsilon_0.1_62.5k_mean,dis,csk,0.4673115855062979,0.2959491906126601,-,0.6257902873885169,0.6822859156584048,0.17215814484862477,0.11938296445338695
DrugEx_GT_epsilon_0.6_62.5k_mean,dis,csk,1.0000000000000002,0.29982185733096145,-,0.9999999999999999,1.0,0.36361647564992283,0.3353454057679409
DrugEx_RNN_epsilon_0.1_62.5k_mean,dis,csk,0.044962480755476375,0.30315235070870017,-,0.39457128773648564,0.4300924378100462,0.1917621750385882,0.13928012519561814
DrugEx_RNN_epsilon_0.6_62.5k_mean,dis,csk,0.019990059521644787,0.07799550770660701,-,0.8944579676625353,0.41937850707967,1.0,0.9999999999999999
GB_GA_mut_r_0.01_62.5k_mean,dis,csk,0.7001369846407488,0.3139958175199453,-,0.5862255646082589,0.8205839033514354,0.06685788597333464,0.0
GB_GA_mut_r_0.5_62.5k_mean,dis,csk,0.3623183135129895,0.3147703508636077,-,0.5645808298473062,0.6191072025589822,0.14193172012299618,0.08540129666890231
addcarbon_62.5k_mean,dis,csk,,0.31554488420726656,-,0.0,0.0,0.0,
