name,type_cluster,scaffold,USo,SSo,TUPOR,SESY,ASER,ASR,CwASo
Molpher_1k_mean,dis,csk,253.2,1089.0,0.0197077,0.2345944,0.0038315,0.0029256,4.0
REINVENT_1k_mean,dis,csk,667.2,991.2,0.0869736,0.6730878,0.0136581,0.0054702,13.0
DrugEx_GT_epsilon_0.1_1k_mean,dis,csk,687.4,999.4,0.0818633,0.6878178,0.0050414,0.0042573,5.0
DrugEx_GT_epsilon_0.6_1k_mean,dis,csk,792.4,999.0,0.0801536,0.7931831,0.0052473,0.0035445,5.2
DrugEx_RNN_epsilon_0.1_1k_mean,dis,csk,606.2,999.6,0.0613104,0.6064533,0.0038448,0.0037181,3.8
DrugEx_RNN_epsilon_0.6_1k_mean,dis,csk,505.8,987.4,0.1105811,0.5122478,0.0226088,0.0079618,21.0
GB_GA_mut_r_0.01_1k_mean,dis,csk,832.0,1000.0,0.0647482,0.832,0.003422,0.0026474,3.4
addcarbon_1k_mean,dis,csk,319.4,1000.0,0.0233468,0.3194,0.0016044,0.0025725,1.6
