name,type_cluster,scaffold,USo,SSo,TUPOR,TUPOR_unique,TUPOR_1,TUPOR_2,SESY,ASER,CwASo,metric_1,metric_2
DrugEx_GT_epsilon_0.1_mean,dis,csk,140428.0,809233.2,0.5454662,0.0391558,0.0001301,0.5112839,0.172969,0.0049153,4063.2,0.0001374,0.004957
DrugEx_GT_epsilon_0.6_mean,dis,csk,267648.0,907474.4,0.6796488,0.0253171,0.0001466,1.0550337,0.2948155,0.007886,7186.4,9.17e-05,0.0079859
Molpher_mean,dis,csk,100068.0,823977.8,0.5166824,0.0538186,0.0001575,0.3603848,0.1248147,0.0045887,3041.2,0.0001989,0.004628
