name,type_cluster,scaffold,USo,SSo,TUPOR,SESY,ASER,ACR,CwASo
Molpher_500k_mean,dis,csk,0.4232272383877386,1.0,0.7088765410090707,0.41193634893048736,0.16205495356037153,0.0770032886821208,0.1729835794691728
REINVENT_500k_mean,dis,csk,0.41105701574635967,0.0,0.5918807432496592,0.41732655021874465,0.1548108552631579,0.0434747734017807,0.15612413508210266
DrugEx_GT_epsilon_0.1_500k_mean,dis,csk,0.5933387812742256,0.2967925650702625,0.7680440118909476,0.5934714321182223,0.186859036377709,0.03272639768990136,0.19681400392440357
DrugEx_GT_epsilon_0.6_500k_mean,dis,csk,0.9999999999999999,0.30115171196473867,1.0,0.9999999999999999,0.36960018382352944,0.0,0.38823195290715684
DrugEx_RNN_epsilon_0.1_500k_mean,dis,csk,0.32046730494807996,0.30322888934398406,0.5041705613983403,0.3204509671181375,0.1957599651702786,0.07219058313948827,0.20419807910771454
DrugEx_RNN_epsilon_0.6_500k_mean,dis,csk,0.34574221199567456,0.07392020908302044,0.873940921581955,0.3490779107225744,0.9999999999999998,0.1684446939921393,0.9999999999999998
GB_GA_mut_r_0.01_500k_mean,dis,csk,0.6046362635354996,0.3152628653345424,0.693203082121877,0.6042894615504423,0.07641979489164086,0.018528916339135323,0.08065682123308891
GB_GA_mut_r_0.5_500k_mean,dis,csk,0.4435138231213244,0.3155261695093792,0.6130162690595813,0.4432551548021274,0.14747000773993807,0.056388866607844715,0.1557368584116493
addcarbon_500k_mean,dis,csk,0.0,0.3163063300274054,0.0,0.0,0.0,0.9999999999999999,0.0
