name,type_cluster,scaffold,USo,SSo,TUPOR,TUPOR_unique,TUPOR_1,TUPOR_2,SESY,ASER,CwASo
DrugEx_GT_mean,dis,csk,242118.8,891906.4,0.6958651,0.0287198,0.0001539,1.0107321,0.2714466,0.0088309,7851.4
DrugEx_GT_epsilon_0.1_mean,dis,csk,140428.0,809233.2,0.5454662,0.0391558,0.0001301,0.5112839,0.172969,0.0049153,4063.2
DrugEx_GT_epsilon_0.6_mean,dis,csk,267648.0,907474.4,0.6796488,0.0253171,0.0001466,1.0550337,0.2948155,0.007886,7186.4
DrugEx_GT_desired_mean,dis,csk,118043.0,467808.2,0.6525182,0.0556405,0.0002854,0.8831779,0.2528264,0.0064603,2975.8
DrugEx_GT_epsilon_0.1_desired_mean,dis,csk,91578.0,627767.2,0.4894703,0.0545587,0.0001642,0.3873065,0.1468273,0.0027798,1765.2
DrugEx_GT_epsilon_0.6_desired_mean,dis,csk,132911.2,509856.8,0.6358966,0.0482292,0.00026,0.8800501,0.2620146,0.0065796,3256.0
