name,type_cluster,scaffold,USo,SSo,TUPOR,SESY,ASER,ACR,CwASo
Molpher_100k_mean,dis,csk,0.41549468933962663,1.0,0.5462675839859754,0.40370455937801064,0.16806259180431066,0.2531330813606525,0.17980264001025253
REINVENT_100k_mean,dis,csk,0.4981076403118415,0.0,0.4381337719327573,0.5055535626999096,0.154734854162295,0.0,0.15622196591054727
DrugEx_GT_epsilon_0.1_100k_mean,dis,csk,0.6637192461417557,0.29456091198918344,0.6435816719800804,0.6638685849153649,0.1772355286429449,0.0821563556793316,0.18697936691016281
DrugEx_GT_epsilon_0.6_100k_mean,dis,csk,0.9999999999999998,0.2988117090136271,1.0,0.9999999999999999,0.35812224587067953,0.08315098468271337,0.3767781622452903
DrugEx_RNN_epsilon_0.1_100k_mean,dis,csk,0.40471908703890297,0.30151676166554253,0.4052800818915918,0.40469373315290835,0.1942264456368596,0.08056494927392083,0.20287069075996417
DrugEx_RNN_epsilon_0.6_100k_mean,dis,csk,0.40013403210020576,0.07661095546324503,0.8821822550258995,0.4040798961391628,1.0,0.5883230555002984,0.9999999999999999
GB_GA_mut_r_0.01_100k_mean,dis,csk,0.7732687922164955,0.31286832190127,0.6327674883655441,0.7728186321215513,0.07235828412122665,0.006763477222995806,0.07650903498654361
GB_GA_mut_r_0.5_100k_mean,dis,csk,0.5767912329506828,0.31368949859917095,0.5675094574433674,0.5764358377706827,0.14527413891303698,0.10015914064054116,0.1536588491605793
addcarbon_100k_mean,dis,csk,0.0,0.3143657617621507,0.0,0.0,0.0,1.0,0.0
