name,type_cluster,scaffold,USo,SSo,TUPOR,SESY,ASER,ACR,CwASo
Molpher_10k_mean,dis,csk,2373.0,10301.0,0.1356943,0.2308163,0.0075212,0.0021676,75.6
REINVENT_10k_mean,dis,csk,3993.8,9875.4,0.1021086,0.4047554,0.0041215,0.0009507,39.8
DrugEx_GT_epsilon_0.1_10k_mean,dis,csk,4646.6,9992.6,0.2041542,0.46501,0.0049857,0.0016401,49.4
DrugEx_GT_epsilon_0.6_10k_mean,dis,csk,5939.2,9992.2,0.3345524,0.5943763,0.0082329,0.001988,81.2
DrugEx_RNN_epsilon_0.1_10k_mean,dis,csk,3464.2,9994.8,0.1216086,0.3466107,0.0046686,0.0012149,46.0
DrugEx_RNN_epsilon_0.6_10k_mean,dis,csk,3115.2,9899.6,0.2961146,0.3146458,0.018437,0.0032869,173.8
GB_GA_mut_r_0.01_10k_mean,dis,csk,5805.4,9999.4,0.1877933,0.5805752,0.0028963,0.0011978,28.8
GB_GA_mut_r_0.5_10k_mean,dis,csk,4750.0,9999.6,0.1708984,0.4750194,0.0047605,0.0013692,47.2
addcarbon_10k_mean,dis,csk,708.2,10000.0,0.0334034,0.07082,0.0015447,0.0017001,15.4
