name,type_cluster,scaffold,uniq_scaffolds,set_size,TUPOR,TUPOR_unique,TUPOR_set,SESY,ASER,tRS
Molpher_mean,dis,csk,"100,068.0","823,977.8",0.5166824,0.0011424,0.0001575,0.1248147,0.0045887,"3,041.2"
addcarbon_mean,dis,csk,856.8,"1,000,000.0",0.0334034,0.0073645,6.4e-06,0.0008568,0.001827,"1,827.0"
GB_GA_mean,dis,csk,"2,710.0","9,998.0",0.197592,0.0152328,0.0040486,0.2710566,0.0108207,108.2
