name,type_cluster,scaffold,USo,SSo,TUPOR,SESY,ASER,ACR,CwASo
Molpher_100k_mean,dis,csk,18089.0,102838.8,0.3193328,0.1761073,0.0046792,0.0006462,467.6
REINVENT_100k_mean,dis,csk,21516.0,98698.4,0.262733,0.2183842,0.0044569,0.0003917,430.8
DrugEx_GT_epsilon_0.1_100k_mean,dis,csk,28386.0,99918.0,0.3702693,0.2840998,0.0048322,0.0004743,478.8
DrugEx_GT_epsilon_0.6_100k_mean,dis,csk,42335.8,99935.6,0.5568271,0.4236259,0.0078493,0.0004753,775.0
DrugEx_RNN_epsilon_0.1_100k_mean,dis,csk,17642.0,99946.8,0.2455366,0.1765179,0.0051156,0.0004727,503.6
DrugEx_RNN_epsilon_0.6_100k_mean,dis,csk,17451.8,99015.6,0.4951585,0.1762631,0.0185555,0.0009832,1747.6
GB_GA_mut_r_0.01_100k_mean,dis,csk,32930.4,99993.8,0.3646089,0.3293243,0.0030829,0.0003985,306.4
GB_GA_mut_r_0.5_100k_mean,dis,csk,24780.0,99997.2,0.3304513,0.247807,0.0042991,0.0004924,426.8
addcarbon_100k_mean,dis,csk,853.2,100000.0,0.0334034,0.008532,0.001876,0.0013971,187.0
