name,type_cluster,scaffold,USo,SSo,TUPOR,TUPOR_unique,TUPOR_1,TUPOR_2,SESY,ASER,CwASo,metric_1,metric_2,KL_OS_IS,KL_OS_RS
Molpher_mean,dis,csk,"100,068.0","823,977.8",0.5166824,0.0538186,0.0001575,0.3603848,0.1248147,0.0045887,"3,041.2",0.0001989,0.004628,0.0011392188349339,0.0204427839590684
DrugEx_GT_mean,dis,csk,"242,118.8","891,906.4",0.6958651,0.0287198,0.0001539,1.0107321,0.2714466,0.0088309,"7,851.4",,,0.0006699364308975,0.024356629735906
DrugEx_RNN_mean,dis,csk,"110,595.8","868,587.2",0.6659216,0.0594897,0.0001514,0.4508043,0.1272517,0.0181425,"16,078.4",,,0.0010056205648862,0.0229725728517595
