name,type_cluster,scaffold,USo,SSo,TUPOR,TUPOR_unique,TUPOR_set,SESY,ASER,CwASo
Molpher_mean,dis,csk,"100,068.0","823,977.8",0.5166824,0.0538186,0.0070596,0.1248147,0.0045887,"3,041.2"
DrugEx_GT_mean,dis,csk,"242,118.8","891,906.4",0.6958651,0.0287198,0.0078024,0.2714466,0.0088309,"7,851.4"
DrugEx_GT_1_mean,dis,csk,"254,849.2","908,272.6",0.7009216,0.0276687,0.0077233,0.2805422,0.0099907,"9,050.0"
DrugEx_RNN_mean,dis,csk,"110,595.8","868,587.2",0.6659216,0.0594897,0.0076591,0.1272517,0.0181425,"16,078.4"
REINVENT_mean,dis,csk,"169,670.2","964,580.2",0.5598258,0.0336605,0.0058035,0.17588,0.013492,"13,023.4"
addcarbon_mean,dis,csk,856.8,"1,000,000.0",0.0334034,0.3837167,0.000334,0.0008568,0.001827,"1,827.0"
GB_GA_mean,dis,csk,"2,710.0","9,998.0",0.197592,0.7448879,0.1976255,0.2710566,0.0108207,108.2
