name,type_cluster,scaffold,USo,SSo,TUPOR_,TUPOR,TUPOR_unique,TUPOR_1,TUPOR_2,SESY,ASER,CwASo,metric_1,metric_2,KL_OS_IS,KL_OS_RS
Molpher_mean,dis,csk,100068.0,823977.8,-,0.5166824,0.0538186,0.0001575,0.3603848,0.1248147,0.0045887,3041.2,0.0001989,0.004628,0.00113921883493398,0.020442783959068483
