name,type_cluster,scaffold,USo,SSo,TUPOR_,TUPOR,SESY,ASER,CwASo
DrugEx_GT_epsilon_0.1_250k_2,sim,murcko,145102,249675,27/65,0.4153846153846154,0.5811635125663362,0.0017051153460381143,425
