name,type_cluster,scaffold,SSo,TUPOR_,TUPOR,SESY,ASER
DrugEx_GT_epsilon_0.1_250k_3,sim,murcko,249819,20/57,0.3508771929824561,0.6238396599137775,0.0007771657486229344
