name,type_cluster,scaffold,USo,SSo,TUPOR_,TUPOR,SESY,ASER,CwASo
DrugEx_GT_epsilon_0.1_250k_0,sim,murcko,197889,249875,70/172,0.4069767441860465,0.791951975987994,0.022611008798854103,5525
