name,type_cluster,scaffold,SSo,TUPOR_,TUPOR,SESY,ASER
DrugEx_GT_epsilon_0.1_250k_2,sim,murcko,249675,27/65,0.4153846153846154,0.5811635125663362,0.0017022128767397618
