name,type_cluster,scaffold,USo,SSo,TUPOR_,TUPOR,SESY,ASER,CwASo
DrugEx_GT_epsilon_0.1_250k_1,sim,murcko,155729,249698,45/93,0.4838709677419355,0.6236693926262925,0.0025012546421760515,623
