name,type_cluster,scaffold,SSo,TUPOR_,TUPOR,SESY,ASER
DrugEx_GT_epsilon_0.1_250k_0,sim,murcko,249875,70/172,0.4069767441860465,0.791951975987994,0.022111055527763882
