name,type_cluster,scaffold,USo,SSo,TUPOR_,TUPOR,SESY,ASER,ASR,CwASo
Molpher_1k_0,dis,csk,253,1096,1/40,0.025,0.23083941605839417,0.005504587155963303,0.003968253968253968,6
