name,type_cluster,scaffold,SSo,TUPOR_,TUPOR,SESY,ASER
Molpher_125k_1,sim,csk,125076,23/38,0.6052631578947368,0.17182353129297387,0.02306597588666091
