name,type_cluster,scaffold,USo,SSo,TUPOR_,TUPOR,SESY,ASER,CwASo
Molpher_125k_1,sim,csk,21491,125076,23/38,0.6052631578947368,0.17182353129297387,0.023610576883731207,2885
