name,type_cluster,scaffold,USo,SSo,TUPOR_,TUPOR,SESY,ASER,CwASo
Molpher_125k_0,sim,csk,22316,125345,25/38,0.6578947368421053,0.17803661893174838,0.02039238033213937,2505
