name,type_cluster,scaffold,SSo,TUPOR_,TUPOR,SESY,ASER
Molpher_125k_2,sim,csk,125016,20/37,0.5405405405405406,0.17454565815575607,0.015398029052281308
