name,type_cluster,scaffold,USo,SSo,TUPOR_,TUPOR,SESY,ASER,CwASo
Molpher_125k_4,sim,csk,21926,125073,16/35,0.45714285714285713,0.17530562151703405,0.004957575368001543,617
