name,type_cluster,scaffold,SSo,TUPOR_,TUPOR,SESY,ASER
Molpher_125k_0,sim,csk,125345,25/38,0.6578947368421053,0.17803661893174838,0.019984841836531174
