name,type_cluster,scaffold,USo,SSo,TUPOR_,TUPOR,SESY,ASER,CwASo
Molpher_125k_3,sim,csk,21575,125013,20/35,0.5714285714285714,0.17258205146664746,0.01146477232272889,1417
