name,type_cluster,scaffold,SSo,TUPOR_,TUPOR,SESY,ASER
Molpher_125k_3,sim,csk,125013,20/35,0.5714285714285714,0.17258205146664746,0.011334821178597425
