name,type_cluster,scaffold,SSo,TUPOR_,TUPOR,SESY,ASER
Molpher_125k_4,sim,csk,125073,16/35,0.45714285714285713,0.17530562151703405,0.004933119058469854
