name,type_cluster,scaffold,USo,SSo,TUPOR_,TUPOR,SESY,ASER,CwASo
Molpher_125k_2,sim,csk,21821,125016,20/37,0.5405405405405406,0.17454565815575607,0.015638836308097263,1925
