name,type_cluster,scaffold,SSo,TUPOR_,TUPOR,SESY,ASER
Molpher_500k_0,sim,csk,500037,42/46,0.9130434782608695,0.16710563418307045,0.03156989194073451
