name,type_cluster,scaffold,SSo,TUPOR_,TUPOR,SESY,ASER
Molpher_500k_3,sim,csk,500054,31/42,0.7380952380952381,0.1544433201214269,0.011698012430402693
