name,type_cluster,scaffold,USo,SSo,TUPOR_,TUPOR,SESY,ASER,ACR,CwASo
Molpher_500k_4,sim,csk,78299,500064,28/42,0.6666666666666666,0.15657795802137325,0.0035420500542846763,0.0003577314714261987,1765
