name,type_cluster,scaffold,USo,SSo,TUPOR_,TUPOR,SESY,ASER,ACR,CwASo
Molpher_500k_1,sim,csk,80395,499979,37/44,0.8409090909090909,0.16079675346364547,0.009591522305842348,0.0004604395330894248,4750
