name,type_cluster,scaffold,USo,SSo,TUPOR_,TUPOR,SESY,ASER,ACR,CwASo
Molpher_500k_0,sim,csk,83559,500037,42/46,0.9130434782608695,0.16710563418307045,0.03156989194073451,0.0005028916268544129,15303
