name,type_cluster,scaffold,SSo,TUPOR_,TUPOR,SESY,ASER
Molpher_500k_1,sim,csk,499979,37/44,0.8409090909090909,0.16079675346364547,0.009500399016758703
