name,type_cluster,scaffold,SSo,TUPOR_,TUPOR,SESY,ASER
Molpher_500k_2,sim,csk,500056,35/42,0.8333333333333334,0.1469835378437615,0.007079207128801574
