name,type_cluster,scaffold,USo,SSo,TUPOR_,TUPOR,SESY,ASER,ACR,CwASo
Molpher_500k_3,sim,csk,77230,500054,31/42,0.7380952380952381,0.1544433201214269,0.011698012430402693,0.0004015596056943743,5782
