name,type_cluster,scaffold,SSo,TUPOR_,TUPOR,SESY,ASER
Molpher_500k_4,sim,csk,500064,28/42,0.6666666666666666,0.15657795802137325,0.003529548217828118
