name,type_cluster,scaffold,SSo,TUPOR_,TUPOR,SESY,ASER
GB_GA_mut_r_0.01_125k_0,dis,murcko,120657,23/106,0.2169811320754717,0.41078428934914674,0.024167681941370995
