name,type_cluster,scaffold,SSo,TUPOR_,TUPOR,SESY,ASER
GB_GA_mut_r_0.01_125k_3,dis,murcko,125000,4/62,0.06451612903225806,0.534488,0.0005042541440886207
