name,type_cluster,scaffold,SSo,TUPOR_,TUPOR,SESY,ASER
GB_GA_mut_r_0.01_125k_1,dis,murcko,119281,10/96,0.10416666666666667,0.341395528206504,0.0013078361180741275
