name,type_cluster,scaffold,SSo,TUPOR_,TUPOR,SESY,ASER
GB_GA_mut_r_0.01_125k_4,dis,murcko,118815,17/71,0.23943661971830985,0.32125573370365695,0.004502798468206877
