name,type_cluster,scaffold,SSo,TUPOR_,TUPOR,SESY,ASER
GB_GA_mut_r_0.01_125k_1,dis,murcko,108544,3/96,0.03125,0.2919829746462264,0.00011978144493278418
