name,type_cluster,scaffold,USo,SSo,TUPOR_,TUPOR,SESY,ASER,CwASo
GB_GA_mut_r_0.01_125k_0,dis,murcko,31857,109595,10/106,0.09433962264150944,0.2906793193120124,0.01222857459522864,1324
