name,type_cluster,scaffold,SSo,TUPOR_,TUPOR,SESY,ASER
GB_GA_mut_r_0.01_125k_2,dis,murcko,110938,1/102,0.00980392156862745,0.2936775496223116,5.408718854793928e-05
