name,type_cluster,scaffold,SSo,TUPOR_,TUPOR,SESY,ASER
GB_GA_mut_r_0.01_125k_0,dis,murcko,109595,10/106,0.09433962264150944,0.2906793193120124,0.012080843104156212
