name,type_cluster,scaffold,USo,SSo,TUPOR,SESY,ASER,ACR,CwASo
Molpher_500k_mean,dis,csk,0.5400617777383031,1.0000000000000009,0.8170686047932032,0.537481003759256,0.015051929759955535,0.021898153224416905,0.02471642267706118
REINVENT_500k_mean,dis,csk,0.46965038198717923,0.9083435303491649,0.6701425462754768,0.473431573541236,0.009675257239665024,0.020253442145329807,0.014981551078135598
DrugEx_GT_epsilon_0.1_500k_mean,dis,csk,0.7737090750679879,0.9892746364645282,0.8757215117526773,0.7712908743673181,0.14086382968105637,0.00866214501652543,0.2222025788570223
DrugEx_GT_epsilon_0.6_500k_mean,dis,csk,1.0,0.9666144958879945,0.9620611539835582,0.9999999999999999,0.133187293879163,0.0,0.21336306451704887
DrugEx_RNN_epsilon_0.1_500k_mean,dis,csk,0.30191578659471013,0.896872598958482,0.8234695817777389,0.3046709352956116,0.39167024451857313,0.06879591485095785,0.5757147175062304
DrugEx_RNN_epsilon_0.6_500k_mean,dis,csk,0.39751479239888515,0.8752112916536241,1.0,0.4024491293652764,0.27234407950833006,0.057470904277815184,0.41320452355017695
GB_GA_mut_r_0.01_500k_mean,dis,csk,0.24999823774137658,0.2612333172078207,0.3236882373470066,0.2712280797764933,0.09053528392943645,0.03632461897526668,0.12021739502363857
GB_GA_mut_r_0.5_500k_mean,dis,csk,0.07979789008299533,0.0,0.6547051295023946,0.09343484306965216,1.0,0.269435002584546,0.9999999999999999
addcarbon_500k_mean,dis,csk,0.0,0.9991832901738711,0.0,0.0,0.0,0.9999999999999999,0.0
