name,type_cluster,scaffold,USo,SSo,TUPOR,SESY,ASER,ACR,CwASo
Molpher_100k_mean,dis,csk,19439.0,100090.2,0.4941658,0.1942135,0.0059372,0.0011151,590.0
REINVENT_100k_mean,dis,csk,22554.0,98728.0,0.4194926,0.2283911,0.0050527,0.0007917,496.0
DrugEx_GT_epsilon_0.1_100k_mean,dis,csk,31608.4,99859.8,0.5031962,0.3165596,0.0201944,0.000714,1942.2
DrugEx_GT_epsilon_0.6_100k_mean,dis,csk,37781.8,99544.2,0.642068,0.3795677,0.0194137,0.0007359,1888.2
DrugEx_RNN_epsilon_0.1_100k_mean,dis,csk,13465.4,98572.4,0.5023777,0.1364618,0.0495411,0.0016521,4440.4
DrugEx_RNN_epsilon_0.6_100k_mean,dis,csk,17350.0,98276.0,0.6393028,0.1764076,0.035621,0.0016382,3294.6
GB_GA_mut_r_0.01_100k_mean,dis,csk,12501.6,89583.6,0.2544066,0.1360608,0.0145405,0.0009897,1242.8
GB_GA_mut_r_0.5_100k_mean,dis,csk,4473.6,85964.6,0.4154587,0.0520146,0.1213132,0.0040313,7457.0
addcarbon_100k_mean,dis,csk,922.6,100000.0,0.1379206,0.009226,0.0040083,0.006662,398.6
