name,type_cluster,scaffold,USo,SSo,TUPOR,SESY,ASER,ACR,CwASo
Molpher_10k_mean,dis,csk,0.3561784310374295,1.0,0.13749760610202016,0.3485604028356886,0.007056605585061125,0.07206735593072461,0.012219959266802458
REINVENT_10k_mean,dis,csk,0.7501709109553922,0.8415632426722999,0.4295408040339668,0.7577318229827412,0.006514595434371828,0.0,0.009892347977887711
DrugEx_GT_epsilon_0.1_10k_mean,dis,csk,0.9064262519227483,0.9210456825983631,0.6630716439609592,0.9024278225816731,0.1421567814546994,0.05756954441681572,0.22548734361361653
DrugEx_GT_epsilon_0.6_10k_mean,dis,csk,1.0,0.8959598626881435,1.0000000000000002,1.0,0.13435305720781854,0.1262196629295177,0.21617689845795754
DrugEx_RNN_epsilon_0.1_10k_mean,dis,csk,0.36639036062211594,0.8327171903881707,0.5035330158858726,0.3713174157947822,0.3784487686943316,0.3466387471098897,0.562700029095141
DrugEx_RNN_epsilon_0.6_10k_mean,dis,csk,0.4866689454794053,0.8085555848956965,0.8508558657193124,0.49535160176639975,0.27299768271022534,0.4363884889994038,0.4160605178935117
GB_GA_mut_r_0.01_10k_mean,dis,csk,0.34994018116561276,0.238183258515976,0.03524572890847172,0.39334281905108265,0.08405259505906688,0.030784219633846643,0.11027058481233634
GB_GA_mut_r_0.5_10k_mean,dis,csk,0.05721244231755257,0.0,0.3342108099166065,0.09143443086118364,1.0,1.0,1.0
addcarbon_10k_mean,dis,csk,0.0,0.9280433060470035,0.0,0.0,0.0,0.6932193284764938,0.0
