name,type_cluster,scaffold,USo,SSo,TUPOR,SESY,ASER,ACR,CwASo
Molpher_mean,dis,csk,202012.0,1601325.6,0.7329559,0.1261672,0.0056629,0.000158,9027.0
REINVENT_mean,dis,csk,83979.0,678050.4,0.5921459,0.123426,0.0051809,0.0003075,3390.2
DrugEx_GT_epsilon_0.1_mean,dis,csk,170925.8,873782.0,0.7267593,0.1950852,0.020413,0.0001942,17245.6
DrugEx_GT_epsilon_0.6_mean,dis,csk,231874.4,898840.6,0.7798549,0.257924,0.01959,0.0001461,17236.0
DrugEx_RNN_epsilon_0.1_mean,dis,csk,66202.2,873267.6,0.6753971,0.0759723,0.049605,0.0004534,40088.6
DrugEx_RNN_epsilon_0.6_mean,dis,csk,88390.6,881881.0,0.8058932,0.1002208,0.0356303,0.0004001,29384.6
GB_GA_mut_r_0.01_mean,dis,csk,56614.6,896237.6,0.3644029,0.0615757,0.0145844,0.0003124,12469.4
GB_GA_mut_r_0.5_mean,dis,csk,18789.6,859743.4,0.6011455,0.0218487,0.1200082,0.0013876,74027.8
addcarbon_mean,dis,csk,930.0,1000000.0,0.1379206,0.00093,0.0040507,0.00661,4028.0
