name,type_cluster,scaffold,USo,SSo,TUPOR,SESY,ASER,ACR,CwASo
Molpher_10k_mean,dis,csk,2396.0,10109.0,0.1554607,0.2369623,0.005214,0.0028774,52.2
REINVENT_10k_mean,dis,csk,4240.2,9869.0,0.2405521,0.4295768,0.0051519,0.0023818,50.6
DrugEx_GT_epsilon_0.1_10k_mean,dis,csk,4971.6,9989.4,0.308595,0.4976914,0.0206929,0.0027777,198.8
DrugEx_GT_epsilon_0.6_10k_mean,dis,csk,5409.6,9951.4,0.4067644,0.5436228,0.0197988,0.0032498,192.4
DrugEx_RNN_epsilon_0.1_10k_mean,dis,csk,2443.8,9855.6,0.2621109,0.247675,0.0477657,0.0047656,430.6
DrugEx_RNN_epsilon_0.6_10k_mean,dis,csk,3006.8,9819.0,0.3633089,0.3060632,0.0356838,0.0053828,329.8
GB_GA_mut_r_0.01_10k_mean,dis,csk,2366.8,8955.0,0.125668,0.2580433,0.0140357,0.0025935,119.6
GB_GA_mut_r_0.5_10k_mean,dis,csk,996.6,8594.2,0.2127762,0.1159221,0.118979,0.0092587,731.2
addcarbon_10k_mean,dis,csk,728.8,10000.0,0.1153986,0.07288,0.0044055,0.007149,43.8
