name,type_cluster,scaffold,USo,SSo,TUPOR,SESY,ASER,ACR,CwASo
Molpher_500k_mean,dis,csk,77545.0,500057.4,0.6522889,0.1550724,0.0057771,0.0003657,2869.4
REINVENT_500k_mean,dis,csk,67556.2,493615.6,0.5597947,0.1368147,0.0051522,0.0003552,2528.0
DrugEx_GT_epsilon_0.1_500k_mean,dis,csk,110691.0,499303.6,0.6892126,0.2217214,0.0203995,0.0002812,9795.2
DrugEx_GT_epsilon_0.6_500k_mean,dis,csk,142793.4,497711.0,0.7435659,0.2869164,0.0195073,0.0002259,9485.2
DrugEx_RNN_epsilon_0.1_500k_mean,dis,csk,43760.8,492809.4,0.6563185,0.0887084,0.0495493,0.0006651,22192.8
DrugEx_RNN_epsilon_0.6_500k_mean,dis,csk,57322.8,491287.0,0.7674495,0.1165807,0.0356807,0.0005928,16493.6
GB_GA_mut_r_0.01_500k_mean,dis,csk,36395.6,448135.4,0.3416917,0.0791753,0.0145501,0.0004578,6218.6
GB_GA_mut_r_0.5_500k_mean,dis,csk,12250.4,429775.4,0.5500764,0.0284942,0.120252,0.001946,37072.4
addcarbon_500k_mean,dis,csk,930.0,500000.0,0.1379206,0.00186,0.0040277,0.00661,2002.6
