name,type_cluster,scaffold,SSo,TUPOR_,TUPOR,SESY,ASER
Molpher_62.5k_mean,dis,csk,1.0,-,0.6582796669175558,0.4694595152090799,0.009868544455894981
REINVENT_62.5k_mean,dis,csk,0.9251922039384954,-,0.530275016430708,0.6272441721397338,0.02197251725119552
DrugEx_GT_epsilon_0.1_62.5k_mean,dis,csk,0.985348664688428,-,0.7218846184713693,0.8444043174553161,0.3553823509291482
DrugEx_GT_epsilon_0.6_62.5k_mean,dis,csk,0.9684718100890208,-,0.9816982519461984,1.0,0.3408664105376283
DrugEx_RNN_epsilon_0.1_62.5k_mean,dis,csk,0.9174871864041005,-,0.6390135501825273,0.3531308014448745,0.9999999999999999
DrugEx_RNN_epsilon_0.6_62.5k_mean,dis,csk,0.9019422713784735,-,1.0,0.46393809873309644,0.6933071761001154
GB_GA_mut_r_0.01_62.5k_mean,dis,csk,0.4437044780145669,-,0.18384519778668063,0.358930699898681,0.23481265874740986
GB_GA_mut_r_0.5_62.5k_mean,dis,csk,0.0,-,0.20745683007719717,0.3010874935839317,0.2544018960316182
addcarbon_62.5k_mean,dis,csk,0.9926490423523067,-,0.0,0.0,0.0
