name,type_cluster,scaffold,USo,SSo,TUPOR,SESY,ASER,ACR,CwASo
Molpher_100k_mean,dis,csk,0.502354907323002,1.0,0.7066290533284514,0.4995049166755998,0.016443473375792488,0.06743443174176192,0.027116626997619853
REINVENT_100k_mean,dis,csk,0.5868656943178364,0.9035651582941604,0.5585112607939664,0.5917915805862531,0.008903293894798936,0.01306321452589107,0.013799161283010314
DrugEx_GT_epsilon_0.1_100k_mean,dis,csk,0.8325139992186482,0.9836891884238543,0.7245412750318658,0.8298649598465416,0.13798315330391145,0.0,0.2186897880539499
DrugEx_GT_epsilon_0.6_100k_mean,dis,csk,1.0,0.9613467746502797,1.0,0.9999999999999999,0.13132784734482533,0.003681909885675863,0.21103932902640826
DrugEx_RNN_epsilon_0.1_100k_mean,dis,csk,0.34028953422754693,0.8925496970040205,0.7229177419143689,0.3435632552315874,0.38815769844226455,0.1577168796234028,0.572622690694775
DrugEx_RNN_epsilon_0.6_100k_mean,dis,csk,0.4456797760125016,0.8715665175284588,0.9945150961802045,0.45142526482975043,0.2694917262620743,0.1553799596503026,0.4102912841437153
GB_GA_mut_r_0.01_100k_mean,dis,csk,0.3141413812562399,0.2562015064846799,0.23105544132529493,0.3424804714132921,0.08978482569781826,0.04635171486213854,0.11960217613056782
GB_GA_mut_r_0.5_100k_mean,dis,csk,0.09633958414724139,0.0,0.5505098310533785,0.11553816380926049,1.0,0.5577168796234027,1.0
addcarbon_100k_mean,dis,csk,0.0,0.9936144305374635,0.0,0.0,0.0,1.0,0.0
