name,type_cluster,scaffold,SSo,TUPOR_,TUPOR,SESY,ASER
DrugEx_GT_epsilon_0.6_125k_3,sim,murcko,124828,24/51,0.47058823529411764,0.6857435831704425,0.0021229211394879354
