name,type_cluster,scaffold,USo,SSo,TUPOR_,TUPOR,SESY,ASER,CwASo
DrugEx_GT_epsilon_0.6_125k_0,sim,murcko,98528,124989,52/115,0.45217391304347826,0.7882933698165439,0.008830057710157794,1094
