name,type_cluster,scaffold,SSo,TUPOR_,TUPOR,SESY,ASER
DrugEx_GT_epsilon_0.6_125k_2,sim,murcko,124962,15/58,0.25862068965517243,0.7160176693714889,0.0005361629935500392
