name,type_cluster,scaffold,USo,SSo,TUPOR_,TUPOR,SESY,ASER,CwASo
DrugEx_GT_epsilon_0.6_125k_2,sim,murcko,89475,124962,15/58,0.25862068965517243,0.7160176693714889,0.0005364506185195564,67
