name,type_cluster,scaffold,USo,SSo,TUPOR_,TUPOR,SESY,ASER,CwASo
DrugEx_GT_epsilon_0.1_62.5k_4,dis,csk,21911,62386,28/43,0.6511627906976745,0.3512166191132626,0.01043050111755369,644
