name,type_cluster,scaffold,USo,SSo,TUPOR_,TUPOR,SESY,ASER,CwASo
DrugEx_GT_epsilon_0.1_62.5k_3,dis,csk,18531,62480,12/37,0.32432432432432434,0.29659090909090907,0.005957172758009982,370
