name,type_cluster,scaffold,SSo,TUPOR_,TUPOR,SESY,ASER
DrugEx_GT_epsilon_0.1_62.5k_3,dis,csk,62480,12/37,0.32432432432432434,0.29659090909090907,0.005921895006402049
