name,type_cluster,scaffold,SSo,TUPOR_,TUPOR,SESY,ASER
DrugEx_GT_epsilon_0.1_62.5k_1,dis,csk,62433,7/23,0.30434782608695654,0.2927778578636298,0.0005926353050470104
