name,type_cluster,scaffold,SSo,TUPOR_,TUPOR,SESY,ASER
DrugEx_GT_epsilon_0.1_62.5k_4,dis,csk,62386,28/43,0.6511627906976745,0.3512166191132626,0.010322828839803802
