name,type_cluster,scaffold,uniq_scaffolds,set_size,TUPOR_,TUPOR,SESY,ASER,tRS
Molpher_0,dis,murcko,"294,677.0","1,187,870.0",10/101,0.0990099,0.2480718,0.0014143,"1,680.0"
Molpher_1,dis,murcko,"292,568.0","1,211,203.0",11/49,0.2244898,0.2415516,3.3e-05,40.0
Molpher_2,dis,murcko,"298,912.0","1,178,796.0",4/67,0.0597015,0.253574,0.0001383,163.0
Molpher_3,dis,murcko,"236,433.0","891,658.0",21/83,0.253012,0.2651611,0.0048752,"4,347.0"
Molpher_4,dis,murcko,"201,025.0","707,678.0",21/108,0.1944444,0.2840628,0.0014385,"1,018.0"
Molpher_mean,dis,murcko,"264,723.0","1,035,441.0",-,0.1661315,0.2584842,0.0015799,"1,449.6"
