name,type_cluster,scaffold,USo,SSo,TUPOR_,TUPOR,TUPOR_unique,TUPOR_set,SESY,ASER,CwASo
Molpher_0,dis,murcko,226357.0,916551.0,9/92,0.0978261,0.0043218,0.0010673,0.2469661,0.0011369,1042.0
Molpher_1,dis,murcko,258940.0,1070030.0,8/34,0.2352941,0.0090868,0.0021989,0.2419932,2.43e-05,26.0
Molpher_2,dis,murcko,228962.0,906900.0,3/64,0.046875,0.0020473,0.0005169,0.2524666,3.64e-05,33.0
Molpher_3,dis,murcko,182240.0,693468.0,16/76,0.2105263,0.0115521,0.0030358,0.2627951,0.0051913,3600.0
Molpher_4,dis,murcko,152780.0,532962.0,19/98,0.1938776,0.01269,0.0036377,0.2866621,0.0013641,727.0
Molpher_mean,dis,murcko,209855.8,823982.2,-,0.1568798,0.0079396,0.0020913,0.2581766,0.0015506,1085.6
