name,type_cluster,scaffold,USo,SSo,TUPOR_,TUPOR,TUPOR_unique,TUPOR_1,TUPOR_2,SESY,ASER,CwASo
Molpher_0,dis,murcko,"226,357.0","916,551.0",9/92,0.0978261,0.0043218,1.92e-05,0.047269,0.2469661,0.0011369,"1,042.0"
Molpher_1,dis,murcko,"258,940.0","1,070,030.0",8/34,0.2352941,0.0090868,1.39e-05,0.1055057,0.2419932,2.43e-05,26.0
Molpher_2,dis,murcko,"228,962.0","906,900.0",3/64,0.046875,0.0020473,9.6e-06,0.0343936,0.2524666,3.64e-05,33.0
Molpher_3,dis,murcko,"182,240.0","693,468.0",16/76,0.2105263,0.0115521,6.95e-05,0.1667038,0.2627951,0.0051913,"3,600.0"
Molpher_4,dis,murcko,"152,780.0","532,962.0",19/98,0.1938776,0.01269,0.0001106,0.1724032,0.2866621,0.0013641,727.0
Molpher_mean,dis,murcko,"209,855.8","823,982.2",-,0.1568798,0.0079396,4.46e-05,0.1052551,0.2581766,0.0015506,"1,085.6"
