name,type_cluster,scaffold,uniq_scaffolds,set_size,TUPOR_,TUPOR,TUPOR_unique,TUPOR_set,SESY,ASER,tRS
Molpher_0,dis,murcko,226357.0,916551.0,9/92,0.0978261,7.78e-05,1.92e-05,0.2469661,0.0011369,1042.0
Molpher_1,dis,murcko,258940.0,1070030.0,8/34,0.2352941,5.72e-05,1.39e-05,0.2419932,2.43e-05,26.0
Molpher_2,dis,murcko,228963.0,906965.0,3/64,0.046875,3.81e-05,9.6e-06,0.2524497,3.64e-05,33.0
Molpher_3,dis,murcko,182240.0,693468.0,16/76,0.2105263,0.0002645,6.95e-05,0.2627951,0.0051913,3600.0
Molpher_4,dis,murcko,152780.0,532962.0,19/98,0.1938776,0.0003858,0.0001106,0.2866621,0.0013641,727.0
Molpher_mean,dis,murcko,209856.0,823995.2,-,0.1568798,0.0001647,4.46e-05,0.2581732,0.0015506,1085.6
