name,type_cluster,scaffold,USo,SSo,TUPOR_,TUPOR,TUPOR_unique,TUPOR_set,SESY,ASER,CwASo
Molpher_0,dis,murcko,226357,916551,9/92,0.09782608695652174,0.004321761065773169,0.0010673283533215471,0.2469660717188678,0.001136870725142409,1042
