name,type_cluster,scaffold,uniq_scaffolds,set_size,TUPOR_,TUPOR,SESY,ASER,tRS
Molpher_4,dis,murcko,201025,707678,21/108,0.19444444444444445,0.2840628082263402,0.0014385073437354276,1018
