name,type_cluster,scaffold,USo,SSo,TUPOR_,TUPOR,SESY,ASER,ASR,CwASo
Molpher_1,dis,murcko,258940,1070030,8/34,0.23529411764705882,0.24199321514350064,2.4298974583272587e-05,3.089614261659432e-05,26
