name,type_cluster,scaffold,uniq_scaffolds,set_size,TUPOR_,TUPOR,SESY,ASER,tRS
Molpher_3,dis,murcko,236433,891658,21/83,0.25301204819277107,0.265161081939488,0.004875187571916587,4347
