name,type_cluster,scaffold,USo,SSo,TUPOR_,TUPOR,SESY,ASER,ACR,CwASo
Molpher_4,dis,murcko,152780,532962,19/98,0.19387755102040816,0.28666208847910357,0.001365937978524524,0.0001243772952520604,727
