name,type_cluster,scaffold,USo,SSo,TUPOR_,TUPOR,TUPOR_unique,TUPOR_1,TUPOR_2,SESY,ASER,CwASo
Molpher_0,dis,murcko,226357,916551,9/92,0.09782608695652174,0.004321761065773169,1.9211910359787848e-05,0.04726902601424455,0.2469660717188678,0.001136870725142409,1042
