name,type_cluster,scaffold,uniq_scaffolds,set_size,TUPOR_,TUPOR,SESY,ASER,tRS
Molpher_0,dis,murcko,294677,1187870,10/101,0.09900990099009901,0.2480717586941332,0.0014142961771911068,1680
