name,type_cluster,scaffold,SSo,TUPOR_,TUPOR,SESY,ASER
Molpher_3,dis,murcko,693468,16/76,0.21052631578947367,0.262795110949604,0.0051912993822353735
