name,type_cluster,scaffold,USo,SSo,TUPOR_,TUPOR,TUPOR_unique,TUPOR_set,SESY,ASER,CwASo
Molpher_3,dis,murcko,182240,693468,16/76,0.21052631578947367,0.011552146388799039,0.0030358475919505107,0.262795110949604,0.0051912993822353735,3600
