name,type_cluster,scaffold,SSo,TUPOR_,TUPOR,SESY,ASER
Molpher_4,dis,murcko,532962,19/98,0.19387755102040816,0.28666208847910357,0.001364074737035661
