name,type_cluster,scaffold,SSo,TUPOR_,TUPOR,SESY,ASER
Molpher_1,dis,murcko,1070030,8/34,0.23529411764705882,0.24199321514350064,2.429838415745353e-05
