name,type_cluster,scaffold,SSo,TUPOR_,TUPOR,SESY,ASER
Molpher_0,dis,murcko,916551,9/92,0.09782608695652174,0.2469660717188678,0.001136870725142409
