name,type_cluster,scaffold,USo,SSo,TUPOR_,TUPOR,TUPOR_unique,TUPOR_set,SESY,ASER,CwASo
Molpher_2,dis,murcko,228962,906900,3/64,0.046875,0.0020472829552502163,0.0005168706582864704,0.2524666446135186,3.638769434336751e-05,33
