name,type_cluster,scaffold,uniq_scaffolds,set_size,TUPOR_,TUPOR,TUPOR_unique,TUPOR_set,SESY,ASER,tRS
Molpher_4,dis,murcko,152780,532962,19/98,0.19387755102040816,0.00038577546478730254,0.00011058720041992502,0.28666208847910357,0.001364074737035661,727
