name,type_cluster,scaffold,uniq_scaffolds,set_size,TUPOR_,TUPOR,TUPOR_unique,TUPOR_set,SESY,ASER,tRS
Molpher_2,dis,murcko,228963,906965,3/64,0.046875,3.8079296654918044e-05,9.613105246619218e-06,0.25244965351474424,3.638508652483833e-05,33
