name,type_cluster,scaffold,USo,SSo,TUPOR_,TUPOR,TUPOR_unique,TUPOR_set,SESY,ASER,CwASo
Molpher_1,dis,murcko,258940,1070030,8/34,0.23529411764705882,0.009086820021899237,0.002198948792529731,0.24199321514350064,2.429838415745353e-05,26
