name,type_cluster,scaffold,uniq_scaffolds,set_size,TUPOR_,TUPOR,TUPOR_unique,TUPOR_set,SESY,ASER,tRS
Molpher_0,dis,murcko,226357,916551,9/92,0.09782608695652174,7.779169918391706e-05,1.9211910359787848e-05,0.2469660717188678,0.001136870725142409,1042
