name,type_cluster,scaffold,USo,SSo,TUPOR_,TUPOR,SESY,ASER,ACR,CwASo
Molpher_3,dis,murcko,182240,693468,16/76,0.21052631578947367,0.262795110949604,0.005218389604967907,8.780402142418122e-05,3600
