name,type_cluster,scaffold,uniq_scaffolds,set_size,TUPOR_,TUPOR,TUPOR_unique,TUPOR_set,SESY,ASER,tRS
Molpher_3,dis,murcko,182240,693468,16/76,0.21052631578947367,0.000264544152303498,6.952090985566669e-05,0.262795110949604,0.0051912993822353735,3600
