name,type_cluster,scaffold,uniq_scaffolds,set_size,TUPOR_,TUPOR,SESY,ASER,tRS
Molpher_2,dis,murcko,298912,1178796,4/67,0.05970149253731343,0.25357398565994455,0.00013827668230974655,163
