name,type_cluster,scaffold,USo,SSo,TUPOR_,TUPOR,SESY,ASER,ASR,CwASo
REINVENT_100k_0,dis,murcko,79116.0,99066.0,6/92,0.0652174,0.7986191,0.0002827,7.58e-05,28.0
REINVENT_100k_1,dis,murcko,77853.0,99347.0,2/34,0.0588235,0.7836472,5.03e-05,2.57e-05,5.0
REINVENT_100k_2,dis,murcko,80383.0,99260.0,3/64,0.046875,0.8098227,9.07e-05,3.73e-05,9.0
REINVENT_100k_3,dis,murcko,74657.0,99216.0,3/76,0.0394737,0.7524694,0.0001915,4.02e-05,19.0
REINVENT_100k_4,dis,murcko,77086.0,99260.0,6/98,0.0612245,0.7766069,0.0003427,7.78e-05,34.0
REINVENT_100k_mean,dis,murcko,77819.0,99229.8,-,0.0543228,0.7842331,0.0001916,5.14e-05,19.0
