name,type_cluster,scaffold,USo,SSo,TUPOR_,TUPOR,SESY,ASER,ASR,CwASo
REINVENT_100k_3,dis,murcko,74657,99216,3/76,0.039473684210526314,0.7524693597806805,0.00019153805054588345,4.018538859270769e-05,19
