name,type_cluster,scaffold,USo,SSo,TUPOR_,TUPOR,SESY,ASER,ASR,CwASo
REINVENT_100k_0,dis,murcko,79116,99066,6/92,0.06521739130434782,0.7986191024165707,0.00028271976413093964,7.584376185058778e-05,28
