name,type_cluster,scaffold,USo,SSo,TUPOR_,TUPOR,SESY,ASER,ASR,CwASo
REINVENT_100k_2,dis,murcko,80383,99260,3/64,0.046875,0.8098226878903889,9.067918711146488e-05,3.732271709380443e-05,9
