name,type_cluster,scaffold,USo,SSo,TUPOR_,TUPOR,SESY,ASER,ACR,CwASo
REINVENT_100k_4,dis,murcko,69463,98809,1/98,0.01020408163265306,0.703002762906213,8.097084037610955e-05,1.439636060004031e-05,8
