name,type_cluster,scaffold,USo,SSo,TUPOR_,TUPOR,SESY,ASER,ASR,CwASo
REINVENT_100k_1,dis,murcko,77853,99347,2/34,0.058823529411764705,0.7836472163225865,5.033117915886533e-05,2.5690100319841748e-05,5
