name,type_cluster,scaffold,USo,SSo,TUPOR_,TUPOR,SESY,ASER,CwASo
REINVENT_62.5k_0,dis,csk,"10,747.0","62,106.0",5/40,0.125,0.1730429,0.000838,52.0
REINVENT_62.5k_1,dis,csk,"17,129.0","61,706.0",5/23,0.2173913,0.2775905,8.1e-05,5.0
REINVENT_62.5k_2,dis,csk,"12,216.0","62,206.0",0/40,0.0,0.1963798,0.0,0.0
REINVENT_62.5k_3,dis,csk,"18,885.0","60,666.0",16/37,0.4324324,0.3112946,0.0139051,832.0
REINVENT_62.5k_4,dis,csk,"17,811.0","61,742.0",12/43,0.2790698,0.2884746,0.0073748,452.0
REINVENT_62.5k_mean,dis,csk,"15,357.6","61,685.2",-,0.2107787,0.2493565,0.0044398,268.2
