name,type_cluster,scaffold,SSo,TUPOR_,TUPOR,SESY,ASER
REINVENT_62.5k_3,dis,csk,60667,16/37,0.43243243243243246,0.31130598183526464,0.01371421036148153
