name,type_cluster,scaffold,USo,SSo,TUPOR_,TUPOR,SESY,ASER,CwASo
REINVENT_62.5k_4,dis,csk,17811,61742,12/43,0.27906976744186046,0.2884746201937093,0.007374775656713983,452
