name,type_cluster,scaffold,SSo,TUPOR_,TUPOR,SESY,ASER
REINVENT_62.5k_1,dis,csk,61706,5/23,0.21739130434782608,0.27759050983696887,8.102939746540045e-05
