name,type_cluster,scaffold,USo,SSo,TUPOR_,TUPOR,SESY,ASER,CwASo
REINVENT_62.5k_1,dis,csk,17129,61706,5/23,0.21739130434782608,0.27759050983696887,8.103596376071701e-05,5
