name,type_cluster,scaffold,SSo,TUPOR_,TUPOR,SESY,ASER
REINVENT_62.5k_4,dis,csk,61743,12/43,0.27906976744186046,0.28846994801030074,0.00732066792996777
