name,type_cluster,scaffold,USo,SSo,TUPOR_,TUPOR,SESY,ASER,CwASo
REINVENT_62.5k_3,dis,csk,18885,60666,16/37,0.43243243243243246,0.31129462961131443,0.013905137547213958,832
