name,type_cluster,scaffold,SSo,TUPOR_,TUPOR,SESY,ASER
GB_GA_mut_r_0.5_250k_0,sim,csk,"238,981.0",33/38,0.8684211,0.0880991,0.0425431
GB_GA_mut_r_0.5_250k_1,sim,csk,"238,263.0",32/38,0.8421053,0.0752194,0.037765
GB_GA_mut_r_0.5_250k_2,sim,csk,"238,263.0",29/37,0.7837838,0.073784,0.014761
GB_GA_mut_r_0.5_250k_3,sim,csk,"237,784.0",32/35,0.9142857,0.0754088,0.0212714
GB_GA_mut_r_0.5_250k_4,sim,csk,"237,658.0",24/35,0.6857143,0.0731682,0.0072205
GB_GA_mut_r_0.5_250k_mean,sim,csk,"238,189.8",-,0.818862,0.0771359,0.0247122
