name,type_cluster,scaffold,USo,SSo,TUPOR_,TUPOR,SESY,ASER,CwASo
GB_GA_mut_r_0.5_250k_1,sim,csk,46984,249994,22/38,0.5789473684210527,0.18794051057225372,0.015030938885550484,3702
