name,type_cluster,scaffold,SSo,TUPOR_,TUPOR,SESY,ASER
GB_GA_mut_r_0.5_250k_4,sim,csk,249995,17/35,0.4857142857142857,0.17743554871097422,0.003148062961259225
