name,type_cluster,scaffold,SSo,TUPOR_,TUPOR,SESY,ASER
GB_GA_mut_r_0.5_250k_2,sim,csk,238263,29/37,0.7837837837837838,0.07378401178529607,0.014760999399822885
