name,type_cluster,scaffold,USo,SSo,TUPOR_,TUPOR,SESY,ASER,CwASo
GB_GA_mut_r_0.5_250k_4,sim,csk,44358,249995,17/35,0.4857142857142857,0.17743554871097422,0.0031580045584411417,787
