name,type_cluster,scaffold,USo,SSo,TUPOR_,TUPOR,SESY,ASER,CwASo
GB_GA_mut_r_0.5_250k_0,sim,csk,41333,249973,21/38,0.5526315789473685,0.16534985778464073,0.010053134533406066,2488
