name,type_cluster,scaffold,USo,SSo,TUPOR_,TUPOR,SESY,ASER,CwASo
GB_GA_mut_r_0.5_250k_2,sim,csk,51135,249984,13/37,0.35135135135135137,0.20455309139784947,0.008496115024326484,2106
