name,type_cluster,scaffold,SSo,TUPOR_,TUPOR,SESY,ASER
GB_GA_mut_r_0.5_250k_4,sim,csk,237658,24/35,0.6857142857142857,0.07316816602007928,0.007220459652105126
