name,type_cluster,scaffold,SSo,TUPOR_,TUPOR,SESY,ASER
GB_GA_mut_r_0.5_250k_3,sim,csk,249990,20/35,0.5714285714285714,0.1891915676627065,0.012880515220608825
