name,type_cluster,scaffold,SSo,TUPOR_,TUPOR,SESY,ASER
GB_GA_mut_r_0.5_250k_0,sim,csk,238981,33/38,0.868421052631579,0.0880990538996824,0.04254313104389052
