name,type_cluster,scaffold,SSo,TUPOR_,TUPOR,SESY,ASER
GB_GA_mut_r_0.5_250k_1,sim,csk,238263,32/38,0.8421052631578947,0.07521940041047079,0.03776499078749113
