name,type_cluster,scaffold,SSo,TUPOR_,TUPOR,SESY,ASER
GB_GA_mut_r_0.5_250k_3,sim,csk,237784,32/35,0.9142857142857143,0.0754087743498301,0.021271405981899538
