name,type_cluster,scaffold,USo,SSo,TUPOR_,TUPOR,SESY,ASER,CwASo
GB_GA_mut_r_0.5_250k_3,sim,csk,47296,249990,20/35,0.5714285714285714,0.1891915676627065,0.013048587753778823,3220
