name,type_cluster,scaffold,USo,SSo,TUPOR_,TUPOR,SESY,ASER,CwASo
DrugEx_RNN_epsilon_0.6_62.5k_3,dis,csk,13160,61981,23/37,0.6216216216216216,0.21232313128216712,0.016498564985649857,1006
