name,type_cluster,scaffold,SSo,TUPOR_,TUPOR,SESY,ASER
DrugEx_RNN_epsilon_0.6_62.5k_3,dis,csk,61981,23/37,0.6216216216216216,0.21232313128216712,0.0162307804004453
