name,type_cluster,scaffold,SSo,TUPOR_,TUPOR,SESY,ASER
DrugEx_RNN_epsilon_0.6_62.5k_4,dis,csk,61791,35/43,0.813953488372093,0.25283617355278276,0.06170801573044618
