name,type_cluster,scaffold,USo,SSo,TUPOR_,TUPOR,SESY,ASER,CwASo
DrugEx_GT_epsilon_0.6_125k_4,dis,csk,45538,124165,28/41,0.6829268292682927,0.36675391615994846,0.019107496080829303,2328
