name,type_cluster,scaffold,USo,SSo,TUPOR_,TUPOR,SESY,ASER,CwASo
DrugEx_GT_epsilon_0.6_125k_0,dis,csk,50140,124282,30/42,0.7142857142857143,0.40343734410453647,0.02760804676583184,3339
