name,type_cluster,scaffold,SSo,TUPOR_,TUPOR,SESY,ASER
DrugEx_GT_epsilon_0.6_125k_0,dis,csk,124282,30/42,0.7142857142857143,0.40343734410453647,0.026866320142900822
