name,type_cluster,scaffold,SSo,TUPOR_,TUPOR,SESY,ASER
DrugEx_GT_epsilon_0.6_125k_4,dis,csk,124165,28/41,0.6829268292682927,0.36675391615994846,0.01874924495630814
