name,type_cluster,scaffold,SSo,TUPOR_,TUPOR,SESY,ASER
DrugEx_GT_epsilon_0.6_125k_1,dis,csk,124613,21/41,0.5121951219512195,0.3400447786346529,0.006185050909590059
