name,type_cluster,phfp,UFo,SSo,TUPOR_,TUPOR,SESY,ASER,CwAFo,ACR,DIV
DrugEx_RNN_epsilon_0.6_250k_2,sim,cdpkit,240986,250000,38/109,0.3486238532110092,0.963944,0.0011613471627087422,290,0.00015771037734282916,0
