name,type_cluster,scaffold,USo,SSo,TUPOR_,TUPOR,SESY,ASER,ASR,CwASo
REINVENT_10k_0,sim,murcko,8963.0,9931.0,3/115,0.026087,0.9025274,0.0004029,0.0003348,4.0
REINVENT_10k_1,sim,murcko,9077.0,9945.0,3/100,0.03,0.91272,0.0004024,0.0003306,4.0
REINVENT_10k_2,sim,murcko,9005.0,9939.0,0/58,0.0,0.9060268,0.0,0.0,0.0
REINVENT_10k_3,sim,murcko,9063.0,9931.0,2/51,0.0392157,0.9125969,0.0002014,0.0002207,2.0
REINVENT_10k_4,sim,murcko,8957.0,9931.0,0/40,0.0,0.9019233,0.0,0.0,0.0
REINVENT_10k_mean,sim,murcko,9013.0,9935.4,-,0.0190605,0.9071589,0.0002013,0.0001772,2.0
