name,type_cluster,scaffold,USo,SSo,TUPOR_,TUPOR,SESY,ASER,ASR,CwASo
REINVENT_10k_0,sim,murcko,8963,9931,3/115,0.02608695652173913,0.9025274393313866,0.0004029414727510829,0.0003348214285714286,4
