name,type_cluster,scaffold,USo,SSo,TUPOR_,TUPOR,SESY,ASER,ACR,CwASo
DrugEx_RNN_epsilon_0.1_0,sim,murcko,340637.0,823927.0,14/115,0.1217391,0.413431,0.0084366,4.11e-05,6893.0
DrugEx_RNN_epsilon_0.1_1,sim,murcko,329062.0,843288.0,14/100,0.14,0.3902131,0.003045,4.25e-05,2560.0
DrugEx_RNN_epsilon_0.1_2,sim,murcko,321623.0,850535.0,2/58,0.0344828,0.378142,0.000167,6.2e-06,142.0
DrugEx_RNN_epsilon_0.1_3,sim,murcko,433295.0,903808.0,6/51,0.1176471,0.4794105,7.75e-05,1.38e-05,70.0
DrugEx_RNN_epsilon_0.1_4,sim,murcko,331285.0,818383.0,2/40,0.05,0.4048044,2.4e-06,6e-06,2.0
DrugEx_RNN_epsilon_0.1_mean,sim,murcko,351180.4,847988.2,-,0.0927738,0.4132002,0.0023457,2.2e-05,1933.4
