name,type_cluster,scaffold,USo,SSo,TUPOR_,TUPOR,TUPOR_unique,TUPOR_1,TUPOR_2,SESY,ASER,CwASo
DrugEx_RNN_epsilon_0.1_0,sim,murcko,340619.0,823792.0,14/115,0.1217391,0.0035741,7.18e-05,0.2127257,0.4134769,0.008365,6891.0
DrugEx_RNN_epsilon_0.1_1,sim,murcko,329060.0,843276.0,14/100,0.14,0.0042545,3.92e-05,0.1289274,0.3902163,0.0030358,2560.0
DrugEx_RNN_epsilon_0.1_2,sim,murcko,321587.0,850377.0,2/58,0.0344828,0.0010723,5.5e-06,0.0303525,0.3781699,0.000167,142.0
DrugEx_RNN_epsilon_0.1_3,sim,murcko,433247.0,903633.0,6/51,0.1176471,0.0027155,8.2e-06,0.0696779,0.4794502,7.75e-05,70.0
DrugEx_RNN_epsilon_0.1_4,sim,murcko,331239.0,818100.0,2/40,0.05,0.0015095,2.6e-06,0.0212566,0.4048882,2.4e-06,2.0
DrugEx_RNN_epsilon_0.1_mean,sim,murcko,351150.4,847835.6,-,0.0927738,0.0026252,2.54e-05,0.092588,0.4132403,0.0023295,1933.0
