name,type_cluster,scaffold,USo,SSo,TUPOR_,TUPOR,TUPOR_unique,TUPOR_1,TUPOR_2,SESY,ASER,CwASo
DrugEx_RNN_epsilon_0.1_1,sim,murcko,329060,843276,14/100,0.14,0.00425454324439312,3.9180529269183514e-05,0.1289274496131753,0.3902162518558574,0.003035779507539643,2560
