name,type_cluster,scaffold,USo,SSo,TUPOR_,TUPOR,TUPOR_unique,TUPOR_1,TUPOR_2,SESY,ASER,CwASo
DrugEx_RNN_epsilon_0.1_2,sim,murcko,321587,850377,2/58,0.034482758620689655,0.0010722684256729799,5.474245439132413e-06,0.030352520138521986,0.37816991757773316,0.00016698476087664648,142
