name,type_cluster,scaffold,USo,SSo,TUPOR_,TUPOR,TUPOR_unique,TUPOR_1,TUPOR_2,SESY,ASER,CwASo
DrugEx_RNN_epsilon_0.1_0,sim,murcko,340619,823792,14/115,0.12173913043478261,0.00357405577594857,7.182057775664773e-05,0.21272568152079646,0.4134769456367627,0.008364975624915028,6891
