name,type_cluster,scaffold,USo,SSo,TUPOR_,TUPOR,TUPOR_unique,TUPOR_1,TUPOR_2,SESY,ASER,CwASo
DrugEx_RNN_epsilon_0.1_4,sim,murcko,331239,818100,2/40,0.05,0.001509484088528223,2.566923359002567e-06,0.021256628162816284,0.4048881554822149,2.444688913335778e-06,2
