name,type_cluster,scaffold,USo,SSo,TUPOR_,TUPOR,SESY,ASER,ACR,CwASo
DrugEx_RNN_epsilon_0.1_3,sim,murcko,433295,903808,6/51,0.11764705882352941,0.47941045000708116,7.745607687183675e-05,1.384757055914182e-05,70
