name,type_cluster,scaffold,USo,SSo,TUPOR_,TUPOR,SESY,ASER,CwASo
Molpher_125k_3,dis,csk,21711,125028,12/37,0.32432432432432434,0.17364910260101737,0.006901772555588664,857
