name,type_cluster,scaffold,SSo,TUPOR_,TUPOR,SESY,ASER
Molpher_125k_4,dis,csk,125088,26/43,0.6046511627906976,0.19507866462010745,0.0117677155282681
