name,type_cluster,scaffold,SSo,TUPOR_,TUPOR,SESY,ASER
Molpher_125k_2,dis,csk,125013,3/40,0.075,0.16920640253413646,0.00017598169790341805
