name,type_cluster,scaffold,USo,SSo,TUPOR_,TUPOR,SESY,ASER,CwASo
Molpher_125k_2,dis,csk,21153,125013,3/40,0.075,0.16920640253413646,0.0001760126729124497,22
