name,type_cluster,scaffold,SSo,TUPOR_,TUPOR,SESY,ASER
Molpher_125k_0,dis,csk,125022,11/40,0.275,0.1617155380653005,0.0029834749084161187
