name,type_cluster,scaffold,SSo,TUPOR_,TUPOR,SESY,ASER
Molpher_125k_3,dis,csk,125028,12/37,0.32432432432432434,0.17364910260101737,0.006854464599929616
