name,type_cluster,scaffold,USo,SSo,TUPOR_,TUPOR,SESY,ASER,ACR,CwASo
GB_GA_mut_r_0.5_10k_2,sim,csk,5036,10000,6/37,0.16216216216216217,0.5036,0.009489198465576418,0.0011928429423459245,94
