name,type_cluster,scaffold,USo,SSo,TUPOR_,TUPOR,SESY,ASER,ASR,CwASo
DrugEx_RNN_epsilon_0.6_500k_0,sim,murcko,268895.0,497801.0,50/115,0.4347826,0.5401656,0.0047715,0.000186,2364.0
DrugEx_RNN_epsilon_0.6_500k_1,sim,murcko,231480.0,496775.0,55/100,0.55,0.4659655,0.0075428,0.0002377,3719.0
DrugEx_RNN_epsilon_0.6_500k_2,sim,murcko,215889.0,495955.0,33/58,0.5689655,0.4352996,0.0009284,0.0001529,460.0
DrugEx_RNN_epsilon_0.6_500k_3,sim,murcko,215955.0,495695.0,25/51,0.4901961,0.435661,0.0046046,0.0001158,2272.0
DrugEx_RNN_epsilon_0.6_500k_4,sim,murcko,226402.0,495357.0,12/40,0.3,0.4570481,0.0001635,5.3e-05,81.0
DrugEx_RNN_epsilon_0.6_500k_mean,sim,murcko,231724.2,496316.6,-,0.4687888,0.466828,0.0036022,0.0001491,1779.2
