name,type_cluster,scaffold,SSo,TUPOR_,TUPOR,SESY,ASER
DrugEx_RNN_epsilon_0.6_500k_0,sim,murcko,497637.0,50/115,0.4347826,0.5401909,0.0047464
DrugEx_RNN_epsilon_0.6_500k_1,sim,murcko,496653.0,55/100,0.55,0.4660175,0.0074841
DrugEx_RNN_epsilon_0.6_500k_2,sim,murcko,495747.0,33/58,0.5689655,0.4353592,0.0009279
DrugEx_RNN_epsilon_0.6_500k_3,sim,murcko,494919.0,25/51,0.4901961,0.4358915,0.0045704
DrugEx_RNN_epsilon_0.6_500k_4,sim,murcko,495224.0,12/40,0.3,0.4570921,0.0001636
DrugEx_RNN_epsilon_0.6_500k_mean,sim,murcko,496036.0,-,0.4687888,0.4669103,0.0035785
