name,type_cluster,scaffold,USo,SSo,TUPOR_,TUPOR,SESY,ASER,ASR,CwASo
DrugEx_RNN_epsilon_0.6_500k_4,sim,murcko,226402,495357,12/40,0.3,0.4570481491126602,0.0001635451748116202,5.300587481779231e-05,81
