name,type_cluster,scaffold,USo,SSo,TUPOR_,TUPOR,SESY,ASER,ACR,CwASo
DrugEx_RNN_epsilon_0.6_500k_3,sim,murcko,215955,495695,25/51,0.49019607843137253,0.43566104156789964,0.0046045684939696775,0.00011577826147362571,2272
