name,type_cluster,scaffold,USo,SSo,TUPOR_,TUPOR,SESY,ASER,ASR,CwASo
DrugEx_RNN_epsilon_0.6_500k_1,sim,murcko,231480,496775,55/100,0.55,0.4659654773287706,0.007542753764278297,0.000237657988549206,3719
