name,type_cluster,scaffold,USo,SSo,TUPOR_,TUPOR,SESY,ASER,ACR,CwASo
DrugEx_RNN_epsilon_0.6_500k_0,sim,murcko,268895,497801,50/115,0.43478260869565216,0.5401656485222006,0.004771545120772167,0.00018598076958842457,2364
