name,type_cluster,scaffold,USo,SSo,TUPOR_,TUPOR,SESY,ASER,ACR,CwASo
DrugEx_RNN_epsilon_0.6_500k_2,sim,murcko,215889,495955,33/58,0.5689655172413793,0.43529957355001964,0.000928364564728201,0.0001528796975761619,460
