name,type_cluster,scaffold,SSo,TUPOR_,TUPOR,SESY,ASER
DrugEx_RNN_epsilon_0.6_500k_2,sim,murcko,495747,33/58,0.5689655172413793,0.4353591650579832,0.0009278926549227731
