name,type_cluster,scaffold,SSo,TUPOR_,TUPOR,SESY,ASER
GB_GA_log_p_mut_r_0.5_3,dis,murcko,999977,12/76,0.15789473684210525,0.340882840305327,0.0010930251395782104
