name,type_cluster,scaffold,SSo,TUPOR_,TUPOR,SESY,ASER
GB_GA_log_p_mut_r_0.5_4,dis,murcko,999994,8/98,0.08163265306122448,0.30110480662883976,0.00023900143400860406
