name,type_cluster,scaffold,SSo,TUPOR_,TUPOR,SESY,ASER
GB_GA_log_p_mut_r_0.5_0,dis,murcko,999959,2/92,0.021739130434782608,0.3177140262750773,8.600352614457193e-05
