name,type_cluster,scaffold,SSo,TUPOR_,TUPOR,SESY,ASER
GB_GA_new_mut_r_0.5_1,sim,murcko,928356,61/93,0.6559139784946236,0.20482336517456665,0.007000547203874376
