name,type_cluster,scaffold,USo,SSo,TUPOR_,TUPOR,SESY,ASER,ACR,CwASo
addcarbon_500k_0,sim,csk,866.0,500000.0,3/38,0.0789474,0.001732,0.0031157,0.0034762,1553.0
addcarbon_500k_1,sim,csk,846.0,500000.0,10/38,0.2631579,0.001692,0.0299913,0.0119617,14559.0
addcarbon_500k_2,sim,csk,861.0,500000.0,13/37,0.3513514,0.001722,0.010199,0.0153302,5048.0
addcarbon_500k_3,sim,csk,878.0,500000.0,7/35,0.2,0.001756,0.0228881,0.0080367,11188.0
addcarbon_500k_4,sim,csk,868.0,500000.0,4/35,0.1142857,0.001736,0.0066256,0.0046296,3291.0
addcarbon_500k_mean,sim,csk,863.8,500000.0,-,0.2015485,0.0017276,0.0145639,0.0086869,7127.8
