name,type_cluster,scaffold,USo,SSo,TUPOR_,TUPOR,SESY,ASER,ACR,CwASo
addcarbon_500k_3,sim,csk,878,500000,7/35,0.2,0.001756,0.022888145135553137,0.008036739380022962,11188
