name,type_cluster,scaffold,USo,SSo,TUPOR_,TUPOR,SESY,ASER,ASR,CwASo
addcarbon_500k_4,sim,csk,868,500000,4/35,0.11428571428571428,0.001736,0.006625609763463114,0.004629629629629629,3291
