name,type_cluster,scaffold,USo,SSo,TUPOR_,TUPOR,SESY,ASER,ACR,CwASo
addcarbon_500k_0,sim,csk,866,500000,3/38,0.07894736842105263,0.001732,0.003115677293674152,0.0034762456546929316,1553
