name,type_cluster,scaffold,USo,SSo,TUPOR_,TUPOR,SESY,ASER,ASR,CwASo
addcarbon_500k_1,sim,csk,846,500000,10/38,0.2631578947368421,0.001692,0.029991286273718124,0.011961722488038277,14559
