name,type_cluster,scaffold,USo,SSo,TUPOR_,TUPOR,SESY,ASER,ACR,CwASo
addcarbon_500k_2,sim,csk,861,500000,13/37,0.35135135135135137,0.001722,0.01019896878889266,0.015330188679245283,5048
