name,type_cluster,scaffold,USo,SSo,TUPOR_,TUPOR,SESY,ASER,ASR,CwASo
REINVENT_0,dis,murcko,638413.0,964492.0,8/92,0.0869565,0.6619163,0.0003288,1.25e-05,317.0
REINVENT_1,dis,murcko,615225.0,961827.0,3/34,0.0882353,0.6396421,3.85e-05,4.9e-06,37.0
REINVENT_2,dis,murcko,653966.0,967898.0,5/64,0.078125,0.6756559,9.71e-05,7.6e-06,94.0
REINVENT_3,dis,murcko,579997.0,963387.0,8/76,0.1052632,0.6020395,0.0001786,1.38e-05,172.0
REINVENT_4,dis,murcko,615145.0,965768.0,18/98,0.1836735,0.636949,0.000405,2.93e-05,391.0
REINVENT_mean,dis,murcko,620549.2,964674.4,-,0.1084507,0.6432406,0.0002096,1.36e-05,202.2
