name,type_cluster,scaffold,USo,SSo,TUPOR_,TUPOR,TUPOR_unique,TUPOR_1,TUPOR_2,SESY,ASER,CwASo
REINVENT_0,dis,murcko,"638,413.0","964,492.0",8/92,0.0869565,0.0013621,1.62e-05,0.1126134,0.6619163,0.0003287,317.0
REINVENT_1,dis,murcko,"615,225.0","961,827.0",3/34,0.0882353,0.0014342,5.8e-06,0.1045782,0.6396421,3.85e-05,37.0
REINVENT_2,dis,murcko,"653,966.0","967,898.0",5/64,0.078125,0.0011946,1.5e-05,0.1534082,0.6756559,9.71e-05,94.0
REINVENT_3,dis,murcko,"579,997.0","963,387.0",8/76,0.1052632,0.0018149,2.5e-05,0.1909516,0.6020395,0.0001785,172.0
REINVENT_4,dis,murcko,"615,145.0","965,768.0",18/98,0.1836735,0.0029859,5.78e-05,0.3629097,0.636949,0.0004049,391.0
REINVENT_mean,dis,murcko,"620,549.2","964,674.4",-,0.1084507,0.0017583,2.4e-05,0.1848922,0.6432406,0.0002095,202.2
