name,type_cluster,scaffold,USo,SSo,TUPOR_,TUPOR,TUPOR_unique,TUPOR_set,SESY,ASER,CwASo
REINVENT_2,dis,murcko,653966,967898,5/64,0.078125,0.001194633971796699,0.0008071614984223544,0.67565590589091,9.711767149017768e-05,94
