name,type_cluster,scaffold,USo,SSo,TUPOR_,TUPOR,TUPOR_unique,TUPOR_1,TUPOR_2,SESY,ASER,CwASo
REINVENT_0,dis,murcko,638413,964492,8/92,0.08695652173913043,0.001362073167982645,1.6228412379826353e-05,0.1126133633982835,0.661916324863244,0.00032867042961476096,317
