name,type_cluster,scaffold,USo,SSo,TUPOR_,TUPOR,SESY,ASER,ACR,CwASo
REINVENT_0,dis,murcko,422694,783920,5/92,0.05434782608695652,0.5392055311766507,6.761351096550818e-05,1.1829027961456296e-05,53
