name,type_cluster,scaffold,USo,SSo,TUPOR_,TUPOR,SESY,ASER,ASR,CwASo
REINVENT_2,dis,murcko,653966,967898,5/64,0.078125,0.67565590589091,9.712710424838088e-05,7.645715876023188e-06,94
