name,type_cluster,scaffold,SSo,TUPOR_,TUPOR,SESY,ASER
REINVENT_1,dis,murcko,794974,3/34,0.08823529411764706,0.564387011399115,1.7610638838502893e-05
