name,type_cluster,scaffold,USo,SSo,TUPOR_,TUPOR,TUPOR_unique,TUPOR_set,SESY,ASER,CwASo
REINVENT_1,dis,murcko,615225,961827,3/34,0.08823529411764706,0.00143419552387577,0.000917371773901617,0.639642056211772,3.8468456385607804e-05,37
