name,type_cluster,scaffold,USo,SSo,TUPOR_,TUPOR,SESY,ASER,ASR,CwASo
REINVENT_1,dis,murcko,615225,961827,3/34,0.08823529411764706,0.639642056211772,3.846993626467316e-05,4.876288559251782e-06,37
