name,type_cluster,scaffold,USo,SSo,TUPOR_,TUPOR,TUPOR_unique,TUPOR_set,SESY,ASER,CwASo
REINVENT_3,dis,murcko,579997,963387,8/76,0.10526315789473684,0.0018148914200372907,0.001092636270727515,0.6020394711574891,0.00017853676663687594,172
