name,type_cluster,scaffold,SSo,TUPOR_,TUPOR,SESY,ASER
REINVENT_3,dis,murcko,1010556,26/76,0.34210526315789475,0.5749527982615511,0.0025372171359132993
