name,type_cluster,scaffold,USo,SSo,TUPOR_,TUPOR,SESY,ASER,ACR,CwASo
REINVENT_2,dis,murcko,466300,808593,1/64,0.015625,0.5766807281289845,1.2367176524130834e-06,2.1445467393239103e-06,1
