name,type_cluster,scaffold,USo,SSo,TUPOR_,TUPOR,SESY,ASER,ACR,CwASo
REINVENT_3,dis,murcko,581022,1010556,26/76,0.34210526315789475,0.5749527982615511,0.0025436709815157264,4.475073838718339e-05,2564
