name,type_cluster,scaffold,USo,SSo,TUPOR_,TUPOR,SESY,ASER,ASR,CwASo
REINVENT_0,dis,murcko,638413,964492,8/92,0.08695652173913043,0.661916324863244,0.00032877848938211426,1.2531230175202262e-05,317
