name,type_cluster,scaffold,USo,SSo,TUPOR_,TUPOR,TUPOR_unique,TUPOR_1,TUPOR_2,SESY,ASER,CwASo
REINVENT_4,dis,murcko,615145,965768,18/98,0.1836734693877551,0.002985856495423926,5.7815888177986386e-05,0.36290974013517785,0.6369490395208787,0.0004048591380124419,391
