name,type_cluster,scaffold,SSo,TUPOR_,TUPOR,SESY,ASER
REINVENT_0,dis,murcko,783920,5/92,0.05434782608695652,0.5392055311766507,6.760893968772324e-05
