name,type_cluster,scaffold,USo,SSo,TUPOR_,TUPOR,TUPOR_unique,TUPOR_1,TUPOR_2,SESY,ASER,CwASo
REINVENT_2,dis,murcko,653966,967898,5/64,0.078125,0.001194633971796699,1.501320387065579e-05,0.15340820128870755,0.67565590589091,9.711767149017768e-05,94
