name,type_cluster,scaffold,USo,SSo,TUPOR_,TUPOR,SESY,ASER,ASR,CwASo
REINVENT_4,dis,murcko,615145,965768,18/98,0.1836734693877551,0.6369490395208787,0.0004050231153217862,2.926224990936831e-05,391
