name,type_cluster,scaffold,SSo,TUPOR_,TUPOR,SESY,ASER
REINVENT_4,dis,murcko,702640,4/98,0.04081632653061224,0.5238429352157578,0.00013805077991574632
