name,type_cluster,scaffold,USo,SSo,TUPOR_,TUPOR,SESY,ASER,ACR,CwASo
REINVENT_1,dis,murcko,448673,794974,3/34,0.08823529411764706,0.564387011399115,1.761094897856496e-05,6.686428778389462e-06,14
