name,type_cluster,scaffold,SSo,TUPOR_,TUPOR,SESY,ASER
DrugEx_GT_epsilon_0.1_250k_4,dis,murcko,249583,10/98,0.10204081632653061,0.633284318242829,0.0005248754923211918
