name,type_cluster,scaffold,USo,SSo,TUPOR_,TUPOR,SESY,ASER,CwASo
DrugEx_GT_epsilon_0.1_250k_0,dis,murcko,139311,249929,5/92,0.05434782608695652,0.5574023022538401,0.0003882609113324154,97
