name,type_cluster,scaffold,SSo,TUPOR_,TUPOR,SESY,ASER
DrugEx_GT_epsilon_0.1_250k_0,dis,murcko,249929,5/92,0.05434782608695652,0.5574023022538401,0.0003881102233034182
