name,type_cluster,scaffold,SSo,TUPOR_,TUPOR,SESY,ASER
DrugEx_GT_epsilon_0.1_250k_3,dis,murcko,249924,17/76,0.2236842105263158,0.5195659480482067,0.004357324626686513
