name,type_cluster,scaffold,USo,SSo,TUPOR_,TUPOR,SESY,ASER,CwASo
DrugEx_GT_epsilon_0.1_250k_1,dis,murcko,136362,249725,5/34,0.14705882352941177,0.5460486535188708,0.00014017381553125876,35
