name,type_cluster,scaffold,USo,SSo,TUPOR_,TUPOR,TUPOR_unique,TUPOR_1,TUPOR_2,SESY,ASER,CwASo
DrugEx_GT_epsilon_0.1_0,dis,csk,145495.0,781031.0,22/40,0.55,0.037802,0.0001268,0.4610574,0.1862858,0.0068243,5330.0
DrugEx_GT_epsilon_0.1_1,dis,csk,112956.0,791578.0,15/23,0.6521739,0.057737,5.19e-05,0.2549128,0.1426972,0.0006127,485.0
DrugEx_GT_epsilon_0.1_2,dis,csk,135635.0,797694.0,11/40,0.275,0.020275,6.41e-05,0.2174308,0.1700339,0.0002018,161.0
DrugEx_GT_epsilon_0.1_3,dis,csk,124771.0,812047.0,17/37,0.4594595,0.0368242,0.0001296,0.4369316,0.15365,0.0056241,4567.0
DrugEx_GT_epsilon_0.1_4,dis,csk,183283.0,863816.0,34/43,0.7906977,0.0431408,0.0002783,1.186087,0.2121783,0.0113138,9773.0
DrugEx_GT_epsilon_0.1_mean,dis,csk,140428.0,809233.2,-,0.5454662,0.0391558,0.0001301,0.5112839,0.172969,0.0049153,4063.2
