name,type_cluster,scaffold,USo,SSo,TUPOR_,TUPOR,SESY,ASER,ACR,CwASo
DrugEx_GT_epsilon_0.1_0,dis,csk,"145,495.0","781,031.0",22/40,0.55,0.1862858,0.0068712,0.0001512,"5,330.0"
DrugEx_GT_epsilon_0.1_1,dis,csk,"112,956.0","791,578.0",15/23,0.6521739,0.1426972,0.0006131,0.0001328,485.0
DrugEx_GT_epsilon_0.1_2,dis,csk,"135,635.0","797,694.0",11/40,0.275,0.1700339,0.0002019,8.11e-05,161.0
DrugEx_GT_epsilon_0.1_3,dis,csk,"124,771.0","812,047.0",17/37,0.4594595,0.15365,0.0056559,0.0001363,"4,567.0"
DrugEx_GT_epsilon_0.1_4,dis,csk,"183,283.0","863,816.0",34/43,0.7906977,0.2121783,0.0114432,0.0001855,"9,773.0"
DrugEx_GT_epsilon_0.1_mean,dis,csk,"140,428.0","809,233.2",-,0.5454662,0.172969,0.004957,0.0001374,"4,063.2"
