name,type_cluster,scaffold,SSo,TUPOR_,TUPOR,SESY,ASER
DrugEx_GT_epsilon_0.1_3,dis,csk,812047,17/37,0.4594594594594595,0.1536499734621272,0.005624058705961601
