name,type_cluster,scaffold,USo,SSo,TUPOR_,TUPOR,TUPOR_unique,TUPOR_1,TUPOR_2,SESY,ASER,CwASo
DrugEx_GT_epsilon_0.1_0,dis,csk,145495,781031,22/40,0.55,0.03780198632255404,0.00012675553211076128,0.4610574036113803,0.18628581964096175,0.006824312991417754,5330
