name,type_cluster,scaffold,USo,SSo,TUPOR_,TUPOR,SESY,ASER,ASR,CwASo
DrugEx_GT_epsilon_0.1_4,dis,csk,183283,863816,34/43,0.7906976744186046,0.2121782879687341,0.0114432177302548,0.00018553989380569607,9773
