name,type_cluster,scaffold,USo,SSo,TUPOR_,TUPOR,SESY,ASER,ACR,CwASo
DrugEx_GT_epsilon_0.1_1,dis,csk,112956,791578,15/23,0.6521739130434783,0.14269724524936267,0.0006130758330562904,0.0001328127075198555,485
