name,type_cluster,scaffold,USo,SSo,TUPOR_,TUPOR,SESY,ASER,ASR,CwASo
DrugEx_GT_epsilon_0.1_0,dis,csk,145495,781031,22/40,0.55,0.18628581964096175,0.006871204239777956,0.00015123081259065256,5330
