name,type_cluster,scaffold,USo,SSo,TUPOR_,TUPOR,SESY,ASER,ACR,CwASo
DrugEx_GT_epsilon_0.1_2,dis,csk,135635,797694,11/40,0.275,0.1700338726378787,0.00020187252439710958,8.110658880434142e-05,161
