name,type_cluster,scaffold,USo,SSo,TUPOR_,TUPOR,TUPOR_unique,TUPOR_1,TUPOR_2,SESY,ASER,CwASo
DrugEx_GT_epsilon_0.1_4,dis,csk,183283,863816,34/43,0.7906976744186046,0.04314080817198565,0.00027826770171339243,1.1860869575147839,0.2121782879687341,0.011313752002741324,9773
