name,type_cluster,scaffold,USo,SSo,TUPOR_,TUPOR,TUPOR_unique,TUPOR_1,TUPOR_2,SESY,ASER,CwASo
DrugEx_GT_epsilon_0.1_2,dis,csk,135635,797694,11/40,0.275,0.020275002764773103,6.412233262378807e-05,0.21743081463568742,0.1700338726378787,0.000201831780106156,161
