name,type_cluster,scaffold,SSo,TUPOR_,TUPOR,SESY,ASER
DrugEx_GT_epsilon_0.1_4,dis,csk,863816,34/43,0.7906976744186046,0.2121782879687341,0.011313752002741324
