name,type_cluster,scaffold,SSo,TUPOR_,TUPOR,SESY,ASER
DrugEx_GT_epsilon_0.1_1,dis,csk,791578,15/23,0.6521739130434783,0.14269724524936267,0.0006127002013699218
