name,type_cluster,scaffold,USo,SSo,TUPOR_,TUPOR,TUPOR_unique,TUPOR_1,TUPOR_2,SESY,ASER,CwASo
DrugEx_GT_epsilon_0.1_1,dis,csk,112956,791578,15/23,0.6521739130434783,0.05773698723781634,5.19051268753542e-05,0.2549128483188048,0.14269724524936267,0.0006127002013699218,485
