name,type_cluster,scaffold,USo,SSo,TUPOR_,TUPOR,SESY,ASER,ASR,CwASo
DrugEx_GT_epsilon_0.1_3,dis,csk,124771,812047,17/37,0.4594594594594595,0.1536499734621272,0.005655867637588547,0.0001362681757699152,4567
