name,type_cluster,scaffold,USo,SSo,TUPOR_,TUPOR,TUPOR_unique,TUPOR_1,TUPOR_2,SESY,ASER,CwASo
DrugEx_GT_epsilon_0.1_3,dis,csk,124771,812047,17/37,0.4594594594594595,0.0368242187254618,0.00012956912126541473,0.4369315899839746,0.1536499734621272,0.005624058705961601,4567
