name,type_cluster,scaffold,USo,SSo,TUPOR_,TUPOR,SESY,ASER,ACR,CwASo
DrugEx_GT_epsilon_0.6_100k_0,dis,csk,41590.0,99410.0,29/42,0.6904762,0.4183684,0.0275254,0.0006978,2663.0
DrugEx_GT_epsilon_0.6_100k_1,dis,csk,35201.0,99679.0,20/41,0.4878049,0.3531436,0.0061167,0.0005685,606.0
DrugEx_GT_epsilon_0.6_100k_2,dis,csk,36868.0,99542.0,35/45,0.7777778,0.3703763,0.0140584,0.0009502,1380.0
DrugEx_GT_epsilon_0.6_100k_3,dis,csk,37459.0,99760.0,28/47,0.5957447,0.3754912,0.0305466,0.000748,2957.0
DrugEx_GT_epsilon_0.6_100k_4,dis,csk,37791.0,99330.0,27/41,0.6585366,0.3804591,0.0188215,0.000715,1835.0
DrugEx_GT_epsilon_0.6_100k_mean,dis,csk,37781.8,99544.2,-,0.642068,0.3795677,0.0194137,0.0007359,1888.2
