name,type_cluster,scaffold,USo,SSo,TUPOR_,TUPOR,SESY,ASER,CwASo
DrugEx_RNN_epsilon_0.6_250k_1,dis,csk,27424,247068,15/23,0.6521739130434783,0.11099778198714524,0.002377455554563822,586
