name,type_cluster,scaffold,SSo,TUPOR_,TUPOR,SESY,ASER
DrugEx_RNN_epsilon_0.6_250k_4,dis,csk,247062,38/43,0.8837209302325582,0.1820676591300969,0.06136111583327262
