name,type_cluster,scaffold,USo,SSo,TUPOR_,TUPOR,SESY,ASER,CwASo
DrugEx_RNN_epsilon_0.6_250k_3,dis,csk,36184,247968,25/37,0.6756756756756757,0.14592205445863982,0.01697918204636055,4140
