name,type_cluster,scaffold,SSo,TUPOR_,TUPOR,SESY,ASER
DrugEx_RNN_epsilon_0.6_250k_3,dis,csk,247968,25/37,0.6756756756756757,0.14592205445863982,0.01669570267131243
