name,type_cluster,scaffold,USo,SSo,TUPOR_,TUPOR,SESY,ASER,ACR,CwASo
Molpher_500k_0,sim,murcko,140624.0,501638.0,33/115,0.2869565,0.2803296,0.0073963,0.0002347,3683.0
Molpher_500k_1,sim,murcko,134712.0,500042.0,26/100,0.26,0.2694014,0.0108414,0.000193,5363.0
Molpher_500k_2,sim,murcko,136319.0,500065.0,15/58,0.2586207,0.2726026,0.001803,0.00011,900.0
Molpher_500k_3,sim,murcko,134541.0,500005.0,15/51,0.2941176,0.2690793,0.0025605,0.0001115,1277.0
Molpher_500k_4,sim,murcko,133245.0,500029.0,13/40,0.325,0.2664745,0.0011292,9.76e-05,564.0
Molpher_500k_mean,sim,murcko,135888.2,500355.8,-,0.284939,0.2715775,0.0047461,0.0001494,2357.4
