name,type_cluster,scaffold,USo,SSo,TUPOR_,TUPOR,SESY,ASER,ACR,CwASo
Molpher_500k_3,sim,murcko,134541,500005,15/51,0.29411764705882354,0.2690793092069079,0.002560513947482395,0.00011150260916105437,1277
