name,type_cluster,scaffold,USo,SSo,TUPOR_,TUPOR,SESY,ASER,ASR,CwASo
Molpher_500k_0,sim,murcko,140624,501638,33/115,0.28695652173913044,0.28032964009903555,0.007396250665220753,0.00023472341757295988,3683
