name,type_cluster,scaffold,SSo,TUPOR_,TUPOR,SESY,ASER
Molpher_500k_2,sim,murcko,500065,15/58,0.25862068965517243,0.27260256166698327,0.001799766030416046
