name,type_cluster,scaffold,USo,SSo,TUPOR_,TUPOR,SESY,ASER,ACR,CwASo
Molpher_500k_1,sim,murcko,134712,500042,26/100,0.26,0.2694013702848961,0.010841373901055027,0.00019304159303862317,5363
