name,type_cluster,scaffold,SSo,TUPOR_,TUPOR,SESY,ASER
Molpher_500k_0,sim,murcko,501638,33/115,0.28695652173913044,0.28032964009903555,0.007341947779075748
