name,type_cluster,scaffold,USo,SSo,TUPOR_,TUPOR,SESY,ASER,ASR,CwASo
Molpher_500k_2,sim,murcko,136319,500065,15/58,0.25862068965517243,0.27260256166698327,0.0018030110284174572,0.00011004812771452048,900
