name,type_cluster,scaffold,SSo,TUPOR_,TUPOR,SESY,ASER
Molpher_500k_3,sim,murcko,500005,15/51,0.29411764705882354,0.2690793092069079,0.0025539744602553973
