name,type_cluster,scaffold,SSo,TUPOR_,TUPOR,SESY,ASER
GB_GA_mut_r_0.01_0,sim,murcko,980527.0,54/115,0.4695652,0.3066229,0.018382
GB_GA_mut_r_0.01_1,sim,murcko,963595.0,42/100,0.42,0.2227378,0.0211852
GB_GA_mut_r_0.01_2,sim,murcko,970465.0,21/58,0.362069,0.2421994,0.0017579
GB_GA_mut_r_0.01_3,sim,murcko,968654.0,28/51,0.5490196,0.2335385,0.0035307
GB_GA_mut_r_0.01_4,sim,murcko,969662.0,20/40,0.5,0.235843,0.0006105
GB_GA_mut_r_0.01_mean,sim,murcko,970580.6,-,0.4601308,0.2481883,0.0090933
