name,type_cluster,scaffold,SSo,TUPOR_,TUPOR,SESY,ASER
GB_GA_mut_r_0.01_2,sim,murcko,999990,7/58,0.1206896551724138,0.4286392863928639,0.0015330153301533016
