name,type_cluster,scaffold,USo,SSo,TUPOR_,TUPOR,SESY,ASER,ASR,CwASo
GB_GA_mut_r_0.01_3,sim,murcko,390473,999990,12/51,0.23529411764705882,0.3904769047690477,0.002791800290010289,3.073290290195436e-05,2784
