name,type_cluster,scaffold,SSo,TUPOR_,TUPOR,SESY,ASER
GB_GA_mut_r_0.01_2,sim,murcko,970465,21/58,0.3620689655172414,0.2421993580397026,0.001757920172288542
