name,type_cluster,scaffold,USo,SSo,TUPOR_,TUPOR,SESY,ASER,ASR,CwASo
GB_GA_mut_r_0.01_2,sim,murcko,428635,999990,7/58,0.1206896551724138,0.4286392863928639,0.0015353690744819256,1.633117761788777e-05,1533
