name,type_cluster,scaffold,SSo,TUPOR_,TUPOR,SESY,ASER
GB_GA_mut_r_0.01_3,sim,murcko,999990,12/51,0.23529411764705882,0.3904769047690477,0.002784027840278403
