name,type_cluster,scaffold,SSo,TUPOR_,TUPOR,SESY,ASER
addcarbon_250k_2,sim,murcko,250000,11/65,0.16923076923076924,0.022344,0.00172296349721521
