name,type_cluster,scaffold,USo,SSo,TUPOR_,TUPOR,SESY,ASER,CwASo
addcarbon_250k_1,sim,murcko,5083,250000,7/93,0.07526881720430108,0.020332,0.0011332828762158763,283
