name,type_cluster,scaffold,USo,SSo,TUPOR_,TUPOR,SESY,ASER,CwASo
addcarbon_250k_0,sim,murcko,3952,250000,8/172,0.046511627906976744,0.015808,0.003802403504474951,947
