name,type_cluster,scaffold,SSo,TUPOR_,TUPOR,SESY,ASER
GB_GA_log_p_mut_r_0.01_62.5k_1,dis,csk,54271,11/41,0.2682926829268293,0.12424683532641742,0.0024138121648762693
