name,type_cluster,scaffold,USo,SSo,TUPOR_,TUPOR,TUPOR_unique,TUPOR_1,TUPOR_2,SESY,ASER,CwASo
DrugEx_GT_0,dis,csk,204256,887001,32/40,0.8,0.039166536111546295,0.00016234480006223218,0.8289974870377823,0.23027707973271733,0.009798185120422638,8691
