name,type_cluster,scaffold,USo,SSo,TUPOR_,TUPOR,TUPOR_unique,TUPOR_set,SESY,ASER,CwASo
DrugEx_GT_2,dis,csk,211132,889336,14/40,0.35,0.016577307087509235,0.003935520433222089,0.23740408574487032,0.0010558439105130119,939
