name,type_cluster,scaffold,USo,SSo,TUPOR_,TUPOR,SESY,ASER,CwASo
DrugEx_RNN_epsilon_0.6_250k_0,sim,csk,"46,323.0","247,010.0",43/46,0.9347826,0.1875349,0.1277451,"27,980.0"
DrugEx_RNN_epsilon_0.6_250k_1,sim,csk,"38,223.0","246,177.0",36/44,0.8181818,0.1552663,0.033146,"7,898.0"
DrugEx_RNN_epsilon_0.6_250k_2,sim,csk,"42,717.0","247,314.0",35/42,0.8333333,0.1727237,0.0264718,"6,378.0"
DrugEx_RNN_epsilon_0.6_250k_3,sim,csk,"31,735.0","244,786.0",31/42,0.7380952,0.1296439,0.0488641,"11,404.0"
DrugEx_RNN_epsilon_0.6_250k_4,sim,csk,"32,457.0","244,801.0",31/42,0.7380952,0.1325852,0.0054503,"1,327.0"
DrugEx_RNN_epsilon_0.6_250k_mean,sim,csk,"38,291.0","246,017.6",-,0.8124976,0.1555508,0.0483354,"10,997.4"
