name,type_cluster,scaffold,USo,SSo,TUPOR_,TUPOR,SESY,ASER,CwASo
DrugEx_RNN_epsilon_0.6_250k_2,sim,csk,42717,247314,35/42,0.8333333333333334,0.17272374390451006,0.026471760135471662,6378
