name,type_cluster,scaffold,SSo,TUPOR_,TUPOR,SESY,ASER
DrugEx_RNN_epsilon_0.6_250k_3,sim,csk,244786,31/42,0.7380952380952381,0.1296438521810888,0.04658763164560065
