name,type_cluster,scaffold,SSo,TUPOR_,TUPOR,SESY,ASER
DrugEx_RNN_epsilon_0.6_250k_2,sim,csk,247314,35/42,0.8333333333333334,0.17272374390451006,0.026471760135471662
