name,type_cluster,scaffold,SSo,TUPOR_,TUPOR,SESY,ASER
DrugEx_RNN_epsilon_0.6_250k_1,sim,csk,246177,36/44,0.8181818181818182,0.15526633276057472,0.03314601790338217
