name,type_cluster,scaffold,SSo,TUPOR_,TUPOR,SESY,ASER
DrugEx_RNN_epsilon_0.6_250k_4,sim,csk,244801,31/42,0.7380952380952381,0.13258524270734187,0.005420729490484107
