name,type_cluster,scaffold,SSo,TUPOR_,TUPOR,SESY,ASER
REINVENT_125k_2,dis,murcko,124031,37/102,0.3627450980392157,0.7178205448637841,0.0011785123299834523
