name,type_cluster,scaffold,SSo,TUPOR_,TUPOR,SESY,ASER
REINVENT_125k_4,dis,murcko,123808,10/71,0.14084507042253522,0.7353644352545877,0.0012034763504781597
