name,type_cluster,scaffold,USo,SSo,TUPOR_,TUPOR,SESY,ASER,CwASo
REINVENT_125k_0,dis,murcko,94372,123967,22/106,0.20754716981132076,0.7612671114086813,0.0005084581611570248,63
