name,type_cluster,scaffold,SSo,TUPOR_,TUPOR,SESY,ASER
REINVENT_125k_1,dis,murcko,123904,6/96,0.0625,0.7513962422520661,0.00012913223140495868
