name,type_cluster,scaffold,SSo,TUPOR_,TUPOR,SESY,ASER
REINVENT_125k_3,dis,murcko,121465,4/62,0.06451612903225806,0.6451323426501462,0.00037870991643683367
