name,type_cluster,scaffold,SSo,TUPOR_,TUPOR,SESY,ASER
REINVENT_125k_0,dis,murcko,123967,22/106,0.20754716981132076,0.7612671114086813,0.0005081997628401107
