name,type_cluster,scaffold,USo,SSo,TUPOR_,TUPOR,SESY,ASER,CwASo
REINVENT_125k_3,dis,murcko,78361,121465,4/62,0.06451612903225806,0.6451323426501462,0.00037885339197324966,46
