name,type_cluster,scaffold,SSo,TUPOR_,TUPOR,SESY,ASER
DrugEx_RNN_epsilon_0.6_250k_0,sim,murcko,"248,807.0",42/115,0.3652174,0.5853372,0.0049074
DrugEx_RNN_epsilon_0.6_250k_1,sim,murcko,"248,306.0",45/100,0.45,0.5128914,0.0075189
DrugEx_RNN_epsilon_0.6_250k_2,sim,murcko,"247,912.0",27/58,0.4655172,0.4805011,0.0009237
DrugEx_RNN_epsilon_0.6_250k_3,sim,murcko,"247,414.0",22/51,0.4313725,0.4777539,0.0046198
DrugEx_RNN_epsilon_0.6_250k_4,sim,murcko,"247,609.0",12/40,0.3,0.5022192,0.0001817
DrugEx_RNN_epsilon_0.6_250k_mean,sim,murcko,"248,009.6",-,0.4024214,0.5117406,0.0036303
