name,type_cluster,scaffold,SSo,TUPOR_,TUPOR,SESY,ASER
DrugEx_RNN_epsilon_0.6_250k_3,sim,murcko,247414,22/51,0.43137254901960786,0.4777538861988408,0.00461978707752997
