name,type_cluster,scaffold,USo,SSo,TUPOR_,TUPOR,SESY,ASER,CwASo
DrugEx_RNN_epsilon_0.6_250k_2,sim,murcko,119122,247912,27/58,0.46551724137931033,0.4805011455677821,0.0009245689046079061,229
