name,type_cluster,scaffold,SSo,TUPOR_,TUPOR,SESY,ASER
DrugEx_RNN_epsilon_0.6_250k_2,sim,murcko,247912,27/58,0.46551724137931033,0.4805011455677821,0.0009237148665655555
