name,type_cluster,scaffold,USo,SSo,TUPOR_,TUPOR,SESY,ASER,CwASo
DrugEx_RNN_epsilon_0.6_250k_3,sim,murcko,118203,247414,22/51,0.43137254901960786,0.4777538861988408,0.004641228565279712,1143
