name,type_cluster,scaffold,SSo,TUPOR_,TUPOR,SESY,ASER
DrugEx_RNN_epsilon_0.6_250k_0,sim,murcko,248807,42/115,0.3652173913043478,0.5853372292580192,0.004907418199648724
