name,type_cluster,scaffold,USo,SSo,TUPOR_,TUPOR,SESY,ASER,ACR,CwASo
REINVENT_10k_0,dis,murcko,9371.0,9948.0,0/92,0.0,0.9419984,0.0,0.0,0.0
REINVENT_10k_1,dis,murcko,8911.0,9889.0,0/34,0.0,0.9011022,0.0,0.0,0.0
REINVENT_10k_2,dis,murcko,9461.0,9958.0,0/64,0.0,0.9500904,0.0,0.0,0.0
REINVENT_10k_3,dis,murcko,8134.0,9702.0,3/76,0.0394737,0.8383838,0.0022727,0.000369,22.0
REINVENT_10k_4,dis,murcko,8643.0,9886.0,1/98,0.0102041,0.8742666,0.0001012,0.0001157,1.0
REINVENT_10k_mean,dis,murcko,8904.0,9876.6,-,0.0099356,0.9011683,0.0004748,9.69e-05,4.6
