name,type_cluster,scaffold,USo,SSo,TUPOR_,TUPOR,SESY,ASER,ASR,CwASo
REINVENT_10k_4,dis,murcko,8814,9930,1/98,0.01020408163265306,0.8876132930513595,0.000201450443190975,0.00011346873936230568,2
