name,type_cluster,scaffold,USo,SSo,TUPOR_,TUPOR,SESY,ASER,ASR,CwASo
REINVENT_10k_1,dis,murcko,8874,9928,2/34,0.058823529411764705,0.8938356164383562,0.00020149103364900262,0.0002254283137962128,2
