name,type_cluster,scaffold,USo,SSo,TUPOR_,TUPOR,SESY,ASER,ASR,CwASo
REINVENT_10k_3,dis,murcko,8628,9927,1/76,0.013157894736842105,0.8691447567240859,0.0003022974607013301,0.0001159151501101194,3
