name,type_cluster,scaffold,USo,SSo,TUPOR_,TUPOR,SESY,ASER,ASR,CwASo
REINVENT_10k_0,dis,murcko,8914,9927,1/92,0.010869565217391304,0.8979550720257883,0.00020151133501259446,0.00011219566924716706,2
