name,type_cluster,scaffold,USo,SSo,TUPOR_,TUPOR,TUPOR_unique,TUPOR_1,TUPOR_2,SESY,ASER,CwASo,metric_1,metric_2
DrugEx_GT_0,dis,murcko,"493,954.0","887,056.0",37/92,0.4021739,0.0081419,8.16e-05,0.4381613,0.5568465,0.0022096,"1,960.0",7.49e-05,0.0022144
DrugEx_GT_1,dis,murcko,"544,621.0","903,889.0",15/34,0.4411765,0.0081006,3.07e-05,0.4925533,0.6025308,0.000427,386.0,2.75e-05,0.0004272
DrugEx_GT_2,dis,murcko,"513,152.0","889,392.0",9/64,0.140625,0.0027404,2.94e-05,0.2358024,0.5769694,0.0004295,382.0,1.75e-05,0.0004297
DrugEx_GT_3,dis,murcko,"543,452.0","893,054.0",39/76,0.5131579,0.0094426,0.0001316,0.940928,0.6085321,0.0040311,"3,600.0",7.18e-05,0.0040474
DrugEx_GT_4,dis,murcko,"567,567.0","886,439.0",43/98,0.4387755,0.0077308,0.0001505,0.8714815,0.6402776,0.003522,"3,122.0",7.58e-05,0.0035344
DrugEx_GT_mean,dis,murcko,"532,549.2","891,966.0",-,0.3871818,0.0072313,8.48e-05,0.5957853,0.5970313,0.0021238,"1,890.0",5.35e-05,0.0021306
