name,type_cluster,scaffold,USo,SSo,TUPOR_,TUPOR,TUPOR_unique,TUPOR_1,TUPOR_2,SESY,ASER,CwASo,KL_OS_IS,KL_OS_RS
DrugEx_GT_0,dis,murcko,493954.0,887056.0,37/92,0.4021739,0.0081419,8.16e-05,0.4381613,0.5568465,0.0022096,1960.0,0.0005322327546461,0.0262817509770936
DrugEx_GT_1,dis,murcko,544621.0,903889.0,15/34,0.4411765,0.0081006,3.07e-05,0.4925533,0.6025308,0.000427,386.0,0.0004509918057793,0.0589282297710534
DrugEx_GT_2,dis,murcko,513152.0,889392.0,9/64,0.140625,0.0027404,2.94e-05,0.2358024,0.5769694,0.0004295,382.0,0.000901313498588,0.0661805977216874
DrugEx_GT_3,dis,murcko,543452.0,893054.0,39/76,0.5131579,0.0094426,0.0001316,0.940928,0.6085321,0.0040311,3600.0,0.0010993242821482,0.032364019124731
DrugEx_GT_4,dis,murcko,567567.0,886439.0,43/98,0.4387755,0.0077308,0.0001505,0.8714815,0.6402776,0.003522,3122.0,0.0007303956174789,0.0335006647337361
DrugEx_GT_mean,dis,murcko,532549.2,891966.0,-,0.3871818,0.0072313,8.48e-05,0.5957853,0.5970313,0.0021238,1890.0,0.0007428515917281,0.0434510524656603
