name,type_cluster,scaffold,USo,SSo,TUPOR_,TUPOR,TUPOR_unique,TUPOR_set,SESY,ASER,CwASo
DrugEx_GT_4,dis,murcko,567567,886439,43/98,0.4387755102040816,0.007730814339171968,0.004949866941820945,0.6402775599900276,0.003521956953608765,3122
