name,type_cluster,scaffold,USo,SSo,TUPOR_,TUPOR,TUPOR_unique,TUPOR_set,SESY,ASER,CwASo
DrugEx_GT_0,dis,murcko,493954,887056,37/92,0.40217391304347827,0.008141930484285546,0.004533805228119513,0.5568464674158115,0.0022095561046878666,1960
