name,type_cluster,scaffold,USo,SSo,TUPOR_,TUPOR,TUPOR_unique,TUPOR_1,TUPOR_2,SESY,ASER,CwASo
DrugEx_GT_1,dis,murcko,544621,903889,15/34,0.4411764705882353,0.008100614382997265,3.074948101709261e-05,0.492553326500294,0.6025308417294601,0.00042704358610404594,386
