name,type_cluster,scaffold,USo,SSo,TUPOR_,TUPOR,TUPOR_unique,TUPOR_set,SESY,ASER,CwASo
DrugEx_GT_2,dis,murcko,513152,889392,9/64,0.140625,0.0027404160950361685,0.0015811363268390091,0.5769694352996204,0.0004295068990951122,382
