index,cluster_0,cluster_1,cluster_2,cluster_3,cluster_4
cluster_0_mean,-,0.13193916592122099,0.15356460941980055,0.08634288977451791,0.14973049567202334
cluster_1_mean,0.13193916592122099,-,0.1635358853878666,0.1571796737624463,0.14379066493538736
cluster_2_mean,0.15356460941980055,0.1635358853878666,-,0.1349806334216696,0.18105094805135602
cluster_3_mean,0.08634288977451791,0.15717967376244632,0.1349806334216696,-,0.11921024235480748
cluster_4_mean,0.14973049567202334,0.14379066493538736,0.18105094805135602,0.11921024235480748,-
