name,type_cluster,scaffold,USo,SSo,TUPOR_,TUPOR,SESY,ASER,CwASo
addcarbon_125k_2,sim,csk,858,125000,13/37,0.35135135135135137,0.006864,0.01012549799187051,1253
