name,type_cluster,scaffold,USo,SSo,TUPOR_,TUPOR,SESY,ASER,CwASo
addcarbon_125k_1,sim,csk,844,125000,10/38,0.2631578947368421,0.006752,0.03041793751545627,3690
