name,type_cluster,scaffold,USo,SSo,TUPOR_,TUPOR,SESY,ASER,CwASo
addcarbon_125k_0,sim,csk,866,125000,3/38,0.07894736842105263,0.006928,0.003363273693420345,419
