name,type_cluster,scaffold,USo,SSo,TUPOR_,TUPOR,TUPOR_unique,TUPOR_1,TUPOR_2,SESY,ASER,CwASo
DrugEx_GT_desired_0,sim,csk,173029,501602,37/38,0.9736842105263158,0.056272891279861514,0.0009433984041446993,4.295665328177715,0.3449527713206885,0.025956834302893528,13020
