name,type_cluster,scaffold,SSo,TUPOR_,TUPOR,SESY,ASER
GB_GA_log_p_mut_r_0.01_250k_2,sim,csk,249998,15/37,0.40540540540540543,0.26866614932919464,0.006328050624404996
