name,type_cluster,scaffold,USo,SSo,TUPOR_,TUPOR,SESY,ASER,ACR,CwASo
DrugEx_GT_epsilon_0.1_10k_0,dis,murcko,"8,877.0","9,996.0",7/106,0.0660377,0.8880552,0.0076613,0.0007892,76.0
DrugEx_GT_epsilon_0.1_10k_1,dis,murcko,"8,274.0","9,981.0",0/96,0.0,0.8289751,0.0,0.0,0.0
DrugEx_GT_epsilon_0.1_10k_2,dis,murcko,"7,779.0","9,996.0",5/102,0.0490196,0.7782113,0.0007008,0.0006432,7.0
DrugEx_GT_epsilon_0.1_10k_3,dis,murcko,"7,932.0","9,986.0",2/62,0.0322581,0.794312,0.0228413,0.0002522,223.0
DrugEx_GT_epsilon_0.1_10k_4,dis,murcko,"8,677.0","9,990.0",5/71,0.0704225,0.8685686,0.0052324,0.0005766,52.0
DrugEx_GT_epsilon_0.1_10k_mean,dis,murcko,"8,307.8","9,989.8",-,0.0435476,0.8316244,0.0072872,0.0004522,71.6
