name,type_cluster,scaffold,USo,SSo,TUPOR_,TUPOR,SESY,ASER,CwASo
Molpher_62.5k_mean,sim,murcko,0.337434955868792,1.0,-,0.5311149731762592,0.33326934766204763,0.49487075601653036,0.5118790496760259
REINVENT_62.5k_mean,sim,murcko,1.0,0.0,-,0.05367729615183578,0.9999999999999999,0.022267239283688567,0.017818574514038954
DrugEx_GT_epsilon_0.1_62.5k_mean,sim,murcko,0.83408394809643,0.7389355742296857,-,0.19507982964141293,0.826624730788886,1.0,1.0
DrugEx_GT_epsilon_0.6_62.5k_mean,sim,murcko,0.9116140824660783,0.7775910364145773,-,1.0,0.9030164891966542,0.41547686573211257,0.42656587473002155
DrugEx_RNN_epsilon_0.1_62.5k_mean,sim,murcko,0.7374769463838756,0.7675070028011248,-,0.0,0.7306148891387741,0.05126002755044162,0.05129589632829373
DrugEx_RNN_epsilon_0.6_62.5k_mean,sim,murcko,0.712299104202345,0.12689075630251523,-,0.9275187237824587,0.7112385672848184,0.2481646544040192,0.2516198704103672
GB_GA_mut_r_0.01_62.5k_mean,sim,murcko,0.7831601567645897,0.812324929971993,-,0.18595843688259636,0.7754574232464913,0.0,0.0
GB_GA_mut_r_0.5_62.5k_mean,sim,murcko,0.6417344552759848,0.812324929971993,-,0.1914243283686297,0.6354233168032062,0.19880074548253784,0.20572354211663074
addcarbon_62.5k_mean,sim,murcko,0.0,0.815686274509801,-,0.048243861109066866,0.0,0.1836480025929828,0.189524838012959
