name,type_cluster,scaffold,USo,SSo,TUPOR,SESY,ASER,ACR,CwASo
Molpher_100k_mean,sim,murcko,0.3680765410705607,1.0,0.5848611551546613,0.36396763717310177,0.33592090341335634,0.47117715249235953,0.34685733288992354
REINVENT_100k_mean,sim,murcko,1.0,0.0,0.08108450228178218,1.0000000000000002,0.007906464133403623,0.0,0.0033255736614565823
DrugEx_GT_epsilon_0.1_100k_mean,sim,murcko,0.8335728323577273,0.8108006750421879,0.16479758889293436,0.8260692907018075,1.0,0.06080725050057961,1.0
DrugEx_GT_epsilon_0.6_100k_mean,sim,murcko,0.9256672513260499,0.8460528783048886,1.0,0.9169553059986677,0.4136598143977511,0.3070924228053536,0.424675756568008
DrugEx_RNN_epsilon_0.1_100k_mean,sim,murcko,0.7295492487479133,0.848115507219191,0.0,0.7226669254242103,0.058507834587186724,0.005374644325007907,0.058862653807781884
DrugEx_RNN_epsilon_0.6_100k_mean,sim,murcko,0.7114177637835213,0.19426214138383102,0.9449090223375836,0.7098669273073515,0.2541728560704075,0.3926651912741068,0.2580645161290322
GB_GA_mut_r_0.01_100k_mean,sim,murcko,0.7661212780794997,0.8859928745546455,0.19484148889384786,0.7585852274376804,0.0,0.06407419116872168,0.0
GB_GA_mut_r_0.5_100k_mean,sim,murcko,0.6227309228460938,0.8846802925182828,0.1518337776838182,0.6166148236163685,0.20802785630999732,0.07819580566972284,0.21516461589624208
addcarbon_100k_mean,sim,murcko,0.0,0.8886180386273992,0.015167619964843448,0.0,0.19687894324915745,1.0,0.20319255071499837
