name,type_cluster,scaffold,USo,SSo,TUPOR,SESY,ASER,ACR,CwASo
Molpher_500k_mean,sim,murcko,0.41671364139979905,1.0,0.5080560943991992,0.4133479977349849,0.42613785136696186,0.12546125461254615,0.4394969844732452
REINVENT_500k_mean,sim,murcko,0.9976894074537145,0.0,0.15006423179830194,0.9999999999999999,0.025598767809010436,0.0,0.02175028872064677
DrugEx_GT_epsilon_0.1_500k_mean,sim,murcko,0.8297328428314259,0.8435730018879894,0.2545066731566079,0.8243867879094001,1.0000000000000002,0.025522755227552277,1.0
DrugEx_GT_epsilon_0.6_500k_mean,sim,murcko,1.0,0.8864065449968592,0.9999999999999999,0.99309494033017,0.42056218713900667,0.09122591225912259,0.4320544078018734
DrugEx_RNN_epsilon_0.1_500k_mean,sim,murcko,0.699965325436144,0.8904578351164218,0.06352354880848013,0.6951021303062174,0.05341547939930691,0.0015375153751537515,0.05383036058000773
DrugEx_RNN_epsilon_0.6_500k_mean,sim,murcko,0.7171721858581704,0.20563247325361544,0.9061347484176977,0.7171714012423973,0.24994994224104744,0.12515375153751535,0.25401000898242015
GB_GA_mut_r_0.01_500k_mean,sim,murcko,0.7145625016851337,0.9275881057268691,0.1837146354312256,0.70933954640877,0.0,0.014965149651496513,0.0
GB_GA_mut_r_0.5_500k_mean,sim,murcko,0.5783435089279165,0.9253461296412979,0.15197072424410982,0.5741295306722362,0.18995764343473243,0.020295202952029516,0.196586680354164
addcarbon_500k_mean,sim,murcko,0.0,0.9300267463813725,0.0,0.0,0.2114131690412014,1.0,0.21833696907481076
