name,type_cluster,scaffold,USo,SSo,TUPOR,SESY,ASER,ASR,CwASo
Molpher_100k_mean,sim,murcko,"30,809.2","100,118.8",0.2249164,0.3077267,0.004148,0.0005113,412.6
REINVENT_100k_mean,sim,murcko,"79,498.8","99,429.4",0.0642306,0.7995488,0.0001811,6.01e-05,18.0
DrugEx_GT_epsilon_0.1_100k_mean,sim,murcko,"66,053.6","99,917.0",0.0961607,0.6610865,0.0083056,0.0001219,805.4
DrugEx_GT_epsilon_0.6_100k_mean,sim,murcko,"73,026.4","99,954.6",0.3521626,0.7305852,0.0046347,0.0003556,459.4
DrugEx_RNN_epsilon_0.1_100k_mean,sim,murcko,"58,177.6","99,956.8",0.0456478,0.5820168,0.0024112,6.93e-05,239.4
DrugEx_RNN_epsilon_0.6_100k_mean,sim,murcko,"56,804.8","99,259.4",0.3352764,0.5722289,0.0036362,0.0004368,359.2
GB_GA_mut_r_0.01_100k_mean,sim,murcko,"60,946.6","99,997.2",0.1053696,0.6094828,0.0020449,0.000125,204.0
addcarbon_100k_mean,sim,murcko,"2,940.8","100,000.0",0.0502969,0.029408,0.0032775,0.0010131,326.2
