name,type_cluster,scaffold,USo,SSo,TUPOR,SESY,ASER,ASR,CwASo
Molpher_mean,sim,murcko,"215,633.0","836,455.8",0.3211869,0.2578516,0.0047471,0.0001063,"3,916.6"
REINVENT_mean,sim,murcko,"633,958.2","964,342.8",0.1178349,0.6574095,0.0002082,1.48e-05,201.0
DrugEx_GT_epsilon_0.1_mean,sim,murcko,"410,774.0","829,714.2",0.2022694,0.4958917,0.0084476,3.95e-05,"6,545.2"
DrugEx_GT_epsilon_0.6_mean,sim,murcko,"556,595.4","909,782.8",0.5691019,0.6117602,0.0047266,7.43e-05,"4,258.2"
DrugEx_RNN_epsilon_0.1_mean,sim,murcko,"351,180.4","847,988.2",0.0927738,0.4132002,0.0023457,2.2e-05,"1,933.4"
DrugEx_RNN_epsilon_0.6_mean,sim,murcko,"383,599.4","892,866.6",0.5123332,0.4293287,0.0036678,9.83e-05,"3,265.8"
GB_GA_mut_r_0.01_mean,sim,murcko,"406,009.8","999,971.6",0.1575446,0.4060211,0.0019585,2.71e-05,"1,954.0"
addcarbon_mean,sim,murcko,"2,971.2","1,000,000.0",0.0502969,0.0029712,0.0033274,0.0010025,"3,311.6"
