name,type_cluster,scaffold,USo,SSo,TUPOR,SESY,ASER,ACR,CwASo
Molpher_mean,sim,murcko,215633.0,836455.8,0.3211869,0.2578516,0.0047471,0.0001063,3916.6
REINVENT_mean,sim,murcko,491769.4,814194.8,0.1507425,0.6012093,0.0021144,2.2e-05,1607.2
DrugEx_GT_epsilon_0.1_mean,sim,murcko,410774.2,829714.2,0.2022694,0.4958919,0.0084476,3.95e-05,6545.2
DrugEx_GT_epsilon_0.6_mean,sim,murcko,556595.4,909782.8,0.5691019,0.6117602,0.0047266,7.43e-05,4258.2
DrugEx_RNN_epsilon_0.1_mean,sim,murcko,351180.4,847988.2,0.0927738,0.4132002,0.0023457,2.2e-05,1933.4
DrugEx_RNN_epsilon_0.6_mean,sim,murcko,383599.4,892866.6,0.5123332,0.4293287,0.0036678,9.83e-05,3265.8
GB_GA_mut_r_0.01_mean,sim,murcko,406009.8,999971.6,0.1575446,0.4060211,0.0019585,2.71e-05,1954.0
GB_GA_mut_r_0.5_mean,sim,murcko,330440.8,999950.4,0.1390658,0.3304573,0.0031895,3.03e-05,3177.4
addcarbon_mean,sim,murcko,2971.2,1000000.0,0.0502969,0.0029712,0.0033274,0.0010025,3311.6
