name,type_cluster,scaffold,USo,SSo,TUPOR,SESY,ASER,ACR,CwASo
Molpher_10k_mean,sim,murcko,0.20237610871511102,1.0,0.4041164995742895,0.1942527103271971,0.6830897214329652,0.9999999999999998,0.7103658536585367
REINVENT_10k_mean,sim,murcko,0.9999999999999999,0.0,0.0,0.9999999999999998,0.02785670347696184,0.0,0.02439024390243899
DrugEx_GT_epsilon_0.1_10k_mean,sim,murcko,0.839829657959693,0.3641304347826022,0.19690620028369643,0.8313970836030484,1.0,0.23610496830311067,1.0
DrugEx_GT_epsilon_0.6_10k_mean,sim,murcko,0.8892234247429952,0.3894927536231876,1.0,0.8796377764018783,0.40346817422888775,0.801267875571281,0.4146341463414633
DrugEx_RNN_epsilon_0.1_10k_mean,sim,murcko,0.7745137928228497,0.3849637681159379,0.04210263642008624,0.7662612591409801,0.08392161457570518,0.12406015037593981,0.0853658536585365
DrugEx_RNN_epsilon_0.6_10k_mean,sim,murcko,0.7135378522798166,0.0661231884057969,0.8048596482065031,0.7127177216502047,0.30261577667769995,0.8065015479876159,0.30792682926829257
GB_GA_mut_r_0.01_10k_mean,sim,murcko,0.8405891447636097,0.4030797101449295,0.24308521089453905,0.8312148372905188,0.0,0.19961668878077543,0.0
GB_GA_mut_r_0.5_10k_mean,sim,murcko,0.708465565410801,0.40489130434782084,0.2330339681268493,0.7005285411269848,0.19151117490260405,0.2682441397611676,0.19817073170731697
addcarbon_10k_mean,sim,murcko,0.0,0.40489130434782084,0.1956593288615086,0.0,0.20397492603766954,0.966017986141825,0.2103658536585365
