name,type_cluster,scaffold,USo,SSo,TUPOR,SESY,ASER,ACR,CwASo
Molpher_mean,sim,murcko,0.38412663319269635,0.11980827231961211,0.5221422307032506,0.4186678800044022,0.42973601886240004,0.08597654258031619,0.46767922235722964
REINVENT_mean,sim,murcko,0.882906130187228,0.0,0.19360954501209507,0.9826690363984892,0.024024903299378897,0.0,0.0
DrugEx_GT_epsilon_0.1_mean,sim,murcko,0.736606167143705,0.08352511124554063,0.2929279787203284,0.8096741235469103,1.0,0.017848036715961243,1.0
DrugEx_GT_epsilon_0.6_mean,sim,murcko,0.9999999999999999,0.5144527709665825,1.0,0.9999999999999999,0.42657687506742076,0.05334013258541562,0.5368570271364925
DrugEx_RNN_epsilon_0.1_mean,sim,murcko,0.628963112522899,0.18187542652197042,0.08187450005300642,0.6738443040199478,0.05966929158126705,0.0,0.06605913325232887
DrugEx_RNN_epsilon_0.6_mean,sim,murcko,0.6875208851058172,0.42341010908198484,0.8905779628184,0.7003370625947577,0.26341095067112547,0.07781744008159105,0.335884973673552
GB_GA_mut_r_0.01_mean,sim,murcko,0.7280003294653664,0.9998471517481748,0.20672063684814138,0.6620518767586142,0.0,0.0052014278429372805,0.07023086269744833
GB_GA_mut_r_0.5_mean,sim,murcko,0.591501599821684,0.9997330537573763,0.1711026300825936,0.5379303831048196,0.1897027322741212,0.008465068842427335,0.31798298906439854
addcarbon_mean,sim,murcko,0.0,1.0,0.0,0.0,0.21095375321693294,1.0,0.3451599837991089
