name,type_cluster,scaffold,USo,SSo,TUPOR,SESY,ASER,ASR,CwASo
Molpher_500k_mean,sim,murcko,135888.2,500355.8,0.284939,0.2715775,0.0047461,0.0001494,2357.4
REINVENT_500k_mean,sim,murcko,348234.4,497164.2,0.0936959,0.7004424,0.0001923,2.12e-05,95.6
DrugEx_GT_epsilon_0.1_500k_mean,sim,murcko,267627.2,499560.4,0.167839,0.5357294,0.0084719,5.19e-05,4104.6
DrugEx_GT_epsilon_0.6_500k_mean,sim,murcko,321936.6,499778.2,0.5121398,0.6441488,0.0047099,0.000116,2334.2
DrugEx_RNN_epsilon_0.1_500k_mean,sim,murcko,226235.8,499798.8,0.0796348,0.4526453,0.0023262,2.85e-05,1155.2
DrugEx_RNN_epsilon_0.6_500k_mean,sim,murcko,231724.2,496316.6,0.4687888,0.466828,0.0036022,0.0001491,1779.2
GB_GA_mut_r_0.01_500k_mean,sim,murcko,230891.8,499987.6,0.1351442,0.4617949,0.0019794,4.16e-05,987.4
addcarbon_500k_mean,sim,murcko,2970.8,500000.0,0.0502969,0.0059416,0.003352,0.0010026,1668.0
