name,type_cluster,scaffold,USo,SSo,TUPOR,SESY,ASER,ASR,CwASo
Molpher_500k_mean,sim,murcko,"135,888.2","500,355.8",0.284939,0.2715775,0.0047461,0.0001494,"2,357.4"
REINVENT_500k_mean,sim,murcko,"348,234.4","497,164.2",0.0936959,0.7004424,0.0001923,2.12e-05,95.6
DrugEx_GT_epsilon_0.1_500k_mean,sim,murcko,"267,627.2","499,560.4",0.167839,0.5357294,0.0084719,5.19e-05,"4,104.6"
DrugEx_GT_epsilon_0.6_500k_mean,sim,murcko,"321,936.6","499,778.2",0.5121398,0.6441488,0.0047099,0.000116,"2,334.2"
DrugEx_RNN_epsilon_0.1_500k_mean,sim,murcko,"226,235.8","499,798.8",0.0796348,0.4526453,0.0023262,2.85e-05,"1,155.2"
DrugEx_RNN_epsilon_0.6_500k_mean,sim,murcko,"231,724.2","496,316.6",0.4687888,0.466828,0.0036022,0.0001491,"1,779.2"
GB_GA_mut_r_0.01_500k_mean,sim,murcko,"230,891.8","499,987.6",0.1351442,0.4617949,0.0019794,4.16e-05,987.4
addcarbon_500k_mean,sim,murcko,"2,970.8","500,000.0",0.0502969,0.0059416,0.003352,0.0010026,"1,668.0"
