name,type_cluster,scaffold,USo,SSo,TUPOR_,TUPOR,SESY,ASER,CwASo
DrugEx_RNN_epsilon_0.6_125k_0,sim,csk,"23,987.0","124,352.0",30/38,0.7894737,0.192896,0.0185357,"2,263.0"
DrugEx_RNN_epsilon_0.6_125k_1,sim,csk,"21,846.0","124,093.0",28/38,0.7368421,0.1760454,0.0440705,"5,238.0"
DrugEx_RNN_epsilon_0.6_125k_2,sim,csk,"18,913.0","123,908.0",26/37,0.7027027,0.1526374,0.0385383,"4,598.0"
DrugEx_RNN_epsilon_0.6_125k_3,sim,csk,"18,325.0","123,616.0",25/35,0.7142857,0.1482413,0.0260633,"3,140.0"
DrugEx_RNN_epsilon_0.6_125k_4,sim,csk,"20,811.0","123,772.0",22/35,0.6285714,0.1681398,0.0044635,550.0
DrugEx_RNN_epsilon_0.6_125k_mean,sim,csk,"20,776.4","123,948.2",-,0.7143751,0.167592,0.0263342,"3,157.8"
