name,type_cluster,scaffold,USo,SSo,TUPOR_,TUPOR,SESY,ASER,CwASo
DrugEx_RNN_epsilon_0.6_125k_4,sim,csk,20811,123772,22/35,0.6285714285714286,0.1681398054487283,0.004463488662738797,550
