name,type_cluster,scaffold,USo,SSo,TUPOR_,TUPOR,SESY,ASER,CwASo
DrugEx_RNN_epsilon_0.6_125k_3,sim,csk,18325,123616,25/35,0.7142857142857143,0.14824132798343256,0.026063282313489824,3140
