name,type_cluster,scaffold,USo,SSo,TUPOR_,TUPOR,SESY,ASER,CwASo
DrugEx_RNN_epsilon_0.6_125k_2,sim,csk,18913,123908,26/37,0.7027027027027027,0.15263744068179616,0.038538261671276504,4598
