name,type_cluster,scaffold,SSo,TUPOR_,TUPOR,SESY,ASER
DrugEx_RNN_epsilon_0.6_125k_3,sim,csk,123616,25/35,0.7142857142857143,0.14824132798343256,0.025401242557597722
