name,type_cluster,scaffold,SSo,TUPOR_,TUPOR,SESY,ASER
DrugEx_RNN_epsilon_0.6_125k_1,sim,csk,124093,28/38,0.7368421052631579,0.17604538531585182,0.04221027777553931
