name,type_cluster,scaffold,USo,SSo,TUPOR_,TUPOR,SESY,ASER,CwASo
DrugEx_RNN_epsilon_0.6_125k_1,sim,csk,21846,124093,28/38,0.7368421052631579,0.17604538531585182,0.04407050607883556,5238
