name,type_cluster,scaffold,USo,SSo,TUPOR_,TUPOR,SESY,ASER,CwASo
DrugEx_RNN_epsilon_0.6_125k_0,sim,csk,23987,124352,30/38,0.7894736842105263,0.19289597272259393,0.01853565841312485,2263
