name,type_cluster,scaffold,SSo,TUPOR_,TUPOR,SESY,ASER
DrugEx_RNN_epsilon_0.6_125k_2,sim,csk,123908,26/37,0.7027027027027027,0.15263744068179616,0.03710817703457404
