name,type_cluster,scaffold,SSo,TUPOR_,TUPOR,SESY,ASER
DrugEx_RNN_epsilon_0.6_125k_0,sim,csk,124352,30/38,0.7894736842105263,0.19289597272259393,0.018198340195573856
