name,type_cluster,scaffold,USo,SSo,TUPOR_,TUPOR,TUPOR_unique,TUPOR_1,TUPOR_2,SESY,ASER,CwASo
DrugEx_RNN_epsilon_0.1_desired_0,sim,csk,"53,190.0","412,870.0",17/38,0.4473684,0.0841076,0.0005266,0.737114,0.1288299,0.0265943,"10,980.0"
DrugEx_RNN_epsilon_0.1_desired_1,sim,csk,"80,499.0","652,032.0",22/38,0.5789474,0.0719198,0.0002095,0.443904,0.1234587,0.0169102,"11,026.0"
DrugEx_RNN_epsilon_0.1_desired_2,sim,csk,"49,480.0","649,405.0",9/37,0.2432432,0.0491599,5.06e-05,0.0676218,0.0761928,0.0298458,"19,382.0"
DrugEx_RNN_epsilon_0.1_desired_3,sim,csk,"62,695.0","398,771.0",11/35,0.3142857,0.0501293,4.97e-05,0.0889419,0.1572206,0.0137598,"5,487.0"
DrugEx_RNN_epsilon_0.1_desired_4,sim,csk,"64,176.0","568,955.0",12/35,0.3428571,0.0534245,2.53e-05,0.0464076,0.1127963,0.0013217,752.0
DrugEx_RNN_epsilon_0.1_desired_mean,sim,csk,"62,008.0","536,406.6",-,0.3853404,0.0617482,0.0001723,0.2767979,0.1196996,0.0176864,"9,525.4"
