name,type_cluster,scaffold,USo,SSo,TUPOR_,TUPOR,SESY,ASER,CwASo
DrugEx_RNN_epsilon_0.1_62.5k_1,dis,csk,12449,62471,6/23,0.2608695652173913,0.19927646427942566,0.0026160364640174616,163
