name,type_cluster,scaffold,SSo,TUPOR_,TUPOR,SESY,ASER
DrugEx_RNN_epsilon_0.1_62.5k_1,dis,csk,62471,6/23,0.2608695652173913,0.19927646427942566,0.0026092106737526212
