name,type_cluster,scaffold,USo,SSo,TUPOR_,TUPOR,SESY,ASER,CwASo
DrugEx_RNN_epsilon_0.1_62.5k_4,dis,csk,17135,62445,25/43,0.5813953488372093,0.27440147329650094,0.019393701944267594,1188
