name,type_cluster,scaffold,USo,SSo,TUPOR_,TUPOR,SESY,ASER,CwASo
DrugEx_RNN_epsilon_0.1_62.5k_3,dis,csk,10608,62465,5/37,0.13513513513513514,0.16982310093652445,0.0014268308323714248,89
