name,type_cluster,scaffold,USo,SSo,TUPOR_,TUPOR,SESY,ASER,ASR,CwASo
DrugEx_GT_epsilon_0.1_500k_1,sim,csk,82720,499041,25/38,0.6578947368421053,0.1657579236976521,0.044134600698403796,0.0003023157385573493,21094
