name,type_cluster,scaffold,USo,SSo,TUPOR_,TUPOR,SESY,ASER,ASR,CwASo
DrugEx_GT_epsilon_0.1_500k_0,sim,csk,109427,499602,25/38,0.6578947368421053,0.21902834656386483,0.008217464129316086,0.00022851501800698343,4072
