name,type_cluster,scaffold,SSo,TUPOR_,TUPOR,SESY,ASER
DrugEx_GT_epsilon_0.1_500k_0,sim,csk,499602,25/38,0.6578947368421053,0.21902834656386483,0.008150487788279471
