name,type_cluster,scaffold,USo,SSo,TUPOR_,TUPOR,SESY,ASER,ACR,CwASo
DrugEx_GT_epsilon_0.1_500k_4,sim,csk,103750,499610,10/35,0.2857142857142857,0.2076619763415464,0.0002242251220225106,9.63948332369385e-05,112
