name,type_cluster,scaffold,SSo,TUPOR_,TUPOR,SESY,ASER
DrugEx_GT_epsilon_0.1_500k_2,sim,csk,499559,13/37,0.35135135135135137,0.15884209873108082,0.0023680886541929983
