name,type_cluster,scaffold,USo,SSo,TUPOR_,TUPOR,SESY,ASER,ACR,CwASo
DrugEx_GT_epsilon_0.1_500k_3,sim,csk,95213,499940,28/35,0.8,0.1904488538624635,0.0159296567168122,0.00029416399642800864,7839
