name,type_cluster,scaffold,USo,SSo,TUPOR_,TUPOR,SESY,ASER,ACR,CwASo
DrugEx_GT_epsilon_0.1_500k_2,sim,csk,79351,499559,13/37,0.35135135135135137,0.15884209873108082,0.00237370980946113,0.0001638559076356853,1183
