name,type_cluster,scaffold,SSo,TUPOR_,TUPOR,SESY,ASER
DrugEx_GT_epsilon_0.1_500k_4,sim,csk,499610,10/35,0.2857142857142857,0.2076619763415464,0.00022417485638798264
