name,type_cluster,scaffold,SSo,TUPOR_,TUPOR,SESY,ASER
DrugEx_GT_epsilon_0.1_500k_1,sim,csk,499041,25/38,0.6578947368421053,0.1657579236976521,0.04226907208024992
