name,type_cluster,scaffold,USo,SSo,TUPOR_,TUPOR,SESY,ASER,CwASo
addcarbon_250k_1,dis,murcko,5298,250000,1/96,0.010416666666666666,0.021192,0.0007205187735169322,180
