name,type_cluster,scaffold,USo,SSo,TUPOR_,TUPOR,SESY,ASER,CwASo
addcarbon_250k_2,dis,murcko,4446,250000,11/102,0.10784313725490197,0.017784,0.0007766026436514735,194
