name,type_cluster,scaffold,USo,SSo,TUPOR_,TUPOR,SESY,ASER,CwASo
addcarbon_250k_4,dis,murcko,5470,250000,2/71,0.028169014084507043,0.02188,0.00015202310751234188,38
