name,type_cluster,scaffold,USo,SSo,TUPOR_,TUPOR,SESY,ASER,ASR,CwASo
GB_GA_mut_r_0.01_100k_1,dis,csk,30902,99987,10/23,0.43478260869565216,0.309060177823117,0.0016328738579900624,0.00032370840347015407,163
