name,type_cluster,scaffold,USo,SSo,TUPOR_,TUPOR,SESY,ASER,CwASo
DrugEx_GT_epsilon_0.6_125k_0,dis,murcko,91385,124297,46/106,0.4339622641509434,0.7352148483068779,0.011432802786186245,1405
