name,type_cluster,scaffold,USo,SSo,TUPOR_,TUPOR,SESY,ASER,CwASo
DrugEx_GT_epsilon_0.6_125k_3,dis,murcko,87270,124713,14/62,0.22580645161290322,0.6997666642611435,0.012280844155844156,1513
