name,type_cluster,scaffold,SSo,TUPOR_,TUPOR,SESY,ASER
DrugEx_GT_epsilon_0.6_125k_3,dis,murcko,124713,14/62,0.22580645161290322,0.6997666642611435,0.01213185473847955
