name,type_cluster,scaffold,USo,SSo,TUPOR_,TUPOR,SESY,ASER,ACR,CwASo
GB_GA_mut_r_0.5_0,sim,csk,31034.0,907589.0,39/46,0.8478261,0.0341939,0.3755037,0.0012583,247766.0
GB_GA_mut_r_0.5_1,sim,csk,17110.0,847475.0,30/44,0.6818182,0.0201894,0.017752,0.0017564,14782.0
GB_GA_mut_r_0.5_2,sim,csk,17126.0,850993.0,34/42,0.8095238,0.0201247,0.037145,0.0019892,30478.0
GB_GA_mut_r_0.5_3,sim,csk,18586.0,856792.0,27/42,0.6428571,0.0216925,0.0919013,0.0014548,72113.0
GB_GA_mut_r_0.5_4,sim,csk,18325.0,857998.0,27/42,0.6428571,0.0213579,0.0033949,0.0014756,2903.0
GB_GA_mut_r_0.5_mean,sim,csk,20436.2,864169.4,-,0.7249765,0.0235117,0.1051394,0.0015869,73608.4
