name,type_cluster,scaffold,SSo,TUPOR_,TUPOR,SESY,ASER
GB_GA_mut_r_0.5_2,sim,csk,924616,37/42,0.8809523809523809,0.0303661195566592,0.04290970521816624
