name,type_cluster,scaffold,USo,SSo,TUPOR_,TUPOR,SESY,ASER,CwASo
GB_GA_mut_r_0.5_4,sim,csk,36061,790577,20/42,0.47619047619047616,0.04561352025166429,0.0007785184603816386,615
