name,type_cluster,scaffold,SSo,TUPOR_,TUPOR,SESY,ASER
GB_GA_mut_r_0.5_4,sim,csk,790577,20/42,0.47619047619047616,0.04561352025166429,0.0007779128408744499
