name,type_cluster,scaffold,USo,SSo,TUPOR_,TUPOR,SESY,ASER,ACR,CwASo
GB_GA_mut_r_0.5_0,sim,csk,31034,907589,39/46,0.8478260869565217,0.034193891728524696,0.37550373357703504,0.0012582674624939507,247766
