name,type_cluster,scaffold,USo,SSo,TUPOR_,TUPOR,SESY,ASER,CwASo
GB_GA_mut_r_0.5_3,sim,csk,40380,812979,14/42,0.3333333333333333,0.049669179646706745,0.048223389523684275,37401
