name,type_cluster,scaffold,USo,SSo,TUPOR_,TUPOR,SESY,ASER,ACR,CwASo
GB_GA_mut_r_0.5_2,sim,csk,17126,850993,34/42,0.8095238095238095,0.020124724880228158,0.037144963833689815,0.0019892347296981043,30478
