name,type_cluster,scaffold,SSo,TUPOR_,TUPOR,SESY,ASER
GB_GA_mut_r_0.5_3,sim,csk,927097,31/42,0.7380952380952381,0.030408900039585934,0.06833804876943836
