name,type_cluster,scaffold,USo,SSo,TUPOR_,TUPOR,SESY,ASER,CwASo
GB_GA_mut_r_0.5_0,sim,csk,127938,999915,33/46,0.717391304347826,0.12794887565443064,0.052509976011258605,49886
