name,type_cluster,scaffold,USo,SSo,TUPOR_,TUPOR,SESY,ASER,ACR,CwASo
GB_GA_mut_r_0.5_1,sim,csk,17110,847475,30/44,0.6818181818181818,0.020189386117584588,0.017752040668049328,0.001756440281030445,14782
