name,type_cluster,scaffold,USo,SSo,TUPOR_,TUPOR,SESY,ASER,ACR,CwASo
REINVENT_500k_1,dis,csk,61924,495524,14/41,0.34146341463414637,0.12496670191554798,0.0011394860190722482,0.0002261347116782426,564
