name,type_cluster,scaffold,SSo,TUPOR_,TUPOR,SESY,ASER
REINVENT_500k_0,dis,csk,495866,28/42,0.6666666666666666,0.15911153416447185,0.002893926988339592
