name,type_cluster,scaffold,USo,SSo,TUPOR_,TUPOR,SESY,ASER,ACR,CwASo
REINVENT_500k_3,dis,csk,61433,485626,20/47,0.425531914893617,0.12650269960834057,0.0017389223632016798,0.0003256639473727061,843
