name,type_cluster,scaffold,SSo,TUPOR_,TUPOR,SESY,ASER
REINVENT_500k_4,dis,csk,495090,25/41,0.6097560975609756,0.13452099618251226,0.007170413460178957
