name,type_cluster,scaffold,SSo,TUPOR_,TUPOR,SESY,ASER
REINVENT_500k_2,dis,csk,495983,34/45,0.7555555555555555,0.13897855370042925,0.012597205952623376
