name,type_cluster,scaffold,USo,SSo,TUPOR_,TUPOR,SESY,ASER,ACR,CwASo
REINVENT_500k_0,dis,csk,78896,495864,28/42,0.6666666666666666,0.15910814255521674,0.0029023378483058236,0.00035502358370948926,1435
