name,type_cluster,scaffold,SSo,TUPOR_,TUPOR,SESY,ASER
REINVENT_500k_1,dis,csk,495530,14/41,0.34146341463414637,0.12497729703549734,0.0011394722061717371
