name,type_cluster,scaffold,USo,SSo,TUPOR_,TUPOR,SESY,ASER,ACR,CwASo
REINVENT_500k_2,dis,csk,68928,495975,34/45,0.7555555555555555,0.13897474671102375,0.012758128508332193,0.0004935117717072605,6248
