name,type_cluster,scaffold,USo,SSo,TUPOR_,TUPOR,SESY,ASER,ACR,CwASo
REINVENT_500k_4,dis,csk,66600,495089,25/41,0.6097560975609756,0.13452126789324748,0.007222214310563353,0.0003755163349605708,3550
