name,type_cluster,scaffold,SSo,TUPOR_,TUPOR,SESY,ASER
GB_GA_log_p_mut_r_0.01_125k_2,sim,murcko,111502,4/65,0.06153846153846154,0.2769008627647935,0.00772183458592671
