name,type_cluster,scaffold,USo,SSo,TUPOR_,TUPOR,SESY,ASER,CwASo
REINVENT_62.5k_3,sim,murcko,52121,62198,2/51,0.0392156862745098,0.8379851442168559,0.00014472012735371206,9
