name,type_cluster,scaffold,SSo,TUPOR_,TUPOR,SESY,ASER
REINVENT_62.5k_0,sim,murcko,62085,9/115,0.0782608695652174,0.7888378835467504,0.010453410646694049
