name,type_cluster,scaffold,SSo,TUPOR_,TUPOR,SESY,ASER
REINVENT_62.5k_3,sim,murcko,62198,2/51,0.0392156862745098,0.8379851442168559,0.0001446991864690183
