name,type_cluster,scaffold,USo,SSo,TUPOR_,TUPOR,SESY,ASER,CwASo
REINVENT_62.5k_2,sim,murcko,51011,61547,4/58,0.06896551724137931,0.8288137520918972,0.00012999886250995304,8
