name,type_cluster,scaffold,SSo,TUPOR_,TUPOR,SESY,ASER
REINVENT_62.5k_2,sim,murcko,61547,4/58,0.06896551724137931,0.8288137520918972,0.00012998196500235592
