name,type_cluster,scaffold,USo,SSo,TUPOR_,TUPOR,SESY,ASER,CwASo
DrugEx_GT_epsilon_0.6_250k_1,sim,murcko,159834,249135,57/93,0.6129032258064516,0.6415557830092119,0.005622784994066408,1393
