name,type_cluster,scaffold,SSo,TUPOR_,TUPOR,SESY,ASER
DrugEx_GT_epsilon_0.6_250k_0,sim,murcko,249117,111/172,0.6453488372093024,0.7732350662540092,0.02920715968801808
