name,type_cluster,scaffold,USo,SSo,TUPOR_,TUPOR,SESY,ASER,CwASo
DrugEx_GT_epsilon_0.6_250k_3,sim,murcko,173939,249474,27/57,0.47368421052631576,0.6972229571017421,0.002439053791784367,607
