name,type_cluster,scaffold,USo,SSo,TUPOR_,TUPOR,SESY,ASER,CwASo
DrugEx_GT_epsilon_0.6_250k_0,sim,murcko,192626,249117,111/172,0.6453488372093024,0.7732350662540092,0.030085882873458182,7276
