name,type_cluster,scaffold,SSo,TUPOR_,TUPOR,SESY,ASER
DrugEx_GT_epsilon_0.6_250k_2,sim,murcko,247310,43/65,0.6615384615384615,0.6581294731308883,0.004239318460526422
