name,type_cluster,scaffold,SSo,TUPOR_,TUPOR,SESY,ASER
DrugEx_GT_epsilon_0.1_125k_3,sim,csk,124901,23/42,0.5476190476190477,0.2703901489980064,0.024835669850521613
