name,type_cluster,scaffold,SSo,TUPOR_,TUPOR,SESY,ASER
DrugEx_GT_epsilon_0.1_125k_0,sim,csk,124924,38/46,0.8260869565217391,0.43468028561365313,0.044971342576286384
