name,type_cluster,scaffold,USo,SSo,TUPOR_,TUPOR,SESY,ASER,CwASo
DrugEx_GT_epsilon_0.1_125k_0,sim,csk,54302,124924,38/46,0.8260869565217391,0.43468028561365313,0.0470889980386569,5618
