name,type_cluster,scaffold,USo,SSo,TUPOR_,TUPOR,SESY,ASER,CwASo
DrugEx_GT_epsilon_0.1_125k_3,sim,csk,33772,124901,23/42,0.5476190476190477,0.2703901489980064,0.025468189394001594,3102
