name,type_cluster,scaffold,SSo,TUPOR_,TUPOR,SESY,ASER
DrugEx_GT_epsilon_0.1_125k_2,sim,csk,124816,30/42,0.7142857142857143,0.2770558261761313,0.011761844931706724
