name,type_cluster,scaffold,USo,SSo,TUPOR_,TUPOR,SESY,ASER,CwASo
Molpher_125k_2,sim,murcko,42909,125101,18/65,0.27692307692307694,0.3429948601529964,0.001200470584469112,150
