name,type_cluster,scaffold,SSo,TUPOR_,TUPOR,SESY,ASER
Molpher_125k_3,sim,murcko,125158,8/57,0.14035087719298245,0.35609389731379537,0.0034356573291359723
