name,type_cluster,scaffold,SSo,TUPOR_,TUPOR,SESY,ASER
Molpher_125k_0,sim,murcko,125002,48/172,0.27906976744186046,0.35765027759555845,0.018894069316292263
