name,type_cluster,scaffold,USo,SSo,TUPOR_,TUPOR,SESY,ASER,CwASo
Molpher_125k_1,sim,murcko,45248,125145,16/93,0.17204301075268819,0.3615645850813057,0.0019695914298753395,246
