name,type_cluster,scaffold,USo,SSo,TUPOR_,TUPOR,SESY,ASER,CwASo
Molpher_125k_3,sim,murcko,44568,125158,8/57,0.14035087719298245,0.35609389731379537,0.0034475017638381116,430
