name,type_cluster,scaffold,SSo,TUPOR_,TUPOR,SESY,ASER
Molpher_125k_2,sim,murcko,125101,18/65,0.27692307692307694,0.3429948601529964,0.001200470584469112
