name,type_cluster,scaffold,SSo,TUPOR_,TUPOR,SESY,ASER
Molpher_125k_1,sim,murcko,125145,16/93,0.17204301075268819,0.3615645850813057,0.001965719765072516
