name,type_cluster,scaffold,SSo,TUPOR_,TUPOR,SESY,ASER
DrugEx_GT_epsilon_0.6_0,dis,murcko,"907,845.0",18/92,0.1956522,0.5913388,0.0011588
DrugEx_GT_epsilon_0.6_1,dis,murcko,"912,178.0",15/34,0.4411765,0.5960372,0.0004517
DrugEx_GT_epsilon_0.6_2,dis,murcko,"891,272.0",8/64,0.125,0.5978826,0.0005341
DrugEx_GT_epsilon_0.6_3,dis,murcko,"914,127.0",30/76,0.3947368,0.6371576,0.0046799
DrugEx_GT_epsilon_0.6_4,dis,murcko,"912,356.0",32/98,0.3265306,0.6484388,0.0023686
DrugEx_GT_epsilon_0.6_mean,dis,murcko,"907,555.6",-,0.2966192,0.614171,0.0018386
