name,type_cluster,scaffold,USo,SSo,TUPOR_,TUPOR,TUPOR_unique,TUPOR_1,TUPOR_2,SESY,ASER,CwASo
DrugEx_GT_epsilon_0.6_0,dis,murcko,"536,844.0","907,845.0",18/92,0.1956522,0.0036445,3.88e-05,0.2263632,0.5913388,0.0011588,"1,052.0"
DrugEx_GT_epsilon_0.6_1,dis,murcko,"543,692.0","912,178.0",15/34,0.4411765,0.0081145,3.05e-05,0.4872449,0.5960372,0.0004517,412.0
DrugEx_GT_epsilon_0.6_2,dis,murcko,"532,876.0","891,272.0",8/64,0.125,0.0023458,2.61e-05,0.2171995,0.5978826,0.0005341,476.0
DrugEx_GT_epsilon_0.6_3,dis,murcko,"582,443.0","914,127.0",30/76,0.3947368,0.0067773,9.89e-05,0.7578381,0.6371576,0.0046799,"4,278.0"
DrugEx_GT_epsilon_0.6_4,dis,murcko,"591,607.0","912,356.0",32/98,0.3265306,0.0055194,0.0001088,0.6568109,0.6484388,0.0023686,"2,161.0"
DrugEx_GT_epsilon_0.6_mean,dis,murcko,"557,492.4","907,555.6",-,0.2966192,0.0052803,6.06e-05,0.4690913,0.614171,0.0018386,"1,675.8"
