name,type_cluster,scaffold,USo,SSo,TUPOR_,TUPOR,SESY,ASER,ASR,CwASo
DrugEx_GT_epsilon_0.6_0,dis,murcko,536844,907845,18/92,0.1956521739130435,0.5913388298663318,0.0011601324668364225,3.35304176772362e-05,1052
