name,type_cluster,scaffold,USo,SSo,TUPOR_,TUPOR,SESY,ASER,ACR,CwASo
DrugEx_GT_epsilon_0.6_3,dis,murcko,582443,914127,30/76,0.39473684210526316,0.6371576378336927,0.004701879103015995,5.150983923779174e-05,4278
