name,type_cluster,scaffold,USo,SSo,TUPOR_,TUPOR,TUPOR_unique,TUPOR_1,TUPOR_2,SESY,ASER,CwASo
DrugEx_GT_epsilon_0.6_0,dis,murcko,536844,907845,18/92,0.1956521739130435,0.003644488415872087,3.8792295275457626e-05,0.22636316266149753,0.5913388298663318,0.0011587881191172501,1052
