name,type_cluster,scaffold,USo,SSo,TUPOR_,TUPOR,SESY,ASER,ACR,CwASo
DrugEx_GT_epsilon_0.6_1,dis,murcko,543692,912178,15/34,0.4411764705882353,0.5960371769544979,0.00045187032637760126,2.7589910921374273e-05,412
