name,type_cluster,scaffold,USo,SSo,TUPOR_,TUPOR,TUPOR_unique,TUPOR_1,TUPOR_2,SESY,ASER,CwASo
DrugEx_GT_epsilon_0.6_4,dis,murcko,591607,912356,32/98,0.32653061224489793,0.005519383851862773,0.00010880106682309207,0.6568109463266226,0.6484387673232817,0.0023685929615194067,2161
