name,type_cluster,scaffold,SSo,TUPOR_,TUPOR,SESY,ASER
DrugEx_GT_epsilon_0.6_4,dis,murcko,912356,32/98,0.32653061224489793,0.6484387673232817,0.0023685929615194067
