name,type_cluster,scaffold,SSo,TUPOR_,TUPOR,SESY,ASER
DrugEx_GT_epsilon_0.6_0,dis,murcko,907845,18/92,0.1956521739130435,0.5913388298663318,0.0011587881191172501
