name,type_cluster,scaffold,USo,SSo,TUPOR_,TUPOR,SESY,ASER,ACR,CwASo
DrugEx_GT_epsilon_0.6_2,dis,murcko,532876,891272,8/64,0.125,0.5978825768115682,0.0005343535444703389,1.5013098928815391e-05,476
