name,type_cluster,scaffold,USo,SSo,TUPOR_,TUPOR,TUPOR_unique,TUPOR_1,TUPOR_2,SESY,ASER,CwASo
DrugEx_GT_epsilon_0.6_1,dis,murcko,543692,912178,15/34,0.4411764705882353,0.008114455805644285,3.0470059184785014e-05,0.4872449240674745,0.5960371769544979,0.0004516662318100195,412
