name,type_cluster,scaffold,USo,SSo,TUPOR_,TUPOR,TUPOR_unique,TUPOR_1,TUPOR_2,SESY,ASER,CwASo
DrugEx_GT_epsilon_0.6_3,dis,murcko,582443,914127,30/76,0.39473684210526316,0.006777261330383628,9.888640948369893e-05,0.7578381184067641,0.6371576378336927,0.004679874897032907,4278
