name,type_cluster,scaffold,SSo,TUPOR_,TUPOR,SESY,ASER
GB_GA_log_p_mut_r_0.01_125k_3,sim,csk,124998,20/35,0.5714285714285714,0.30072481159698555,0.008552136834189346
