name,type_cluster,scaffold,SSo,TUPOR_,TUPOR,SESY,ASER
DrugEx_RNN_epsilon_0.6_125k_1,dis,csk,122986,22/41,0.5365853658536586,0.1848340461515945,0.010425823837261846
