name,type_cluster,scaffold,SSo,TUPOR_,TUPOR,SESY,ASER
DrugEx_RNN_epsilon_0.6_125k_0,dis,csk,123541,29/42,0.6904761904761905,0.18860944949449981,0.034118227956710726
