name,type_cluster,scaffold,USo,SSo,TUPOR_,TUPOR,SESY,ASER,CwASo
DrugEx_RNN_epsilon_0.6_125k_4,dis,csk,16133,121628,24/41,0.5853658536585366,0.13264215476699445,0.02608490247688466,3092
