name,type_cluster,scaffold,SSo,TUPOR_,TUPOR,SESY,ASER
DrugEx_RNN_epsilon_0.6_125k_4,dis,csk,121628,24/41,0.5853658536585366,0.13264215476699445,0.0254217778800934
