name,type_cluster,scaffold,SSo,TUPOR_,TUPOR,SESY,ASER
DrugEx_RNN_epsilon_0.6_125k_2,dis,csk,122015,35/45,0.7777777777777778,0.15380895791501045,0.005090735355898416
