name,type_cluster,scaffold,USo,SSo,TUPOR_,TUPOR,SESY,ASER,CwASo
addcarbon_250k_3,dis,murcko,3202,250000,2/76,0.02631578947368421,0.012808,0.00010801166525984806,27
