name,type_cluster,scaffold,USo,SSo,TUPOR_,TUPOR,SESY,ASER,CwASo
addcarbon_250k_1,dis,murcko,3307,250000,1/34,0.029411764705882353,0.013228,0.0006924791956033575,173
