name,type_cluster,scaffold,USo,SSo,TUPOR_,TUPOR,SESY,ASER,ACR,CwASo
DrugEx_GT_epsilon_0.1_100k_0,dis,csk,32557,99903,16/42,0.38095238095238093,0.3258861095262405,0.012188449848024316,0.0004916874097292646,1203
