name,type_cluster,scaffold,USo,SSo,TUPOR_,TUPOR,TUPOR_unique,TUPOR_1,TUPOR_2,SESY,ASER,CwASo
DrugEx_GT_1_4,sim,csk,300684,906241,27/35,0.7714285714285715,0.02565579051191854,3.575207919306233e-05,0.3071450908596215,0.3317925364224307,0.007546557703745471,6839
