name,type_cluster,scaffold,USo,SSo,TUPOR_,TUPOR,TUPOR_unique,TUPOR_set,SESY,ASER,CwASo
DrugEx_GT_1_0,sim,csk,348249,919183,35/38,0.9210526315789473,0.026448105567537808,0.010020340145313255,0.3788679729716498,0.016947658953657758,15578
