name,type_cluster,scaffold,USo,SSo,TUPOR_,TUPOR,TUPOR_unique,TUPOR_set,SESY,ASER,CwASo
DrugEx_GT_1_1,sim,csk,264794,923547,32/38,0.8421052631578947,0.031802278871798255,0.00911816359273426,0.286714157481969,0.02653140554839115,24503
