name,type_cluster,scaffold,SSo,TUPOR_,TUPOR,SESY,ASER
GB_GA_mut_r_0.01_0,dis,murcko,973311,15/92,0.16304347826086957,0.2318416210234961,0.003067878612283227
