name,type_cluster,scaffold,USo,SSo,TUPOR_,TUPOR,SESY,ASER,ACR,CwASo
GB_GA_mut_r_0.01_2,dis,murcko,420737,999958,4/64,0.0625,0.4207546716962112,0.0003201158819492656,9.507217166231315e-06,320
