name,type_cluster,scaffold,SSo,TUPOR_,TUPOR,SESY,ASER
GB_GA_mut_r_0.01_4,dis,murcko,961926,30/98,0.30612244897959184,0.23102608724579646,0.005287309002979439
