name,type_cluster,scaffold,SSo,TUPOR_,TUPOR,SESY,ASER
GB_GA_mut_r_0.01_1,dis,murcko,969287,14/34,0.4117647058823529,0.2366533338422985,0.0002579215443929404
