name,type_cluster,scaffold,USo,SSo,TUPOR_,TUPOR,SESY,ASER,ACR,CwASo
GB_GA_mut_r_0.01_1,dis,murcko,376827,999879,5/34,0.14705882352941177,0.37687260158479174,3.6005652887503336e-05,1.3268864344438488e-05,36
