name,type_cluster,scaffold,USo,SSo,TUPOR_,TUPOR,SESY,ASER,ACR,CwASo
GB_GA_mut_r_0.01_4,dis,murcko,415316,999952,12/98,0.12244897959183673,0.415335936124934,0.0005813656790120986,2.889449656155491e-05,581
