name,type_cluster,scaffold,SSo,TUPOR_,TUPOR,SESY,ASER
GB_GA_mut_r_0.01_4,dis,murcko,999952,12/98,0.12244897959183673,0.415335936124934,0.0005810278893386882
