name,type_cluster,scaffold,SSo,TUPOR_,TUPOR,SESY,ASER
GB_GA_mut_r_0.01_2,dis,murcko,974337,11/64,0.171875,0.26906501549258627,0.0011228147961126387
