name,type_cluster,scaffold,SSo,TUPOR_,TUPOR,SESY,ASER
GB_GA_mut_r_0.01_3,dis,murcko,970872,27/76,0.35526315789473684,0.2500072100132664,0.02222332089091044
