name,type_cluster,scaffold,USo,SSo,TUPOR_,TUPOR,TUPOR_unique,TUPOR_1,TUPOR_2,SESY,ASER,CwASo
addcarbon_0,dis,murcko,2334.0,1000000.0,0/92,0.0,0.0,0.0,0.0,0.002334,0.0,0.0
addcarbon_1,dis,murcko,3309.0,1000000.0,1/34,0.0294118,0.0888841,1.9e-06,0.0001803,0.003309,0.000687,687.0
addcarbon_2,dis,murcko,2884.0,1000000.0,0/64,0.0,0.0,0.0,0.0,0.002884,0.0,0.0
addcarbon_3,dis,murcko,3202.0,1000000.0,2/76,0.0263158,0.0821855,6e-06,0.0002539,0.003202,9.2e-05,92.0
addcarbon_4,dis,murcko,3116.0,1000000.0,2/98,0.0204082,0.0654947,6.2e-06,0.0001973,0.003116,0.002841,2841.0
addcarbon_mean,dis,murcko,2969.0,1000000.0,-,0.0152271,0.0473129,2.8e-06,0.0001263,0.002969,0.000724,724.0
