name,type_cluster,scaffold,USo,SSo,TUPOR_,TUPOR,TUPOR_unique,TUPOR_set,SESY,ASER,CwASo
addcarbon_4,dis,murcko,3116,1000000,2/98,0.02040816326530612,0.06549474732126484,0.00020408163265306123,0.003116,0.002841,2841
