name,type_cluster,scaffold,USo,SSo,TUPOR_,TUPOR,TUPOR_unique,TUPOR_1,TUPOR_2,SESY,ASER,CwASo
addcarbon_4,dis,murcko,3116,1000000,2/98,0.02040816326530612,0.06549474732126484,6.204081632653061e-06,0.00019726447313619326,0.003116,0.002841,2841
