name,type_cluster,scaffold,USo,SSo,TUPOR_,TUPOR,TUPOR_unique,TUPOR_set,SESY,ASER,CwASo
addcarbon_1,dis,murcko,3309,1000000,1/34,0.029411764705882353,0.08888414840097417,0.0002941176470588235,0.003309,0.000687,687
