name,type_cluster,scaffold,USo,SSo,TUPOR_,TUPOR,TUPOR_unique,TUPOR_1,TUPOR_2,SESY,ASER,CwASo
addcarbon_1,dis,murcko,3309,1000000,1/34,0.029411764705882353,0.08888414840097417,1.8529411764705882e-06,0.0001803347750865052,0.003309,0.000687,687
