name,type_cluster,scaffold,USo,SSo,TUPOR_,TUPOR,SESY,ASER,ACR,CwASo
addcarbon_1,dis,murcko,3309,1000000,1/34,0.029411764705882353,0.003309,0.0006874722934656109,0.0003022974607013301,687
