name,type_cluster,scaffold,USo,SSo,TUPOR_,TUPOR,TUPOR_unique,TUPOR_1,TUPOR_2,SESY,ASER,CwASo
addcarbon_3,dis,murcko,3202,1000000,2/76,0.02631578947368421,0.082185476182649,6.026315789473684e-06,0.0002538981994459834,0.003202,9.2e-05,92
