name,type_cluster,scaffold,SSo,TUPOR_,TUPOR,SESY,ASER
Molpher_250k_2,sim,csk,250091,33/42,0.7857142857142857,0.16627547572683543,0.007425297191822177
