name,type_cluster,scaffold,USo,SSo,TUPOR_,TUPOR,SESY,ASER,CwASo
Molpher_250k_0,sim,csk,46700,250060,39/46,0.8478260869565217,0.1867551787570983,0.0289815115814943,7043
