name,type_cluster,scaffold,SSo,TUPOR_,TUPOR,SESY,ASER
Molpher_250k_0,sim,csk,250060,39/46,0.8478260869565217,0.1867551787570983,0.0289815115814943
