name,type_cluster,scaffold,USo,SSo,TUPOR_,TUPOR,SESY,ASER,CwASo
Molpher_250k_2,sim,csk,41584,250091,33/42,0.7857142857142857,0.16627547572683543,0.007480844686868036,1857
