name,type_cluster,scaffold,SSo,TUPOR_,TUPOR,SESY,ASER
Molpher_250k_1,sim,csk,250085,33/44,0.75,0.17650798728432332,0.008565087870124157
