name,type_cluster,scaffold,USo,SSo,TUPOR_,TUPOR,SESY,ASER,CwASo
Molpher_250k_3,sim,csk,43473,250357,28/42,0.6666666666666666,0.17364403631614056,0.012345129880632744,3053
