name,type_cluster,scaffold,SSo,TUPOR_,TUPOR,SESY,ASER
Molpher_250k_4,sim,csk,250249,24/42,0.5714285714285714,0.1701385420121559,0.00406039231735256
