name,type_cluster,scaffold,USo,SSo,TUPOR_,TUPOR,SESY,ASER,CwASo
Molpher_250k_1,sim,csk,44142,250085,33/44,0.75,0.17650798728432332,0.008639082369738206,2142
