name,type_cluster,scaffold,SSo,TUPOR_,TUPOR,SESY,ASER
Molpher_250k_3,sim,csk,250357,28/42,0.6666666666666666,0.17364403631614056,0.012345129880632744
