name,type_cluster,scaffold,USo,SSo,TUPOR_,TUPOR,SESY,ASER,ACR,CwASo
addcarbon_0,sim,murcko,"3,952.0","1,000,000.0",8/172,0.0465116,0.003952,0.0037802,0.0020284,"3,766.0"
addcarbon_1,sim,murcko,"5,090.0","1,000,000.0",7/93,0.0752688,0.00509,0.0011032,0.0013771,"1,102.0"
addcarbon_2,sim,murcko,"5,595.0","1,000,000.0",11/65,0.1692308,0.005595,0.0016909,0.0019699,"1,688.0"
addcarbon_3,sim,murcko,"5,426.0","1,000,000.0",8/57,0.1403509,0.005426,0.0010301,0.0014766,"1,029.0"
addcarbon_4,sim,murcko,"5,691.0","1,000,000.0",8/50,0.16,0.005691,0.0008447,0.0014077,844.0
addcarbon_mean,sim,murcko,"5,150.8","1,000,000.0",-,0.1182724,0.0051508,0.0016898,0.0016519,"1,685.8"
