name,type_cluster,scaffold,USo,SSo,TUPOR_,TUPOR,SESY,ASER,ACR,CwASo
addcarbon_2,sim,murcko,5595,1000000,11/65,0.16923076923076924,0.005595,0.0016908541618251608,0.001969914040114613,1688
