name,type_cluster,scaffold,USo,SSo,TUPOR_,TUPOR,SESY,ASER,ACR,CwASo
addcarbon_4,sim,murcko,5691,1000000,8/50,0.16,0.005691,0.0008447129377194352,0.0014077071969030442,844
