name,type_cluster,scaffold,USo,SSo,TUPOR_,TUPOR,SESY,ASER,ACR,CwASo
addcarbon_1,sim,murcko,5090,1000000,7/93,0.07526881720430108,0.00509,0.001103215743749612,0.0013771394845563643,1102
