name,type_cluster,scaffold,USo,SSo,TUPOR_,TUPOR,SESY,ASER,ACR,CwASo
addcarbon_0,sim,murcko,3952,1000000,8/172,0.046511627906976744,0.003952,0.0037802363701700606,0.002028397565922921,3766
