name,type_cluster,scaffold,SSo,TUPOR_,TUPOR,SESY,ASER
REINVENT_250k_2,dis,csk,248023,32/45,0.7111111111111111,0.17540308761687423,0.012591574168524694
