name,type_cluster,scaffold,USo,SSo,TUPOR_,TUPOR,SESY,ASER,CwASo
REINVENT_250k_4,dis,csk,41721,247549,21/41,0.5121951219512195,0.16853633018109546,0.007267163893669918,1786
