name,type_cluster,scaffold,SSo,TUPOR_,TUPOR,SESY,ASER
REINVENT_250k_0,dis,csk,247952,28/42,0.6666666666666666,0.19762292701813255,0.0028879055808573115
