name,type_cluster,scaffold,SSo,TUPOR_,TUPOR,SESY,ASER
REINVENT_250k_4,dis,csk,247549,21/41,0.5121951219512195,0.16853633018109546,0.007214733244731346
