name,type_cluster,scaffold,USo,SSo,TUPOR_,TUPOR,SESY,ASER,CwASo
REINVENT_250k_3,dis,csk,38747,242779,16/47,0.3404255319148936,0.1595978235349845,0.001666838576585869,404
