name,type_cluster,scaffold,USo,SSo,TUPOR_,TUPOR,SESY,ASER,CwASo
REINVENT_250k_2,dis,csk,43504,248023,32/45,0.7111111111111111,0.17540308761687423,0.012752143732135566,3123
