name,type_cluster,scaffold,USo,SSo,TUPOR_,TUPOR,SESY,ASER,CwASo
REINVENT_250k_1,dis,csk,38769,247766,11/41,0.2682926829268293,0.1564742539331466,0.001151603557444814,285
