name,type_cluster,scaffold,USo,SSo,TUPOR_,TUPOR,SESY,ASER,ACR,CwASo
DrugEx_RNN_epsilon_0.1_10k_0,dis,csk,3051.0,9996.0,5/40,0.125,0.3052221,0.0020048,0.0016415,20.0
DrugEx_RNN_epsilon_0.1_10k_1,dis,csk,3415.0,9994.0,3/23,0.1304348,0.341705,0.0022062,0.0008792,22.0
DrugEx_RNN_epsilon_0.1_10k_2,dis,csk,3518.0,9998.0,0/40,0.0,0.3518704,0.0,0.0,0.0
DrugEx_RNN_epsilon_0.1_10k_3,dis,csk,2971.0,9996.0,1/37,0.027027,0.2972189,0.0013022,0.0003367,13.0
DrugEx_RNN_epsilon_0.1_10k_4,dis,csk,4366.0,9990.0,14/43,0.3255814,0.437037,0.0178299,0.0032169,175.0
DrugEx_RNN_epsilon_0.1_10k_mean,dis,csk,3464.2,9994.8,-,0.1216086,0.3466107,0.0046686,0.0012149,46.0
