name,type_cluster,scaffold,USo,SSo,TUPOR_,TUPOR,SESY,ASER,CwASo
DrugEx_RNN_epsilon_0.6_62.5k_0,sim,csk,"14,232.0","62,182.0",24/38,0.6315789,0.2288765,0.0185088,"1,130.0"
DrugEx_RNN_epsilon_0.6_62.5k_1,sim,csk,"13,208.0","62,053.0",28/38,0.7368421,0.2128503,0.0436794,"2,597.0"
DrugEx_RNN_epsilon_0.6_62.5k_2,sim,csk,"11,403.0","61,960.0",26/37,0.7027027,0.1840381,0.0391789,"2,336.0"
DrugEx_RNN_epsilon_0.6_62.5k_3,sim,csk,"11,061.0","61,831.0",23/35,0.6571429,0.1788908,0.0260874,"1,572.0"
DrugEx_RNN_epsilon_0.6_62.5k_4,sim,csk,"12,510.0","61,867.0",19/35,0.5428571,0.202208,0.0045627,281.0
DrugEx_RNN_epsilon_0.6_62.5k_mean,sim,csk,"12,482.8","61,978.6",-,0.6542248,0.2013727,0.0264034,"1,583.2"
