name,type_cluster,scaffold,SSo,TUPOR_,TUPOR,SESY,ASER
DrugEx_RNN_epsilon_0.6_62.5k_0,sim,csk,62182,24/38,0.631578947368421,0.22887652375285453,0.018172461484030747
