name,type_cluster,scaffold,SSo,TUPOR_,TUPOR,SESY,ASER
DrugEx_RNN_epsilon_0.6_62.5k_1,sim,csk,62053,28/38,0.7368421052631579,0.21285030538410712,0.04185132064525486
