name,type_cluster,scaffold,USo,SSo,TUPOR_,TUPOR,SESY,ASER,CwASo
DrugEx_RNN_epsilon_0.6_62.5k_0,sim,csk,14232,62182,24/38,0.631578947368421,0.22887652375285453,0.018508812160125794,1130
