name,type_cluster,scaffold,USo,SSo,TUPOR_,TUPOR,SESY,ASER,CwASo
DrugEx_RNN_epsilon_0.6_62.5k_3,sim,csk,11061,61831,23/35,0.6571428571428571,0.17889084763306431,0.02608738943560298,1572
