name,type_cluster,scaffold,SSo,TUPOR_,TUPOR,SESY,ASER
DrugEx_RNN_epsilon_0.6_62.5k_2,sim,csk,61960,26/37,0.7027027027027027,0.18403808908973532,0.037701743060038734
