name,type_cluster,scaffold,SSo,TUPOR_,TUPOR,SESY,ASER
DrugEx_RNN_epsilon_0.6_62.5k_3,sim,csk,61831,23/35,0.6571428571428571,0.17889084763306431,0.02542413999450114
