name,type_cluster,scaffold,USo,SSo,TUPOR_,TUPOR,SESY,ASER,ACR,CwASo
GB_GA_mut_r_0.5_1,dis,murcko,320465,999966,3/34,0.08823529411764706,0.3204758961804701,1.900100705337383e-05,9.36148435695964e-06,19
