name,type_cluster,scaffold,USo,SSo,TUPOR_,TUPOR,SESY,ASER,ACR,CwASo
GB_GA_mut_r_0.5_4,dis,murcko,301103,999994,8/98,0.08163265306122448,0.30110480662883976,0.00023905856934949062,2.6569687307992494e-05,239
