name,type_cluster,scaffold,USo,SSo,TUPOR_,TUPOR,SESY,ASER,ACR,CwASo
GB_GA_mut_r_0.5_3,dis,murcko,340875,999977,12/76,0.15789473684210525,0.340882840305327,0.0010942211508042977,3.520475968350921e-05,1093
