name,type_cluster,scaffold,SSo,TUPOR_,TUPOR,SESY,ASER
GB_GA_mut_r_0.5_1,dis,murcko,952770,16/34,0.47058823529411764,0.22737911563126462,0.0003169705175435834
