name,type_cluster,scaffold,SSo,TUPOR_,TUPOR,SESY,ASER
GB_GA_mut_r_0.5_0,dis,murcko,954298,15/92,0.16304347826086957,0.22501252229387467,0.004541558297303358
