name,type_cluster,scaffold,SSo,TUPOR_,TUPOR,SESY,ASER
GB_GA_mut_r_0.5_2,dis,murcko,954612,11/64,0.171875,0.25569341261161604,0.0006620490838162521
