name,type_cluster,scaffold,USo,SSo,TUPOR_,TUPOR,SESY,ASER,ACR,CwASo
GB_GA_mut_r_0.5_2,dis,murcko,384417,999971,8/64,0.125,0.38442814841630407,0.0002020466727814125,2.0811167272358346e-05,202
