name,type_cluster,scaffold,USo,SSo,TUPOR_,TUPOR,SESY,ASER,ACR,CwASo
GB_GA_mut_r_0.5_0,dis,murcko,317701,999959,2/92,0.021739130434782608,0.3177140262750773,8.601092338727018e-05,6.295266903578544e-06,86
