name,type_cluster,scaffold,SSo,TUPOR_,TUPOR,SESY,ASER
GB_GA_mut_r_0.5_4,dis,murcko,948309,27/98,0.2755102040816326,0.225140750535954,0.0032795217592577947
