name,type_cluster,scaffold,USo,SSo,TUPOR_,TUPOR,SESY,ASER,ASR,CwASo
DrugEx_GT_epsilon_0.1_100k_0,dis,murcko,"62,941.0","99,972.0",4/92,0.0434783,0.6295863,0.0003803,6.36e-05,38.0
DrugEx_GT_epsilon_0.1_100k_1,dis,murcko,"61,857.0","99,891.0",3/34,0.0882353,0.619245,0.0001001,4.85e-05,10.0
DrugEx_GT_epsilon_0.1_100k_2,dis,murcko,"62,213.0","99,952.0",2/64,0.03125,0.6224288,5e-05,3.21e-05,5.0
DrugEx_GT_epsilon_0.1_100k_3,dis,murcko,"59,045.0","99,970.0",14/76,0.1842105,0.5906272,0.0043098,0.0002372,429.0
DrugEx_GT_epsilon_0.1_100k_4,dis,murcko,"69,001.0","99,819.0",7/98,0.0714286,0.6912612,0.0005012,0.0001015,50.0
DrugEx_GT_epsilon_0.1_100k_mean,dis,murcko,"63,011.4","99,920.8",-,0.0837205,0.6306297,0.0010683,9.66e-05,106.4
