name,type_cluster,scaffold,USo,SSo,TUPOR_,TUPOR,SESY,ASER,ASR,CwASo
REINVENT_100k_0,sim,csk,"29,646.0","99,386.0",23/38,0.6052632,0.2982915,0.0094151,0.0007764,927.0
REINVENT_100k_1,sim,csk,"31,195.0","99,454.0",15/38,0.3947368,0.3136626,0.020952,0.0004811,"2,041.0"
REINVENT_100k_2,sim,csk,"29,992.0","99,451.0",10/37,0.2702703,0.3015757,0.018016,0.0003335,"1,760.0"
REINVENT_100k_3,sim,csk,"32,129.0","99,435.0",16/35,0.4571429,0.3231156,0.0108881,0.0004982,"1,071.0"
REINVENT_100k_4,sim,csk,"30,035.0","99,372.0",12/35,0.3428571,0.3022481,0.0029066,0.0003997,288.0
REINVENT_100k_mean,sim,csk,"30,599.4","99,419.6",-,0.4140541,0.3077787,0.0124356,0.0004978,"1,217.4"
