name,type_cluster,scaffold,USo,SSo,TUPOR_,TUPOR,SESY,ASER,ASR,CwASo
REINVENT_100k_1,sim,csk,31195,99454,15/38,0.39473684210526316,0.3136625977839001,0.020952028989970537,0.0004810776138550353,2041
