name,type_cluster,scaffold,USo,SSo,TUPOR_,TUPOR,SESY,ASER,ASR,CwASo
REINVENT_100k_2,sim,csk,29992,99451,10/37,0.2702702702702703,0.30157565032025824,0.018015989190406485,0.00033353345340537656,1760
