name,type_cluster,scaffold,USo,SSo,TUPOR_,TUPOR,SESY,ASER,ASR,CwASo
REINVENT_100k_3,sim,csk,32129,99435,16/35,0.45714285714285713,0.3231156031578418,0.010888129803586678,0.0004982405879238938,1071
