name,type_cluster,scaffold,USo,SSo,TUPOR_,TUPOR,SESY,ASER,ASR,CwASo
REINVENT_100k_4,sim,csk,30035,99372,12/35,0.34285714285714286,0.3022481181821841,0.0029066246820879252,0.0003996935682643307,288
