name,type_cluster,scaffold,USo,SSo,TUPOR_,TUPOR,SESY,ASER,ASR,CwASo
REINVENT_100k_0,sim,csk,29646,99386,23/38,0.6052631578947368,0.29829150987060554,0.009415086482698383,0.0007764237248084259,927
