name,type_cluster,scaffold,USo,SSo,TUPOR_,TUPOR,SESY,ASER,ACR,CwASo
GB_GA_mut_r_0.5_10k_1,dis,csk,955,8457,6/41,0.14634146341463414,0.11292420480075677,0.005708169818052087,0.006322444678609062,48
