name,type_cluster,scaffold,USo,SSo,TUPOR_,TUPOR,SESY,ASER,ACR,CwASo
GB_GA_mut_r_0.5_10k_0,dis,csk,998,8539,10/42,0.23809523809523808,0.1168755123550767,0.060745341614906835,0.010121457489878543,489
