name,type_cluster,scaffold,USo,SSo,TUPOR_,TUPOR,SESY,ASER,ASR,CwASo
addcarbon_1k_3,sim,csk,303,1000,2/35,0.05714285714285714,0.303,0.02459016393442623,0.006644518272425249,24
