name,type_cluster,scaffold,USo,SSo,TUPOR_,TUPOR,SESY,ASER,ACR,CwASo
DrugEx_RNN_epsilon_0.1_100k_0,sim,csk,"19,866.0","99,955.0",16/38,0.4210526,0.1987494,0.0231123,0.000806,"2,258.0"
DrugEx_RNN_epsilon_0.1_100k_1,sim,csk,"21,171.0","99,945.0",12/38,0.3157895,0.2118265,0.0241735,0.0005671,"2,359.0"
DrugEx_RNN_epsilon_0.1_100k_2,sim,csk,"13,472.0","99,785.0",5/37,0.1351351,0.1350103,0.0326824,0.0003713,"3,158.0"
DrugEx_RNN_epsilon_0.1_100k_3,sim,csk,"21,783.0","99,938.0",10/35,0.2857143,0.2179651,0.0216207,0.0004593,"2,115.0"
DrugEx_RNN_epsilon_0.1_100k_4,sim,csk,"19,413.0","99,942.0",10/35,0.2857143,0.1942427,0.0022865,0.0005154,228.0
DrugEx_RNN_epsilon_0.1_100k_mean,sim,csk,"19,141.0","99,913.0",-,0.2886812,0.1915588,0.0207751,0.0005438,"2,023.6"
