name,type_cluster,scaffold,USo,SSo,TUPOR_,TUPOR,SESY,ASER,ACR,CwASo
DrugEx_RNN_epsilon_0.6_100k_0,sim,murcko,64017.0,99551.0,39/115,0.3391304,0.6430573,0.0050581,0.0006096,501.0
DrugEx_RNN_epsilon_0.6_100k_1,sim,murcko,57208.0,99334.0,38/100,0.38,0.5759156,0.0072603,0.0006647,716.0
DrugEx_RNN_epsilon_0.6_100k_2,sim,murcko,53702.0,99204.0,22/58,0.3793103,0.541329,0.0009989,0.0004098,99.0
DrugEx_RNN_epsilon_0.6_100k_3,sim,murcko,53145.0,99136.0,18/51,0.3529412,0.5360817,0.0046821,0.0003388,462.0
DrugEx_RNN_epsilon_0.6_100k_4,sim,murcko,55952.0,99072.0,9/40,0.225,0.564761,0.0001817,0.0001609,18.0
DrugEx_RNN_epsilon_0.6_100k_mean,sim,murcko,56804.8,99259.4,-,0.3352764,0.5722289,0.0036362,0.0004368,359.2
