name,type_cluster,scaffold,USo,SSo,TUPOR_,TUPOR,SESY,ASER,ASR,CwASo
DrugEx_RNN_epsilon_0.6_100k_1,sim,murcko,57208,99334,38/100,0.38,0.5759155978818934,0.0072603378693544786,0.0006646842749693895,716
