name,type_cluster,scaffold,USo,SSo,TUPOR_,TUPOR,SESY,ASER,ASR,CwASo
DrugEx_RNN_epsilon_0.6_100k_3,sim,murcko,53145,99136,18/51,0.35294117647058826,0.5360817462879277,0.004682084439670025,0.000338810774182619,462
