name,type_cluster,scaffold,SSo,TUPOR_,TUPOR,SESY,ASER
DrugEx_RNN_epsilon_0.6_250k_4,sim,csk,247468,26/35,0.7428571428571429,0.1408666979164983,0.004392487109444453
