name,type_cluster,scaffold,USo,SSo,TUPOR_,TUPOR,SESY,ASER,CwASo
DrugEx_RNN_epsilon_0.6_250k_2,sim,csk,31347,247819,27/37,0.7297297297297297,0.12649151195025402,0.039051592209806925,9314
