name,type_cluster,scaffold,SSo,TUPOR_,TUPOR,SESY,ASER
DrugEx_RNN_epsilon_0.6_250k_1,sim,csk,248216,29/38,0.7631578947368421,0.14698085538402036,0.042164888645373384
