name,type_cluster,scaffold,USo,SSo,TUPOR_,TUPOR,SESY,ASER,CwASo
DrugEx_RNN_epsilon_0.6_250k_4,sim,csk,34860,247468,26/35,0.7428571428571429,0.1408666979164983,0.004411866174745618,1087
