name,type_cluster,scaffold,USo,SSo,TUPOR_,TUPOR,SESY,ASER,CwASo
DrugEx_RNN_epsilon_0.6_250k_1,sim,csk,36483,248216,29/38,0.7631578947368421,0.14698085538402036,0.044021030494216615,10466
