name,type_cluster,scaffold,SSo,TUPOR_,TUPOR,SESY,ASER
DrugEx_RNN_epsilon_0.6_250k_2,sim,csk,247819,27/37,0.7297297297297297,0.12649151195025402,0.03758388178468963
