name,type_cluster,scaffold,SSo,TUPOR_,TUPOR,SESY,ASER
REINVENT_62.5k_4,dis,murcko,61757,1/98,0.01020408163265306,0.7436403970400116,9.715497838301731e-05
