name,type_cluster,scaffold,USo,SSo,TUPOR_,TUPOR,SESY,ASER,CwASo
REINVENT_62.5k_4,dis,murcko,45925,61757,1/98,0.01020408163265306,0.7436403970400116,9.716441838998559e-05,6
