name,type_cluster,scaffold,SSo,TUPOR_,TUPOR,SESY,ASER
REINVENT_62.5k_3,dis,murcko,60682,14/76,0.18421052631578946,0.748327345835668,0.0029333245443459344
