name,type_cluster,scaffold,USo,SSo,TUPOR_,TUPOR,SESY,ASER,CwASo
DrugEx_GT_epsilon_0.6_62.5k_0,dis,murcko,"45,962.0","62,490.0",6/92,0.0652174,0.7355097,0.0009771,61.0
DrugEx_GT_epsilon_0.6_62.5k_1,dis,murcko,"46,004.0","62,419.0",8/34,0.2352941,0.7370192,0.0004007,25.0
DrugEx_GT_epsilon_0.6_62.5k_2,dis,murcko,"46,899.0","62,477.0",4/64,0.0625,0.7506602,0.0004804,30.0
DrugEx_GT_epsilon_0.6_62.5k_3,dis,murcko,"47,964.0","62,453.0",20/76,0.2631579,0.7680015,0.004552,283.0
DrugEx_GT_epsilon_0.6_62.5k_4,dis,murcko,"48,858.0","62,485.0",13/98,0.1326531,0.7819157,0.0024546,153.0
DrugEx_GT_epsilon_0.6_62.5k_mean,dis,murcko,"47,137.4","62,464.8",-,0.1517645,0.7546213,0.001773,110.4
