name,type_cluster,scaffold,USo,SSo,TUPOR_,TUPOR,SESY,ASER,CwASo
DrugEx_GT_epsilon_0.6_62.5k_4,dis,murcko,48858,62485,13/98,0.1326530612244898,0.781915659758342,0.002454597959314638,153
