name,type_cluster,scaffold,USo,SSo,TUPOR_,TUPOR,SESY,ASER,CwASo
DrugEx_GT_epsilon_0.6_62.5k_3,dis,murcko,47964,62453,20/76,0.2631578947368421,0.7680015371559412,0.004552034743445392,283
