name,type_cluster,scaffold,USo,SSo,TUPOR_,TUPOR,SESY,ASER,CwASo
DrugEx_GT_epsilon_0.6_62.5k_0,dis,murcko,45962,62490,6/92,0.06521739130434782,0.7355096815490478,0.0009771099969565426,61
