name,type_cluster,scaffold,SSo,TUPOR_,TUPOR,SESY,ASER
DrugEx_GT_epsilon_0.6_62.5k_3,dis,murcko,62453,20/76,0.2631578947368421,0.7680015371559412,0.004531407618529134
