name,type_cluster,scaffold,SSo,TUPOR_,TUPOR,SESY,ASER
DrugEx_GT_epsilon_0.6_62.5k_4,dis,murcko,62485,13/98,0.1326530612244898,0.781915659758342,0.002448587661038649
