name,type_cluster,scaffold,SSo,TUPOR_,TUPOR,SESY,ASER
DrugEx_GT_epsilon_0.6_62.5k_1,dis,murcko,62419,8/34,0.23529411764705882,0.7370191768532017,0.00040051907271824284
