name,type_cluster,scaffold,SSo,TUPOR_,TUPOR,SESY,ASER
DrugEx_RNN_epsilon_0.1_500k_0,dis,murcko,495370.0,22/106,0.2075472,0.5065002,0.020954
DrugEx_RNN_epsilon_0.1_500k_1,dis,murcko,493434.0,2/96,0.0208333,0.4294495,8.1e-06
DrugEx_RNN_epsilon_0.1_500k_2,dis,murcko,485268.0,7/102,0.0686275,0.4048608,4.12e-05
DrugEx_RNN_epsilon_0.1_500k_3,dis,murcko,498409.0,10/62,0.1612903,0.4817911,0.0441846
DrugEx_RNN_epsilon_0.1_500k_4,dis,murcko,494533.0,7/71,0.0985915,0.4291342,0.0079934
DrugEx_RNN_epsilon_0.1_500k_mean,dis,murcko,493402.8,-,0.111378,0.4503472,0.0146363
