name,type_cluster,scaffold,USo,SSo,TUPOR_,TUPOR,SESY,ASER,ACR,CwASo
DrugEx_RNN_epsilon_0.1_500k_0,dis,murcko,250936.0,495464.0,22/106,0.2075472,0.5064667,0.0214047,8.77e-05,10383.0
DrugEx_RNN_epsilon_0.1_500k_1,dis,murcko,211934.0,493538.0,2/96,0.0208333,0.4294178,8.1e-06,9.4e-06,4.0
DrugEx_RNN_epsilon_0.1_500k_2,dis,murcko,196534.0,485506.0,7/102,0.0686275,0.4048024,4.12e-05,3.56e-05,20.0
DrugEx_RNN_epsilon_0.1_500k_3,dis,murcko,240136.0,498427.0,10/62,0.1612903,0.4817877,0.046232,4.16e-05,22025.0
DrugEx_RNN_epsilon_0.1_500k_4,dis,murcko,212237.0,494597.0,7/71,0.0985915,0.429111,0.0080609,3.3e-05,3955.0
DrugEx_RNN_epsilon_0.1_500k_mean,dis,murcko,222355.4,493506.4,-,0.111378,0.4503171,0.0151494,4.15e-05,7277.4
