name,type_cluster,scaffold,SSo,TUPOR_,TUPOR,SESY,ASER
DrugEx_RNN_epsilon_0.1_500k_3,dis,murcko,498409,10/62,0.16129032258064516,0.481791059150216,0.04418459538250714
