name,type_cluster,scaffold,USo,SSo,TUPOR_,TUPOR,SESY,ASER,ACR,CwASo
DrugEx_RNN_epsilon_0.1_500k_1,dis,murcko,211934,493538,2/96,0.020833333333333332,0.4294177955902079,8.104811421300255e-06,9.436989222958307e-06,4
