name,type_cluster,scaffold,SSo,TUPOR_,TUPOR,SESY,ASER
DrugEx_RNN_epsilon_0.1_500k_2,dis,murcko,485268,7/102,0.06862745098039216,0.4048608191762078,4.12143392929268e-05
