name,type_cluster,scaffold,USo,SSo,TUPOR_,TUPOR,SESY,ASER,ACR,CwASo
DrugEx_RNN_epsilon_0.1_500k_0,dis,murcko,250936,495464,22/106,0.20754716981132076,0.5064666655902346,0.021404672621685862,8.767944395290817e-05,10383
