name,type_cluster,scaffold,USo,SSo,TUPOR_,TUPOR,SESY,ASER,ACR,CwASo
DrugEx_RNN_epsilon_0.1_500k_2,dis,murcko,196534,485506,7/102,0.06862745098039216,0.4048024123285809,4.1195832629571194e-05,3.561851552204023e-05,20
