name,type_cluster,scaffold,SSo,TUPOR_,TUPOR,SESY,ASER
DrugEx_RNN_epsilon_0.1_500k_1,dis,murcko,493434,2/96,0.020833333333333332,0.42944953124430013,8.106453953314932e-06
