name,type_cluster,scaffold,USo,SSo,TUPOR_,TUPOR,SESY,ASER,ACR,CwASo
DrugEx_RNN_epsilon_0.1_500k_4,dis,murcko,212237,494597,7/71,0.09859154929577464,0.4291109731761414,0.008060867190334296,3.298308438957734e-05,3955
