name,type_cluster,scaffold,USo,SSo,TUPOR_,TUPOR,SESY,ASER,ACR,CwASo
DrugEx_RNN_epsilon_0.1_500k_3,dis,murcko,240136,498427,10/62,0.16129032258064516,0.48178770411715255,0.046231963761697054,4.164480314501554e-05,22025
