name,type_cluster,scaffold,SSo,TUPOR_,TUPOR,SESY,ASER
DrugEx_RNN_epsilon_0.1_500k_0,dis,murcko,495370,22/106,0.20754716981132076,0.5065001917758443,0.02095403435815653
