name,type_cluster,scaffold,SSo,TUPOR_,TUPOR,SESY,ASER
DrugEx_RNN_epsilon_0.1_500k_4,dis,murcko,494533,7/71,0.09859154929577464,0.4291341528270105,0.008057809123894167
