name,type_cluster,scaffold,USo,SSo,TUPOR_,TUPOR,SESY,ASER,CwASo
GB_GA_mut_r_0.01_62.5k_3,sim,csk,23170,62498,17/35,0.4857142857142857,0.37073186341962944,0.00860162995239248,533
