name,type_cluster,scaffold,USo,SSo,TUPOR_,TUPOR,SESY,ASER,CwASo
GB_GA_mut_r_0.01_62.5k_2,sim,csk,25119,62500,11/37,0.2972972972972973,0.401904,0.006149586271290125,382
