name,type_cluster,scaffold,SSo,TUPOR_,TUPOR,SESY,ASER
GB_GA_mut_r_0.01_62.5k_4,sim,csk,60610,23/35,0.6571428571428571,0.14697244679095858,0.0059561128526645765
