name,type_cluster,scaffold,SSo,TUPOR_,TUPOR,SESY,ASER
GB_GA_mut_r_0.01_62.5k_4,sim,csk,62494,15/35,0.42857142857142855,0.36897942202451434,0.0024962396390053447
