name,type_cluster,scaffold,USo,SSo,TUPOR_,TUPOR,SESY,ASER,CwASo
GB_GA_mut_r_0.01_62.5k_1,sim,csk,24336,62496,16/38,0.42105263157894735,0.38940092165898615,0.007577467513623319,470
