name,type_cluster,scaffold,SSo,TUPOR_,TUPOR,SESY,ASER
GB_GA_mut_r_0.01_62.5k_3,sim,csk,60581,25/35,0.7142857142857143,0.152902725276902,0.017332166850992887
