name,type_cluster,scaffold,SSo,TUPOR_,TUPOR,SESY,ASER
GB_GA_mut_r_0.01_62.5k_0,sim,csk,61252,28/38,0.7368421052631579,0.18703062757134462,0.029517403513354665
