name,type_cluster,scaffold,USo,SSo,TUPOR_,TUPOR,SESY,ASER,CwASo
GB_GA_mut_r_0.01_62.5k_0,sim,csk,23708,62500,18/38,0.47368421052631576,0.379328,0.006895218455986596,428
