name,type_cluster,scaffold,USo,SSo,TUPOR_,TUPOR,SESY,ASER,ASR,CwASo
DrugEx_RNN_epsilon_0.6_1k_3,dis,csk,535,991,5/37,0.13513513513513514,0.5398587285570131,0.01954732510288066,0.009433962264150943,19
