name,type_cluster,scaffold,USo,SSo,TUPOR_,TUPOR,SESY,ASER,ASR,CwASo
DrugEx_RNN_epsilon_0.1_1k_0,sim,murcko,915,1000,2/115,0.017391304347826087,0.915,0.009081735620585268,0.002190580503833516,9
