name,type_cluster,scaffold,USo,SSo,TUPOR_,TUPOR,SESY,ASER,CwASo
GB_GA_mut_r_0.01_62.5k_0,dis,murcko,"17,787.0","54,756.0",7/106,0.0660377,0.3248411,0.0125936,681.0
GB_GA_mut_r_0.01_62.5k_1,dis,murcko,"17,661.0","54,271.0",3/96,0.03125,0.3254224,0.0001843,10.0
GB_GA_mut_r_0.01_62.5k_2,dis,murcko,"18,354.0","55,438.0",1/102,0.0098039,0.3310725,5.41e-05,3.0
GB_GA_mut_r_0.01_62.5k_3,dis,murcko,"37,438.0","62,500.0",3/62,0.0483871,0.599008,0.0006084,38.0
GB_GA_mut_r_0.01_62.5k_4,dis,murcko,"15,283.0","52,976.0",5/71,0.0704225,0.2884891,0.0226237,"1,172.0"
GB_GA_mut_r_0.01_62.5k_mean,dis,murcko,"21,304.6","55,988.2",-,0.0451803,0.3737666,0.0072128,380.8
