name,type_cluster,scaffold,SSo,TUPOR_,TUPOR,SESY,ASER
GB_GA_mut_r_0.01_62.5k_0,dis,murcko,"54,756.0",7/106,0.0660377,0.3248411,0.0125936
GB_GA_mut_r_0.01_62.5k_1,dis,murcko,"54,271.0",3/96,0.03125,0.3254224,0.0001843
GB_GA_mut_r_0.01_62.5k_2,dis,murcko,"55,438.0",1/102,0.0098039,0.3310725,5.41e-05
GB_GA_mut_r_0.01_62.5k_3,dis,murcko,"62,500.0",3/62,0.0483871,0.599008,0.0006084
GB_GA_mut_r_0.01_62.5k_4,dis,murcko,"52,976.0",5/71,0.0704225,0.2884891,0.0226237
GB_GA_mut_r_0.01_62.5k_mean,dis,murcko,"55,988.2",-,0.0451803,0.3737666,0.0072128
