name,type_cluster,scaffold,SSo,TUPOR_,TUPOR,SESY,ASER
GB_GA_mut_r_0.01_62.5k_2,dis,murcko,59457,13/102,0.12745098039215685,0.3494626368636157,0.0016987066283196258
