name,type_cluster,scaffold,SSo,TUPOR_,TUPOR,SESY,ASER
GB_GA_mut_r_0.01_62.5k_3,dis,murcko,60569,10/62,0.16129032258064516,0.4083442024798164,0.05920520398223514
