name,type_cluster,scaffold,SSo,TUPOR_,TUPOR,SESY,ASER
GB_GA_mut_r_0.01_62.5k_4,dis,murcko,59418,15/71,0.2112676056338028,0.36354303409741157,0.00472920663771921
