name,type_cluster,scaffold,SSo,TUPOR_,TUPOR,SESY,ASER
GB_GA_mut_r_0.01_62.5k_1,dis,murcko,59648,8/96,0.08333333333333333,0.3871378755364807,0.0012406115879828325
