name,type_cluster,scaffold,USo,SSo,TUPOR_,TUPOR,SESY,ASER,CwASo
GB_GA_mut_r_0.01_62.5k_0,dis,murcko,17787,54756,7/106,0.0660377358490566,0.32484111330265175,0.01259361997226075,681
