name,type_cluster,scaffold,SSo,TUPOR_,TUPOR,SESY,ASER
GB_GA_mut_r_0.01_62.5k_1,dis,murcko,54271,3/96,0.03125,0.32542241712885334,0.00018426047060124192
