name,type_cluster,scaffold,SSo,TUPOR_,TUPOR,SESY,ASER
GB_GA_mut_r_0.01_62.5k_2,dis,murcko,55438,1/102,0.00980392156862745,0.3310725495147733,5.4117434833588885e-05
