name,type_cluster,scaffold,USo,SSo,TUPOR_,TUPOR,SESY,ASER,CwASo
GB_GA_mut_r_0.01_62.5k_2,dis,murcko,18354,55438,1/102,0.00980392156862745,0.3310725495147733,5.4117434833588885e-05,3
