name,type_cluster,scaffold,USo,SSo,TUPOR_,TUPOR,SESY,ASER,ASR,CwASo
Molpher_500k_0,dis,murcko,"129,848.0","500,152.0",9/92,0.0978261,0.2596171,0.0015439,6.93e-05,771.0
Molpher_500k_1,dis,murcko,"147,806.0","569,738.0",6/34,0.1764706,0.259428,2.63e-05,4.06e-05,15.0
Molpher_500k_2,dis,murcko,"134,123.0","500,123.0",2/64,0.03125,0.26818,4.4e-05,1.49e-05,22.0
Molpher_500k_3,dis,murcko,"134,725.0","500,061.0",11/76,0.1447368,0.2694171,0.0044754,8.17e-05,"2,228.0"
Molpher_500k_4,dis,murcko,"144,090.0","500,052.0",18/98,0.1836735,0.28815,0.0013457,0.0001249,672.0
Molpher_500k_mean,dis,murcko,"138,118.4","514,025.2",-,0.1267914,0.2689585,0.0014871,6.63e-05,741.6
