name,type_cluster,scaffold,USo,SSo,TUPOR_,TUPOR,SESY,ASER,ACR,CwASo
Molpher_500k_1,dis,murcko,147806,569738,6/34,0.17647058823529413,0.25942801779063357,2.632858424181576e-05,4.059539918809202e-05,15
