name,type_cluster,scaffold,SSo,TUPOR_,TUPOR,SESY,ASER
Molpher_500k_4,dis,murcko,500052,18/98,0.1836734693877551,0.28815003239663073,0.0013438602385351924
