name,type_cluster,scaffold,SSo,TUPOR_,TUPOR,SESY,ASER
Molpher_500k_1,dis,murcko,569738,6/34,0.17647058823529413,0.25942801779063357,2.6327891065717927e-05
