name,type_cluster,scaffold,USo,SSo,TUPOR_,TUPOR,SESY,ASER,ASR,CwASo
Molpher_500k_0,dis,murcko,129848,500152,9/92,0.09782608695652174,0.25961707640877174,0.001543911362266486,6.931661519266168e-05,771
