name,type_cluster,scaffold,SSo,TUPOR_,TUPOR,SESY,ASER
Molpher_500k_3,dis,murcko,500061,11/76,0.14473684210526316,0.2694171311100046,0.004455456434315014
