name,type_cluster,scaffold,USo,SSo,TUPOR_,TUPOR,SESY,ASER,ASR,CwASo
Molpher_500k_3,dis,murcko,134725,500061,11/76,0.14473684210526316,0.2694171311100046,0.004475396367858298,8.165446798402542e-05,2228
