name,type_cluster,scaffold,USo,SSo,TUPOR_,TUPOR,SESY,ASER,ACR,CwASo
Molpher_500k_2,dis,murcko,134123,500123,2/64,0.03125,0.26818002771318256,4.399111379501341e-05,1.4911907904056785e-05,22
