name,type_cluster,scaffold,USo,SSo,TUPOR_,TUPOR,SESY,ASER,ASR,CwASo
Molpher_500k_4,dis,murcko,144090,500052,18/98,0.1836734693877551,0.28815003239663073,0.001345668629100084,0.0001249375312343828,672
