name,type_cluster,scaffold,SSo,TUPOR_,TUPOR,SESY,ASER
Molpher_500k_0,dis,murcko,500152,9/92,0.09782608695652174,0.25961707640877174,0.0015415313744621636
