name,type_cluster,scaffold,USo,SSo,TUPOR_,TUPOR,SESY,ASER,CwASo
DrugEx_RNN_epsilon_0.6_125k_0,dis,murcko,78037.0,123636.0,26/106,0.245283,0.6311835,0.0085572,1049.0
DrugEx_RNN_epsilon_0.6_125k_1,dis,murcko,75097.0,123124.0,10/96,0.1041667,0.6099298,0.0007803,96.0
DrugEx_RNN_epsilon_0.6_125k_2,dis,murcko,69694.0,122320.0,29/102,0.2843137,0.5697678,0.00081,99.0
DrugEx_RNN_epsilon_0.6_125k_3,dis,murcko,74822.0,124136.0,8/62,0.1290323,0.6027422,0.0315097,3792.0
DrugEx_RNN_epsilon_0.6_125k_4,dis,murcko,66499.0,121799.0,24/71,0.3380282,0.5459733,0.0069112,836.0
DrugEx_RNN_epsilon_0.6_125k_mean,dis,murcko,72829.8,123003.0,-,0.2201648,0.5919193,0.0097137,1174.4
