name,type_cluster,scaffold,USo,SSo,TUPOR_,TUPOR,SESY,ASER,CwASo
DrugEx_RNN_epsilon_0.6_125k_3,dis,murcko,74822,124136,8/62,0.12903225806451613,0.6027421537668364,0.031509672272817923,3792
