name,type_cluster,scaffold,SSo,TUPOR_,TUPOR,SESY,ASER
DrugEx_RNN_epsilon_0.6_125k_0,dis,murcko,123636,26/106,0.24528301886792453,0.6311834740690414,0.00855718795630858
