name,type_cluster,scaffold,SSo,TUPOR_,TUPOR,SESY,ASER
DrugEx_RNN_epsilon_0.6_125k_2,dis,murcko,122320,29/102,0.28431372549019607,0.5697678221059516,0.0008093525179856115
