name,type_cluster,scaffold,USo,SSo,TUPOR_,TUPOR,SESY,ASER,CwASo
DrugEx_RNN_epsilon_0.6_125k_1,dis,murcko,75097,123124,10/96,0.10416666666666667,0.6099298268412332,0.0007803101732938843,96
