name,type_cluster,scaffold,USo,SSo,TUPOR_,TUPOR,SESY,ASER,CwASo
DrugEx_RNN_epsilon_0.6_125k_4,dis,murcko,66499,121799,24/71,0.3380281690140845,0.5459732838529052,0.006911204252540033,836
