name,type_cluster,scaffold,SSo,TUPOR_,TUPOR,SESY,ASER
DrugEx_RNN_epsilon_0.6_125k_4,dis,murcko,121799,24/71,0.3380281690140845,0.5459732838529052,0.006863767354411777
