name,type_cluster,scaffold,USo,SSo,TUPOR_,TUPOR,SESY,ASER,CwASo
DrugEx_RNN_epsilon_0.6_125k_2,dis,murcko,69694,122320,29/102,0.28431372549019607,0.5697678221059516,0.0008100081000810009,99
