name,type_cluster,scaffold,SSo,TUPOR_,TUPOR,SESY,ASER
GB_GA_log_p_mut_r_0.01_62.5k_1,dis,murcko,62491,1/34,0.029411764705882353,0.6273703413291514,3.200460866364757e-05
