name,type_cluster,scaffold,SSo,TUPOR_,TUPOR,SESY,ASER
Molpher_62.5k_2,dis,csk,62565,29/45,0.6444444444444445,0.20279709102533366,0.0035003596259889714
