name,type_cluster,scaffold,SSo,TUPOR_,TUPOR,SESY,ASER
Molpher_62.5k_1,dis,csk,62701,15/41,0.36585365853658536,0.19655188912457536,0.001933525087887504
