name,type_cluster,scaffold,SSo,TUPOR_,TUPOR,SESY,ASER
Molpher_62.5k_4,dis,csk,62574,16/41,0.3902439024390244,0.1951769105379231,0.003867420973567296
