name,type_cluster,scaffold,SSo,TUPOR_,TUPOR,SESY,ASER
Molpher_62.5k_3,dis,csk,62517,20/47,0.425531914893617,0.21181438648687556,0.005598477214197738
