name,type_cluster,scaffold,SSo,TUPOR_,TUPOR,SESY,ASER
Molpher_62.5k_0,dis,csk,62579,16/42,0.38095238095238093,0.196471659821985,0.007510506719506544
