name,type_cluster,scaffold,USo,SSo,TUPOR_,TUPOR,SESY,ASER,CwASo
Molpher_62.5k_4,dis,csk,12213,62574,16/41,0.3902439024390244,0.1951769105379231,0.0038824359879355706,242
