name,type_cluster,scaffold,USo,SSo,TUPOR_,TUPOR,SESY,ASER,CwASo
Molpher_62.5k_2,dis,csk,12688,62565,29/45,0.6444444444444445,0.20279709102533366,0.0035126551823693583,219
