name,type_cluster,scaffold,SSo,TUPOR_,TUPOR,SESY,ASER
GB_GA_log_p_mut_r_0.5_125k_0,dis,murcko,124997,2/92,0.021739130434782608,0.46610718657247774,8.800211205068922e-05
