name,type_cluster,scaffold,SSo,TUPOR_,TUPOR,SESY,ASER
GB_GA_log_p_mut_r_0.5_125k_4,dis,murcko,124998,3/98,0.030612244897959183,0.4457751324021184,0.00024000384006144098
