name,type_cluster,scaffold,SSo,TUPOR_,TUPOR,SESY,ASER
addcarbon_125k_3,sim,murcko,125000,8/57,0.14035087719298245,0.042456,0.0011453102349087356
