name,type_cluster,scaffold,SSo,TUPOR_,TUPOR,SESY,ASER
addcarbon_125k_2,sim,murcko,125000,11/65,0.16923076923076924,0.043872,0.001771131360244913
