name,type_cluster,scaffold,USo,SSo,TUPOR_,TUPOR,SESY,ASER,CwASo
addcarbon_125k_1,sim,murcko,4986,125000,7/93,0.07526881720430108,0.039888,0.0011132379205676713,139
