name,type_cluster,scaffold,USo,SSo,TUPOR_,TUPOR,TUPOR_unique,TUPOR_1,TUPOR_2,SESY,ASER,CwASo
DrugEx_epsilon_0.01_0,dis,murcko,4906.0,9985.0,2/92,0.0217391,0.0443113,0.0003919,0.0208981,0.491337,0.0010015,10.0
DrugEx_epsilon_0.01_1,dis,murcko,7434.0,9987.0,0/34,0.0,0.0,0.0,0.0,0.7443677,0.0,0.0
DrugEx_epsilon_0.01_2,dis,murcko,6882.0,9998.0,0/64,0.0,0.0,0.0,0.0,0.6883377,0.0,0.0
DrugEx_epsilon_0.01_3,dis,murcko,5430.0,9980.0,0/76,0.0,0.0,0.0,0.0,0.5440882,0.0,0.0
DrugEx_epsilon_0.01_4,dis,murcko,8485.0,9999.0,0/98,0.0,0.0,0.0,0.0,0.8485849,0.0,0.0
DrugEx_epsilon_0.01_mean,dis,murcko,6627.4,9989.8,-,0.0043478,0.0088623,7.84e-05,0.0041796,0.6633431,0.0002003,2.0
