name,type_cluster,scaffold,USo,SSo,TUPOR_,TUPOR,SESY,ASER,CwASo
DrugEx_RNN_epsilon_0.6_125k_3,sim,murcko,64519,123715,18/51,0.35294117647058826,0.5215131552358243,0.004620531726568463,569
