name,type_cluster,scaffold,USo,SSo,TUPOR_,TUPOR,SESY,ASER,CwASo
DrugEx_RNN_epsilon_0.6_125k_0,sim,murcko,78154,124399,40/115,0.34782608695652173,0.6282526386868061,0.0049845696466368295,617
