name,type_cluster,scaffold,SSo,TUPOR_,TUPOR,SESY,ASER
DrugEx_RNN_epsilon_0.6_125k_0,sim,murcko,124399,40/115,0.34782608695652173,0.6282526386868061,0.004959846944107268
