name,type_cluster,scaffold,USo,SSo,TUPOR_,TUPOR,SESY,ASER,CwASo
DrugEx_RNN_epsilon_0.6_125k_2,sim,murcko,65224,123955,22/58,0.3793103448275862,0.5261909563954661,0.0009851978067235713,122
