name,type_cluster,scaffold,SSo,TUPOR_,TUPOR,SESY,ASER
DrugEx_RNN_epsilon_0.6_125k_3,sim,murcko,123715,18/51,0.35294117647058826,0.5215131552358243,0.004599280604615447
