name,type_cluster,scaffold,SSo,TUPOR_,TUPOR,SESY,ASER
Molpher_500k_0,sim,murcko,"500,038.0",75/172,0.4360465,0.342402,0.0152268
Molpher_500k_1,sim,murcko,"499,981.0",33/93,0.3548387,0.3310846,0.0020021
Molpher_500k_2,sim,murcko,"500,070.0",28/65,0.4307692,0.3197572,0.0012718
Molpher_500k_3,sim,murcko,"500,054.0",23/57,0.4035088,0.3287805,0.0028857
Molpher_500k_4,sim,murcko,"500,075.0",13/50,0.26,0.3298345,0.0004199
Molpher_500k_mean,sim,murcko,"500,043.6",-,0.3770326,0.3303718,0.0043613
