name,type_cluster,scaffold,SSo,TUPOR_,TUPOR,SESY,ASER
Molpher_500k_2,sim,murcko,500070,28/65,0.4307692307692308,0.31975723398724176,0.00127182194492771
