name,type_cluster,scaffold,USo,SSo,TUPOR_,TUPOR,SESY,ASER,ACR,CwASo
Molpher_500k_0,sim,murcko,171214,500038,75/172,0.436046511627907,0.34240197744971385,0.01546228453527854,0.00043824026084060325,7614
