name,type_cluster,scaffold,USo,SSo,TUPOR_,TUPOR,SESY,ASER,ACR,CwASo
Molpher_500k_4,sim,murcko,164942,500075,13/50,0.26,0.3298345248212768,0.0004201134306262691,7.882179604557112e-05,210
