name,type_cluster,scaffold,USo,SSo,TUPOR_,TUPOR,SESY,ASER,ACR,CwASo
Molpher_500k_1,sim,murcko,165536,499981,33/93,0.3548387096774194,0.3310845812140861,0.002006092428554251,0.0001993921560334254,1001
