name,type_cluster,scaffold,USo,SSo,TUPOR_,TUPOR,SESY,ASER,ACR,CwASo
Molpher_500k_3,sim,murcko,164408,500054,23/57,0.40350877192982454,0.32878049170689566,0.0028940396421258253,0.00013991544240654562,1443
