name,type_cluster,scaffold,SSo,TUPOR_,TUPOR,SESY,ASER
Molpher_500k_1,sim,murcko,499981,33/93,0.3548387096774194,0.3310845812140861,0.0020020760788909977
