name,type_cluster,scaffold,USo,SSo,TUPOR_,TUPOR,SESY,ASER,ACR,CwASo
Molpher_500k_2,sim,murcko,159901,500070,28/65,0.4307692307692308,0.31975723398724176,0.0012734415358185466,0.00017513901659442182,636
