name,type_cluster,scaffold,SSo,TUPOR_,TUPOR,SESY,ASER
Molpher_500k_0,sim,murcko,500038,75/172,0.436046511627907,0.34240197744971385,0.015226842759950244
