name,type_cluster,scaffold,USo,SSo,TUPOR_,TUPOR,SESY,ASER,CwASo
DrugEx_GT_epsilon_0.1_62.5k_1,dis,murcko,41004,62433,3/34,0.08823529411764706,0.6567680553553409,0.0001441753171856978,9
