name,type_cluster,scaffold,SSo,TUPOR_,TUPOR,SESY,ASER
DrugEx_GT_epsilon_0.1_62.5k_0,dis,murcko,62483,4/92,0.043478260869565216,0.6668053710609285,0.0004321175359697838
