name,type_cluster,scaffold,USo,SSo,TUPOR_,TUPOR,SESY,ASER,CwASo
DrugEx_GT_epsilon_0.1_62.5k_3,dis,murcko,39038,62485,11/76,0.14473684210526316,0.6247579419060575,0.004291362628178341,267
