name,type_cluster,scaffold,SSo,TUPOR_,TUPOR,SESY,ASER
DrugEx_GT_epsilon_0.1_62.5k_4,dis,murcko,62388,7/98,0.07142857142857142,0.7170449445406167,0.0004648329807014169
