name,type_cluster,scaffold,SSo,TUPOR_,TUPOR,SESY,ASER
DrugEx_GT_epsilon_0.1_62.5k_3,dis,murcko,62485,11/76,0.14473684210526316,0.6247579419060575,0.00427302552612627
