name,type_cluster,scaffold,USo,SSo,TUPOR_,TUPOR,SESY,ASER,CwASo
DrugEx_GT_epsilon_0.1_62.5k_0,dis,murcko,41664,62483,4/92,0.043478260869565216,0.6668053710609285,0.0004323043422569489,27
