name,type_cluster,scaffold,SSo,TUPOR_,TUPOR,SESY,ASER
GB_GA_log_p_mut_r_0.01_500k_3,dis,csk,499991,16/37,0.43243243243243246,0.19828356910424388,0.002186039348708277
