name,type_cluster,scaffold,SSo,TUPOR_,TUPOR,SESY,ASER
GB_GA_log_p_mut_r_0.01_500k_1,dis,csk,499947,14/23,0.6086956521739131,0.18305740408483298,0.0015541647414625951
