name,type_cluster,scaffold,USo,SSo,TUPOR_,TUPOR,SESY,ASER,CwASo
REINVENT_125k_0,sim,csk,25040.0,123524.0,28/46,0.6086957,0.2027136,0.0166584,2024.0
REINVENT_125k_1,sim,csk,21593.0,123661.0,19/44,0.4318182,0.1746145,0.0182889,2221.0
REINVENT_125k_2,sim,csk,24593.0,123845.0,20/42,0.4761905,0.1985789,0.0053741,662.0
REINVENT_125k_3,sim,csk,25610.0,123687.0,22/42,0.5238095,0.2070549,0.0088251,1082.0
REINVENT_125k_4,sim,csk,24560.0,123626.0,13/42,0.3095238,0.1986637,0.0040935,504.0
REINVENT_125k_mean,sim,csk,24279.2,123668.6,-,0.4700075,0.1963251,0.010648,1298.6
