name,type_cluster,scaffold,USo,SSo,TUPOR_,TUPOR,SESY,ASER,CwASo
REINVENT_125k_0,sim,csk,"25,040.0","123,524.0",28/46,0.6086957,0.2027136,0.0166584,"2,024.0"
REINVENT_125k_1,sim,csk,"21,593.0","123,661.0",19/44,0.4318182,0.1746145,0.0182889,"2,221.0"
REINVENT_125k_2,sim,csk,"24,593.0","123,845.0",20/42,0.4761905,0.1985789,0.0053741,662.0
REINVENT_125k_3,sim,csk,"25,610.0","123,687.0",22/42,0.5238095,0.2070549,0.0088251,"1,082.0"
REINVENT_125k_4,sim,csk,"24,560.0","123,626.0",13/42,0.3095238,0.1986637,0.0040935,504.0
REINVENT_125k_mean,sim,csk,"24,279.2","123,668.6",-,0.4700075,0.1963251,0.010648,"1,298.6"
