name,type_cluster,scaffold,SSo,TUPOR_,TUPOR,SESY,ASER
REINVENT_125k_3,sim,csk,123687,22/42,0.5238095238095238,0.20705490471917015,0.008747887813593992
