name,type_cluster,scaffold,USo,SSo,TUPOR_,TUPOR,SESY,ASER,CwASo
REINVENT_125k_1,sim,csk,21593,123661,19/44,0.4318181818181818,0.17461447020483417,0.018288866930171278,2221
