name,type_cluster,scaffold,USo,SSo,TUPOR_,TUPOR,SESY,ASER,CwASo
REINVENT_125k_2,sim,csk,24593,123845,20/42,0.47619047619047616,0.19857886874722436,0.005374118181891982,662
