name,type_cluster,scaffold,USo,SSo,TUPOR_,TUPOR,SESY,ASER,CwASo
REINVENT_125k_4,sim,csk,24560,123626,13/42,0.30952380952380953,0.1986637115169948,0.004093500755348354,504
