name,type_cluster,scaffold,SSo,TUPOR_,TUPOR,SESY,ASER
REINVENT_125k_1,sim,csk,123661,19/44,0.4318181818181818,0.17461447020483417,0.017960391716062462
