name,type_cluster,scaffold,USo,SSo,TUPOR_,TUPOR,SESY,ASER,CwASo
REINVENT_125k_0,sim,csk,25040,123524,28/46,0.6086956521739131,0.20271364269291797,0.01665843621399177,2024
