name,type_cluster,scaffold,USo,SSo,TUPOR_,TUPOR,SESY,ASER,CwASo
GB_GA_mut_r_0.5_125k_0,dis,murcko,"24,640.0","107,056.0",15/106,0.1415094,0.2301599,0.0242437,"2,534.0"
GB_GA_mut_r_0.5_125k_1,dis,murcko,"22,738.0","105,538.0",3/96,0.03125,0.2154485,2.84e-05,3.0
GB_GA_mut_r_0.5_125k_2,dis,murcko,"24,113.0","107,521.0",3/102,0.0294118,0.2242632,0.0001674,18.0
GB_GA_mut_r_0.5_125k_3,dis,murcko,"25,020.0","110,669.0",9/62,0.1451613,0.2260796,0.1934284,"17,937.0"
GB_GA_mut_r_0.5_125k_4,dis,murcko,"22,624.0","106,464.0",8/71,0.1126761,0.2125038,0.0037997,403.0
GB_GA_mut_r_0.5_125k_mean,dis,murcko,"23,827.0","107,449.6",-,0.0920017,0.221691,0.0443335,"4,179.0"
