name,type_cluster,scaffold,USo,SSo,TUPOR_,TUPOR,SESY,ASER,CwASo
GB_GA_mut_r_0.5_125k_0,dis,murcko,24640,107056,15/106,0.14150943396226415,0.230159916305485,0.02424369989093205,2534
