name,type_cluster,scaffold,USo,SSo,TUPOR_,TUPOR,SESY,ASER,CwASo
GB_GA_mut_r_0.5_125k_3,dis,murcko,62664,124985,4/62,0.06451612903225806,0.5013721646597592,0.003154295620906639,393
