name,type_cluster,scaffold,USo,SSo,TUPOR_,TUPOR,SESY,ASER,CwASo
GB_GA_mut_r_0.5_125k_3,dis,murcko,25020,110669,9/62,0.14516129032258066,0.226079570611463,0.19342837423974463,17937
