name,type_cluster,scaffold,SSo,TUPOR_,TUPOR,SESY,ASER
GB_GA_mut_r_0.5_125k_0,dis,murcko,94514,8/106,0.07547169811320754,0.2765939437543644,0.007882430116173265
