name,type_cluster,scaffold,USo,SSo,TUPOR_,TUPOR,SESY,ASER,CwASo
GB_GA_mut_r_0.5_125k_4,dis,murcko,24167,92054,5/71,0.07042253521126761,0.2625306885089187,0.018724685155264383,1692
