name,type_cluster,scaffold,SSo,TUPOR_,TUPOR,SESY,ASER
GB_GA_mut_r_0.5_125k_4,dis,murcko,113295,19/71,0.2676056338028169,0.31909616487929743,0.0024802506730217575
