name,type_cluster,scaffold,SSo,TUPOR_,TUPOR,SESY,ASER
GB_GA_mut_r_0.5_125k_2,dis,murcko,114236,18/102,0.17647058823529413,0.3210108897370356,0.0012517945306208202
