name,type_cluster,scaffold,SSo,TUPOR_,TUPOR,SESY,ASER
GB_GA_mut_r_0.5_125k_3,dis,murcko,116384,12/62,0.1935483870967742,0.35287496563101456,0.07479550453670608
