name,type_cluster,scaffold,SSo,TUPOR_,TUPOR,SESY,ASER
GB_GA_mut_r_0.5_125k_4,dis,murcko,92054,5/71,0.07042253521126761,0.2625306885089187,0.018380515784213614
