name,type_cluster,scaffold,USo,SSo,TUPOR_,TUPOR,SESY,ASER,CwASo
GB_GA_mut_r_0.5_125k_1,dis,murcko,26962,94609,1/96,0.010416666666666666,0.28498345823336046,1.0569930661254862e-05,1
