name,type_cluster,scaffold,USo,SSo,TUPOR_,TUPOR,SESY,ASER,CwASo
GB_GA_mut_r_0.5_125k_2,dis,murcko,31813,101060,1/102,0.00980392156862745,0.31479319216307144,1.9790615290229372e-05,2
