name,type_cluster,scaffold,USo,SSo,TUPOR_,TUPOR,SESY,ASER,CwASo
GB_GA_mut_r_0.5_125k_2,dis,murcko,24113,107521,3/102,0.029411764705882353,0.22426316719524558,0.00016743718779941026,18
