name,type_cluster,scaffold,USo,SSo,TUPOR_,TUPOR,SESY,ASER,CwASo
GB_GA_mut_r_0.5_125k_4,dis,murcko,22624,106464,8/71,0.11267605633802817,0.21250375713856326,0.0037997001725422162,403
