name,type_cluster,scaffold,USo,SSo,TUPOR_,TUPOR,SESY,ASER,ACR,CwASo
GB_GA_mut_r_0.01_10k_2,sim,csk,1823,8939,8/42,0.19047619047619047,0.20393780064884215,0.023237179487179488,0.004407713498622589,203
