name,type_cluster,scaffold,SSo,TUPOR_,TUPOR,SESY,ASER
GB_GA_log_p_mut_r_0.5_1,dis,csk,757862,17/41,0.4146341463414634,0.0456956543539589,0.001906679580187422
