name,type_cluster,scaffold,SSo,TUPOR_,TUPOR,SESY,ASER
GB_GA_log_p_mut_r_0.5_0,dis,csk,755574,18/42,0.42857142857142855,0.03983990979043747,0.023288255022009756
