name,type_cluster,scaffold,SSo,TUPOR_,TUPOR,SESY,ASER
GB_GA_log_p_mut_r_0.5_500k_2,dis,csk,404429,15/45,0.3333333333333333,0.06667672199570258,0.0004549624285103195
