name,type_cluster,scaffold,SSo,TUPOR_,TUPOR,SESY,ASER
GB_GA_log_p_mut_r_0.5_500k_1,dis,csk,378790,15/41,0.36585365853658536,0.0573853586419916,0.001871749518202698
