name,type_cluster,scaffold,SSo,TUPOR_,TUPOR,SESY,ASER
GB_GA_log_p_mut_r_0.5_500k_0,dis,csk,377949,17/42,0.40476190476190477,0.050737004198979224,0.023124813136163873
