name,type_cluster,scaffold,USo,SSo,TUPOR_,TUPOR,SESY,ASER,ASR,CwASo
REINVENT_100k_1,dis,csk,28817,99340,6/23,0.2608695652173913,0.2900845580833501,0.0007454717627385006,0.00020825379195446185,74
