name,type_cluster,scaffold,USo,SSo,TUPOR_,TUPOR,SESY,ASER,ASR,CwASo
REINVENT_100k_4,dis,csk,28520,99248,26/43,0.6046511627906976,0.2873609543769144,0.05515628322347438,0.0009124728012915,5188
