name,type_cluster,scaffold,USo,SSo,TUPOR_,TUPOR,SESY,ASER,ASR,CwASo
REINVENT_100k_0,dis,csk,30747,99051,13/40,0.325,0.31041584638216674,0.00825529315960912,0.00042298431704301424,811
