name,type_cluster,scaffold,USo,SSo,TUPOR_,TUPOR,SESY,ASER,ASR,CwASo
REINVENT_100k_2,dis,csk,31913,99244,11/40,0.275,0.3215610011688364,0.0007562847260736722,0.0003448059682778509,75
