name,type_cluster,scaffold,SSo,TUPOR_,TUPOR,SESY,ASER
REINVENT_125k_0,dis,murcko,124212,2/92,0.021739130434782608,0.7418365375326056,1.6101503880462434e-05
