name,type_cluster,scaffold,SSo,TUPOR_,TUPOR,SESY,ASER
REINVENT_125k_1,dis,murcko,123404,2/34,0.058823529411764705,0.7304868561797024,2.4310395124955432e-05
