name,type_cluster,scaffold,SSo,TUPOR_,TUPOR,SESY,ASER
REINVENT_125k_4,dis,murcko,123516,1/98,0.01020408163265306,0.6841380873732957,8.905728812461543e-05
