name,type_cluster,scaffold,USo,SSo,TUPOR_,TUPOR,SESY,ASER,CwASo
REINVENT_125k_0,dis,murcko,92145,124212,2/92,0.021739130434782608,0.7418365375326056,1.6101763143064164e-05,2
