name,type_cluster,scaffold,USo,SSo,TUPOR_,TUPOR,SESY,ASER,CwASo
REINVENT_125k_1,dis,murcko,90145,123404,2/34,0.058823529411764705,0.7304868561797024,2.431098613463424e-05,3
