name,type_cluster,scaffold,USo,SSo,TUPOR_,TUPOR,SESY,ASER,CwASo
REINVENT_125k_4,dis,murcko,84502,123516,1/98,0.01020408163265306,0.6841380873732957,8.906522003157766e-05,11
