name,type_cluster,scaffold,SSo,TUPOR_,TUPOR,SESY,ASER
REINVENT_125k_3,dis,murcko,121348,16/76,0.21052631578947367,0.708573688894749,0.0026947292085572074
