name,type_cluster,scaffold,USo,SSo,TUPOR_,TUPOR,SESY,ASER,CwASo
REINVENT_125k_3,dis,murcko,85984,121348,16/76,0.21052631578947367,0.708573688894749,0.002702010394890143,327
