name,type_cluster,scaffold,USo,SSo,TUPOR_,TUPOR,SESY,ASER,ACR,CwASo
DrugEx_GT_epsilon_0.6_0,sim,csk,332984.0,913843.0,45/46,0.9782609,0.3643777,0.063475,0.0001352,54544.0
DrugEx_GT_epsilon_0.6_1,sim,csk,234017.0,896553.0,40/44,0.9090909,0.2610186,0.0289158,0.000171,25196.0
DrugEx_GT_epsilon_0.6_2,sim,csk,214781.0,912675.0,39/42,0.9285714,0.2353313,0.0195937,0.0001816,17539.0
DrugEx_GT_epsilon_0.6_3,sim,csk,223931.0,926574.0,32/42,0.7619048,0.2416763,0.0184751,0.0001429,16808.0
DrugEx_GT_epsilon_0.6_4,sim,csk,186532.0,891534.0,38/42,0.9047619,0.2092259,0.0056502,0.0002038,5009.0
DrugEx_GT_epsilon_0.6_mean,sim,csk,238449.0,908235.8,-,0.896518,0.262326,0.0272219,0.0001669,23819.2
