name,type_cluster,scaffold,SSo,TUPOR_,TUPOR,SESY,ASER
DrugEx_GT_epsilon_0.6_1,sim,csk,896553,40/44,0.9090909090909091,0.26101859008892947,0.028915817512225186
