name,type_cluster,scaffold,SSo,TUPOR_,TUPOR,SESY,ASER
DrugEx_GT_epsilon_0.6_3,sim,csk,926574,32/42,0.7619047619047619,0.2416763259059719,0.01847508040529103
