name,type_cluster,scaffold,SSo,TUPOR_,TUPOR,SESY,ASER
DrugEx_GT_epsilon_0.6_0,sim,csk,913843,45/46,0.9782608695652174,0.36437768850885766,0.0634749953159494
