name,type_cluster,scaffold,USo,SSo,TUPOR_,TUPOR,SESY,ASER,ACR,CwASo
DrugEx_GT_epsilon_0.6_1,sim,csk,234017,896553,40/44,0.9090909090909091,0.26101859008892947,0.028915817512225186,0.000170956974403467,25196
