name,type_cluster,scaffold,USo,SSo,TUPOR_,TUPOR,SESY,ASER,ACR,CwASo
DrugEx_GT_epsilon_0.6_4,sim,csk,186532,891534,38/42,0.9047619047619048,0.2092258960398594,0.005650150869969826,0.00020375990648492713,5009
