name,type_cluster,scaffold,SSo,TUPOR_,TUPOR,SESY,ASER
DrugEx_GT_epsilon_0.6_4,sim,csk,891534,38/42,0.9047619047619048,0.2092258960398594,0.005618406028261401
