name,type_cluster,scaffold,USo,SSo,TUPOR_,TUPOR,SESY,ASER,ACR,CwASo
DrugEx_GT_epsilon_0.6_3,sim,csk,223931,926574,32/42,0.7619047619047619,0.2416763259059719,0.01847508040529103,0.00014292158517903162,16808
