name,type_cluster,scaffold,SSo,TUPOR_,TUPOR,SESY,ASER
DrugEx_GT_epsilon_0.6_2,sim,csk,912675,39/42,0.9285714285714286,0.23533130632481442,0.019593670682443786
