name,type_cluster,scaffold,USo,SSo,TUPOR_,TUPOR,SESY,ASER,ACR,CwASo
GB_GA_mut_r_0.5_500k_0,dis,murcko,"180,822.0","499,981.0",2/92,0.0217391,0.3616577,8.8e-05,1.11e-05,44.0
GB_GA_mut_r_0.5_500k_1,dis,murcko,"182,027.0","499,981.0",3/34,0.0882353,0.3640678,3e-05,1.65e-05,15.0
GB_GA_mut_r_0.5_500k_2,dis,murcko,"216,205.0","499,984.0",8/64,0.125,0.4324238,0.0002,3.7e-05,100.0
GB_GA_mut_r_0.5_500k_3,dis,murcko,"192,615.0","499,988.0",10/76,0.1315789,0.3852392,0.0010972,5.19e-05,548.0
GB_GA_mut_r_0.5_500k_4,dis,murcko,"171,750.0","499,996.0",6/98,0.0612245,0.3435027,0.0002261,3.49e-05,113.0
GB_GA_mut_r_0.5_500k_mean,dis,murcko,"188,683.8","499,986.0",-,0.0855556,0.3773783,0.0003283,3.03e-05,164.0
