name,type_cluster,scaffold,USo,SSo,TUPOR_,TUPOR,SESY,ASER,ACR,CwASo
GB_GA_mut_r_0.5_500k_2,dis,murcko,216205,499984,8/64,0.125,0.432423837562802,0.00020004641076729803,3.7003288667280303e-05,100
