name,type_cluster,scaffold,USo,SSo,TUPOR_,TUPOR,SESY,ASER,ACR,CwASo
GB_GA_mut_r_0.5_500k_3,dis,murcko,192615,499988,10/76,0.13157894736842105,0.38523924574189783,0.0010972288963639275,5.191973209418239e-05,548
