name,type_cluster,scaffold,USo,SSo,TUPOR_,TUPOR,SESY,ASER,ACR,CwASo
GB_GA_mut_r_0.5_500k_4,dis,murcko,171750,499996,6/98,0.061224489795918366,0.34350274802198416,0.0002260528963777524,3.4935718278367804e-05,113
