name,type_cluster,scaffold,SSo,TUPOR_,TUPOR,SESY,ASER
GB_GA_mut_r_0.5_500k_4,dis,murcko,474066,27/98,0.2755102040816326,0.2600882577531399,0.003288571633485633
