name,type_cluster,scaffold,SSo,TUPOR_,TUPOR,SESY,ASER
GB_GA_mut_r_0.5_500k_3,dis,murcko,476562,24/76,0.3157894736842105,0.2696165451714572,0.021447366764450377
