name,type_cluster,scaffold,USo,SSo,TUPOR_,TUPOR,SESY,ASER,ACR,CwASo
GB_GA_mut_r_0.5_500k_0,dis,murcko,180822,499981,2/92,0.021739130434782608,0.36165774299423376,8.801108939726405e-05,1.1060723371308483e-05,44
