name,type_cluster,scaffold,SSo,TUPOR_,TUPOR,SESY,ASER
GB_GA_mut_r_0.5_500k_4,dis,murcko,499996,6/98,0.061224489795918366,0.34350274802198416,0.00022600180801446413
