name,type_cluster,scaffold,USo,SSo,TUPOR_,TUPOR,SESY,ASER,ACR,CwASo
GB_GA_mut_r_0.5_500k_1,dis,murcko,182027,499981,3/34,0.08823529411764706,0.36406783457771397,3.0002040138729432e-05,1.6481343119588626e-05,15
