name,type_cluster,scaffold,SSo,TUPOR_,TUPOR,SESY,ASER
GB_GA_mut_r_0.5_500k_3,dis,murcko,499988,10/76,0.13157894736842105,0.38523924574189783,0.0010960263046313112
