name,type_cluster,scaffold,SSo,TUPOR_,TUPOR,SESY,ASER
GB_GA_mut_r_0.5_500k_0,dis,murcko,477222,14/92,0.15217391304347827,0.2598098997950639,0.004524099894807867
