name,type_cluster,scaffold,SSo,TUPOR_,TUPOR,SESY,ASER
GB_GA_mut_r_0.5_500k_1,dis,murcko,476587,14/34,0.4117647058823529,0.2623844124997115,0.0003378186983698674
