name,type_cluster,scaffold,SSo,TUPOR_,TUPOR,SESY,ASER
GB_GA_mut_r_0.5_500k_2,dis,murcko,477175,11/64,0.171875,0.29209199979043327,0.0006433698328705402
