name,type_cluster,scaffold,SSo,TUPOR_,TUPOR,SESY,ASER
GB_GA_mut_r_0.01_0,dis,csk,"999,990.0",12/40,0.3,0.1504245,0.001604
GB_GA_mut_r_0.01_1,dis,csk,"999,879.0",15/23,0.6521739,0.1426613,0.0015212
GB_GA_mut_r_0.01_2,dis,csk,"999,958.0",13/40,0.325,0.1637939,0.000897
GB_GA_mut_r_0.01_3,dis,csk,"999,980.0",19/37,0.5135135,0.1558141,0.002188
GB_GA_mut_r_0.01_4,dis,csk,"999,952.0",32/43,0.744186,0.1646459,0.0094635
GB_GA_mut_r_0.01_mean,dis,csk,"999,951.8",-,0.5069747,0.1554679,0.0031347
