name,type_cluster,scaffold,USo,SSo,TUPOR_,TUPOR,SESY,ASER,ASR,CwASo
GB_GA_mut_r_0.01_0,dis,csk,150423.0,999990.0,12/40,0.3,0.1504245,0.0016066,7.98e-05,1604.0
GB_GA_mut_r_0.01_1,dis,csk,142644.0,999879.0,15/23,0.6521739,0.1426613,0.0015235,0.0001052,1521.0
GB_GA_mut_r_0.01_2,dis,csk,163787.0,999958.0,13/40,0.325,0.1637939,0.0008978,7.94e-05,897.0
GB_GA_mut_r_0.01_3,dis,csk,155811.0,999980.0,19/37,0.5135135,0.1558141,0.0021928,0.000122,2188.0
GB_GA_mut_r_0.01_4,dis,csk,164638.0,999952.0,32/43,0.744186,0.1646459,0.0095539,0.0001944,9463.0
GB_GA_mut_r_0.01_mean,dis,csk,155460.6,999951.8,-,0.5069747,0.1554679,0.0031549,0.0001161,3134.6
