name,type_cluster,scaffold,USo,SSo,TUPOR_,TUPOR,SESY,ASER,ASR,CwASo
GB_GA_mut_r_0.01_2,dis,csk,163787,999958,13/40,0.325,0.1637938793429324,0.0008978430746470936,7.937767899666614e-05,897
