name,type_cluster,scaffold,USo,SSo,TUPOR_,TUPOR,SESY,ASER,ACR,CwASo
GB_GA_mut_r_0.01_0,dis,csk,150423,999990,12/40,0.3,0.15042450424504245,0.001606593041168446,7.978139896683089e-05,1604
