name,type_cluster,scaffold,SSo,TUPOR_,TUPOR,SESY,ASER
GB_GA_mut_r_0.01_3,dis,csk,970872,24/37,0.6486486486486487,0.0511880041859277,0.028457922362577145
