name,type_cluster,scaffold,SSo,TUPOR_,TUPOR,SESY,ASER
GB_GA_mut_r_0.01_4,dis,csk,999952,32/43,0.7441860465116279,0.16464590300334417,0.009463454245803799
