name,type_cluster,scaffold,SSo,TUPOR_,TUPOR,SESY,ASER
GB_GA_mut_r_0.01_4,dis,csk,961926,35/43,0.813953488372093,0.05291155452706341,0.03449953530728975
