name,type_cluster,scaffold,USo,SSo,TUPOR_,TUPOR,SESY,ASER,CwASo
DrugEx_RNN_epsilon_0.6_250k_0,dis,murcko,122495.0,247990.0,6/92,0.0652174,0.4939514,0.000585,145.0
DrugEx_RNN_epsilon_0.6_250k_1,dis,murcko,109980.0,247217.0,15/34,0.4411765,0.4448723,0.0003804,94.0
DrugEx_RNN_epsilon_0.6_250k_2,dis,murcko,125170.0,247741.0,3/64,0.046875,0.5052454,2.02e-05,5.0
DrugEx_RNN_epsilon_0.6_250k_3,dis,murcko,130826.0,248113.0,27/76,0.3552632,0.5272839,0.0044857,1108.0
DrugEx_RNN_epsilon_0.6_250k_4,dis,murcko,140794.0,247205.0,24/98,0.244898,0.5695435,0.0020105,496.0
DrugEx_RNN_epsilon_0.6_250k_mean,dis,murcko,125853.0,247653.2,-,0.230686,0.5081793,0.0014964,369.6
