name,type_cluster,scaffold,USo,SSo,TUPOR_,TUPOR,SESY,ASER,CwASo
DrugEx_RNN_epsilon_0.6_250k_0,dis,murcko,122495,247990,6/92,0.06521739130434782,0.4939513690068148,0.0005850430712743852,145
