name,type_cluster,scaffold,SSo,TUPOR_,TUPOR,SESY,ASER
DrugEx_RNN_epsilon_0.6_250k_0,dis,murcko,247990,6/92,0.06521739130434782,0.4939513690068148,0.0005847009960079035
