name,type_cluster,scaffold,USo,SSo,TUPOR_,TUPOR,SESY,ASER,CwASo
DrugEx_RNN_epsilon_0.6_250k_1,dis,murcko,109980,247217,15/34,0.4411764705882353,0.44487231865122545,0.00038037738292267414,94
