name,type_cluster,scaffold,SSo,TUPOR_,TUPOR,SESY,ASER
DrugEx_RNN_epsilon_0.6_250k_4,dis,murcko,247205,24/98,0.24489795918367346,0.5695434962885055,0.00200643190873971
