name,type_cluster,scaffold,SSo,TUPOR_,TUPOR,SESY,ASER
DrugEx_RNN_epsilon_0.6_250k_3,dis,murcko,248113,27/76,0.35526315789473684,0.5272839391728769,0.004465707157625759
