name,type_cluster,scaffold,SSo,TUPOR_,TUPOR,SESY,ASER
REINVENT_250k_0,dis,murcko,247967,28/106,0.2641509433962264,0.6920396665685353,0.000564591256094561
