name,type_cluster,scaffold,SSo,TUPOR_,TUPOR,SESY,ASER
REINVENT_250k_2,dis,murcko,248033,46/102,0.45098039215686275,0.6494700301975946,0.001274024020997206
