name,type_cluster,scaffold,SSo,TUPOR_,TUPOR,SESY,ASER
REINVENT_250k_4,dis,murcko,247577,15/71,0.2112676056338028,0.6662735229847684,0.0012415578112993893
