name,type_cluster,scaffold,SSo,TUPOR_,TUPOR,SESY,ASER
REINVENT_250k_3,dis,murcko,242795,6/62,0.0967741935483871,0.5720134269651352,0.00036257709913599525
