name,type_cluster,scaffold,USo,SSo,TUPOR_,TUPOR,SESY,ASER,CwASo
REINVENT_250k_2,dis,murcko,161090,248033,46/102,0.45098039215686275,0.6494700301975946,0.001275649228757009,316
