name,type_cluster,scaffold,USo,SSo,TUPOR_,TUPOR,SESY,ASER,CwASo
REINVENT_250k_0,dis,murcko,171603,247967,28/106,0.2641509433962264,0.6920396665685353,0.0005649101994536511,140
