name,type_cluster,scaffold,SSo,TUPOR_,TUPOR,SESY,ASER
DrugEx_GT_epsilon_0.6_250k_0,dis,murcko,"249,960.0",12/92,0.1304348,0.6605057,0.0012282
DrugEx_GT_epsilon_0.6_250k_1,dis,murcko,"249,692.0",14/34,0.4117647,0.6648231,0.0004966
DrugEx_GT_epsilon_0.6_250k_2,dis,murcko,"249,889.0",6/64,0.09375,0.6728067,0.0005402
DrugEx_GT_epsilon_0.6_250k_3,dis,murcko,"249,819.0",25/76,0.3289474,0.7006112,0.0047835
DrugEx_GT_epsilon_0.6_250k_4,dis,murcko,"249,951.0",26/98,0.2653061,0.7157523,0.0023445
DrugEx_GT_epsilon_0.6_250k_mean,dis,murcko,"249,862.2",-,0.2460406,0.6828998,0.0018786
