name,type_cluster,scaffold,USo,SSo,TUPOR_,TUPOR,SESY,ASER,CwASo
DrugEx_GT_epsilon_0.6_250k_1,dis,murcko,166001,249692,14/34,0.4117647058823529,0.6648230620123993,0.0004968585716117451,124
