name,type_cluster,scaffold,SSo,TUPOR_,TUPOR,SESY,ASER
DrugEx_GT_epsilon_0.6_250k_1,dis,murcko,249692,14/34,0.4117647058823529,0.6648230620123993,0.0004966118257693479
