name,type_cluster,scaffold,USo,SSo,TUPOR_,TUPOR,SESY,ASER,CwASo
DrugEx_GT_epsilon_0.6_250k_3,dis,murcko,175026,249819,25/76,0.32894736842105265,0.7006112425395987,0.004806454726816398,1195
