name,type_cluster,scaffold,USo,SSo,TUPOR_,TUPOR,SESY,ASER,CwASo
DrugEx_GT_epsilon_0.6_250k_0,dis,murcko,165100,249960,12/92,0.13043478260869565,0.6605056809089455,0.001229706833084321,307
