name,type_cluster,scaffold,SSo,TUPOR_,TUPOR,SESY,ASER
DrugEx_GT_epsilon_0.6_250k_0,dis,murcko,249960,12/92,0.13043478260869565,0.6605056809089455,0.0012281965114418307
