name,type_cluster,scaffold,USo,SSo,TUPOR_,TUPOR,SESY,ASER,CwASo
GB_GA_mut_r_0.01_250k_0,dis,murcko,"56,432.0","219,339.0",10/106,0.0943396,0.2572821,0.0117019,"2,537.0"
GB_GA_mut_r_0.01_250k_1,dis,murcko,"56,605.0","217,029.0",3/96,0.03125,0.2608177,0.0001014,22.0
GB_GA_mut_r_0.01_250k_2,dis,murcko,"57,798.0","222,035.0",1/102,0.0098039,0.2603103,6.31e-05,14.0
GB_GA_mut_r_0.01_250k_3,dis,murcko,"118,001.0","250,000.0",4/62,0.0645161,0.472004,0.0005483,137.0
GB_GA_mut_r_0.01_250k_4,dis,murcko,"48,456.0","212,113.0",6/71,0.084507,0.2284443,0.0229758,"4,764.0"
GB_GA_mut_r_0.01_250k_mean,dis,murcko,"67,458.4","224,103.2",-,0.0568833,0.2957717,0.0070781,"1,494.8"
