name,type_cluster,scaffold,SSo,TUPOR_,TUPOR,SESY,ASER
GB_GA_mut_r_0.01_250k_2,dis,murcko,237554,22/102,0.21568627450980393,0.27074686176616686,0.001826953029626948
