name,type_cluster,scaffold,USo,SSo,TUPOR_,TUPOR,SESY,ASER,CwASo
GB_GA_mut_r_0.01_250k_3,dis,murcko,118001,250000,4/62,0.06451612903225806,0.472004,0.0005483004686568239,137
