name,type_cluster,scaffold,USo,SSo,TUPOR_,TUPOR,SESY,ASER,CwASo
GB_GA_mut_r_0.01_250k_1,dis,murcko,56605,217029,3/96,0.03125,0.26081767874339373,0.00010137921818190197,22
