name,type_cluster,scaffold,SSo,TUPOR_,TUPOR,SESY,ASER
GB_GA_mut_r_0.01_250k_0,dis,murcko,241317,26/106,0.24528301886792453,0.36686184562214846,0.02402234405367214
