name,type_cluster,scaffold,USo,SSo,TUPOR_,TUPOR,SESY,ASER,CwASo
GB_GA_mut_r_0.01_250k_4,dis,murcko,48456,212113,6/71,0.08450704225352113,0.22844427262826889,0.022975755851245967,4764
