name,type_cluster,scaffold,SSo,TUPOR_,TUPOR,SESY,ASER
GB_GA_mut_r_0.01_250k_3,dis,murcko,242443,13/62,0.20967741935483872,0.3203969592852753,0.05843435364188696
