name,type_cluster,scaffold,SSo,TUPOR_,TUPOR,SESY,ASER
GB_GA_mut_r_0.01_250k_4,dis,murcko,237659,21/71,0.29577464788732394,0.2838352429321002,0.004455964217639559
