name,type_cluster,scaffold,USo,SSo,TUPOR_,TUPOR,SESY,ASER,CwASo
GB_GA_mut_r_0.01_250k_2,dis,murcko,57798,222035,1/102,0.00980392156862745,0.260310311437386,6.30570982024223e-05,14
