name,type_cluster,scaffold,USo,SSo,TUPOR_,TUPOR,SESY,ASER,CwASo
GB_GA_mut_r_0.01_250k_0,dis,murcko,56432,219339,10/106,0.09433962264150944,0.2572821066932921,0.011701921568989216,2537
