name,type_cluster,scaffold,SSo,TUPOR_,TUPOR,SESY,ASER
GB_GA_mut_r_0.01_250k_4,dis,murcko,212113,6/71,0.08450704225352113,0.22844427262826889,0.022459726655131934
