name,type_cluster,scaffold,SSo,TUPOR_,TUPOR,SESY,ASER
GB_GA_mut_r_0.01_250k_0,dis,murcko,219339,10/106,0.09433962264150944,0.2572821066932921,0.011701921568989216
