name,type_cluster,scaffold,SSo,TUPOR_,TUPOR,SESY,ASER
DrugEx_RNN_epsilon_0.6_62.5k_0,sim,murcko,62204,31/115,0.26956521739130435,0.6725773262169635,0.005096135296765481
