name,type_cluster,scaffold,SSo,TUPOR_,TUPOR,SESY,ASER
DrugEx_RNN_epsilon_0.6_62.5k_2,sim,murcko,61981,16/58,0.27586206896551724,0.5752730675529598,0.0009680385924718865
