name,type_cluster,scaffold,USo,SSo,TUPOR_,TUPOR,SESY,ASER,CwASo
DrugEx_RNN_epsilon_0.6_62.5k_3,sim,murcko,35091,61875,16/51,0.3137254901960784,0.5671272727272727,0.004725253312548714,291
