name,type_cluster,scaffold,SSo,TUPOR_,TUPOR,SESY,ASER
DrugEx_RNN_epsilon_0.6_62.5k_3,sim,murcko,61875,16/51,0.3137254901960784,0.5671272727272727,0.004703030303030303
