name,type_cluster,scaffold,USo,SSo,TUPOR_,TUPOR,SESY,ASER,CwASo
DrugEx_RNN_epsilon_0.6_62.5k_2,sim,murcko,35656,61981,16/58,0.27586206896551724,0.5752730675529598,0.000968976599215129,60
