name,type_cluster,scaffold,USo,SSo,TUPOR_,TUPOR,SESY,ASER,CwASo
GB_GA_mut_r_0.5_250k_0,dis,csk,8059.0,213951.0,24/42,0.5714286,0.0376675,0.0649256,13044.0
GB_GA_mut_r_0.5_250k_1,dis,csk,7873.0,211076.0,16/41,0.3902439,0.0372994,0.0056506,1186.0
GB_GA_mut_r_0.5_250k_2,dis,csk,8002.0,214745.0,27/45,0.6,0.0372628,0.0008949,192.0
GB_GA_mut_r_0.5_250k_3,dis,csk,8593.0,221284.0,21/47,0.4468085,0.0388325,0.5153844,75259.0
GB_GA_mut_r_0.5_250k_4,dis,csk,7267.0,213011.0,20/41,0.4878049,0.0341156,0.0148697,3121.0
GB_GA_mut_r_0.5_250k_mean,dis,csk,7958.8,214813.4,-,0.4992572,0.0370355,0.120345,18560.4
