name,type_cluster,scaffold,USo,SSo,TUPOR_,TUPOR,SESY,ASER,CwASo
GB_GA_mut_r_0.5_250k_0,dis,csk,"8,059.0","213,951.0",24/42,0.5714286,0.0376675,0.0649256,"13,044.0"
GB_GA_mut_r_0.5_250k_1,dis,csk,"7,873.0","211,076.0",16/41,0.3902439,0.0372994,0.0056506,"1,186.0"
GB_GA_mut_r_0.5_250k_2,dis,csk,"8,002.0","214,745.0",27/45,0.6,0.0372628,0.0008949,192.0
GB_GA_mut_r_0.5_250k_3,dis,csk,"8,593.0","221,284.0",21/47,0.4468085,0.0388325,0.5153844,"75,259.0"
GB_GA_mut_r_0.5_250k_4,dis,csk,"7,267.0","213,011.0",20/41,0.4878049,0.0341156,0.0148697,"3,121.0"
GB_GA_mut_r_0.5_250k_mean,dis,csk,"7,958.8","214,813.4",-,0.4992572,0.0370355,0.120345,"18,560.4"
