name,type_cluster,scaffold,SSo,TUPOR_,TUPOR,SESY,ASER
GB_GA_mut_r_0.5_250k_3,dis,csk,232739,31/47,0.6595744680851063,0.06311791319890521,0.20953944117659695
