name,type_cluster,scaffold,SSo,TUPOR_,TUPOR,SESY,ASER
GB_GA_mut_r_0.5_250k_2,dis,csk,202157,11/45,0.24444444444444444,0.0833955786838942,0.0004652014470734375
