name,type_cluster,scaffold,USo,SSo,TUPOR_,TUPOR,SESY,ASER,CwASo
GB_GA_mut_r_0.5_250k_3,dis,csk,8593,221284,21/47,0.44680851063829785,0.03883245060646048,0.5153843519945215,75259
