name,type_cluster,scaffold,USo,SSo,TUPOR_,TUPOR,SESY,ASER,CwASo
GB_GA_mut_r_0.5_250k_1,dis,csk,7873,211076,16/41,0.3902439024390244,0.03729936136746954,0.005650578874648625,1186
