name,type_cluster,scaffold,USo,SSo,TUPOR_,TUPOR,SESY,ASER,CwASo
GB_GA_mut_r_0.5_250k_4,dis,csk,12336,184263,9/41,0.21951219512195122,0.06694778658764917,0.02966108798301249,5308
