name,type_cluster,scaffold,SSo,TUPOR_,TUPOR,SESY,ASER
GB_GA_mut_r_0.5_250k_2,dis,csk,228278,35/45,0.7777777777777778,0.05566020378661106,0.004148450573423633
