name,type_cluster,scaffold,USo,SSo,TUPOR_,TUPOR,SESY,ASER,CwASo
GB_GA_mut_r_0.5_250k_4,dis,csk,7267,213011,20/41,0.4878048780487805,0.0341156090530536,0.014869693649054267,3121
