name,type_cluster,scaffold,USo,SSo,TUPOR_,TUPOR,SESY,ASER,CwASo
GB_GA_mut_r_0.5_250k_0,dis,csk,8059,213951,24/42,0.5714285714285714,0.03766750330683194,0.06492556257372814,13044
