name,type_cluster,scaffold,SSo,TUPOR_,TUPOR,SESY,ASER
GB_GA_mut_r_0.5_250k_0,dis,csk,231931,30/42,0.7142857142857143,0.06163471032332892,0.0750309359249087
