name,type_cluster,scaffold,USo,SSo,TUPOR_,TUPOR,SESY,ASER,CwASo
GB_GA_mut_r_0.5_250k_3,dis,csk,35309,249958,24/47,0.5106382978723404,0.14125973163491468,0.01943782831413749,4766
