name,type_cluster,scaffold,SSo,TUPOR_,TUPOR,SESY,ASER
GB_GA_mut_r_0.5_250k_4,dis,csk,226454,23/41,0.5609756097560976,0.05361795331502203,0.01260741695885257
