name,type_cluster,scaffold,SSo,TUPOR_,TUPOR,SESY,ASER
GB_GA_mut_r_0.5_250k_1,dis,csk,228156,21/41,0.5121951219512195,0.060515612125037255,0.01209698627255036
