name,type_cluster,scaffold,USo,SSo,TUPOR_,TUPOR,SESY,ASER,CwASo
GB_GA_mut_r_0.5_250k_1,dis,csk,13627,189461,11/41,0.2682926829268293,0.07192509276315442,0.001962028663599344,371
