name,type_cluster,scaffold,SSo,TUPOR_,TUPOR,SESY,ASER
GB_GA_log_p_mut_r_0.01_62.5k_4,sim,csk,56174,8/42,0.19047619047619047,0.12998896286538256,0.0007654786912094563
