name,type_cluster,scaffold,USo,SSo,TUPOR_,TUPOR,TUPOR_unique,TUPOR_1,TUPOR_2,SESY,ASER,CwASo
DrugEx_GT_epsilon_0.6_desired_0,dis,csk,"131,092.0","531,904.0",27/40,0.675,0.0514906,0.0002284,0.7486162,0.246458,0.0070238,"3,736.0"
DrugEx_GT_epsilon_0.6_desired_1,dis,csk,"134,840.0","535,341.0",16/23,0.6956522,0.0515909,8.19e-05,0.4799468,0.2518768,0.0061774,"3,307.0"
DrugEx_GT_epsilon_0.6_desired_2,dis,csk,"141,333.0","559,072.0",14/40,0.35,0.0247642,0.0001164,0.4114308,0.2527993,0.0008997,503.0
DrugEx_GT_epsilon_0.6_desired_3,dis,csk,"127,852.0","483,275.0",23/37,0.6216216,0.0486204,0.0002946,1.0178249,0.2645533,0.0107641,"5,202.0"
DrugEx_GT_epsilon_0.6_desired_4,dis,csk,"129,439.0","439,692.0",36/43,0.8372093,0.0646798,0.0005788,1.7424317,0.2943856,0.0080329,"3,532.0"
DrugEx_GT_epsilon_0.6_desired_mean,dis,csk,"132,911.2","509,856.8",-,0.6358966,0.0482292,0.00026,0.8800501,0.2620146,0.0065796,"3,256.0"
