name,type_cluster,scaffold,USo,SSo,TUPOR_,TUPOR,SESY,ASER,CwASo
GB_GA_mut_r_0.01_250k_0,sim,murcko,151833.0,250000.0,11/172,0.0639535,0.607332,0.0033472,834.0
GB_GA_mut_r_0.01_250k_1,sim,murcko,52603.0,218218.0,6/93,0.0645161,0.2410571,0.0054878,1191.0
GB_GA_mut_r_0.01_250k_2,sim,murcko,54377.0,223006.0,4/65,0.0615385,0.2438365,0.0076635,1696.0
GB_GA_mut_r_0.01_250k_3,sim,murcko,62506.0,225026.0,3/57,0.0526316,0.2777723,0.0008629,194.0
GB_GA_mut_r_0.01_250k_4,sim,murcko,59697.0,224600.0,0/50,0.0,0.2657925,0.0,0.0
GB_GA_mut_r_0.01_250k_mean,sim,murcko,76203.2,228170.0,-,0.0485279,0.3271581,0.0034723,783.0
