name,type_cluster,scaffold,USo,SSo,TUPOR_,TUPOR,SESY,ASER,CwASo
GB_GA_mut_r_0.01_250k_3,sim,murcko,62506,225026,3/57,0.05263157894736842,0.277772346306649,0.0008628664958724736,194
