name,type_cluster,scaffold,USo,SSo,TUPOR_,TUPOR,SESY,ASER,CwASo
GB_GA_mut_r_0.01_250k_2,sim,murcko,54377,223006,4/65,0.06153846153846154,0.2438364887043398,0.007663458497130722,1696
