name,type_cluster,scaffold,USo,SSo,TUPOR_,TUPOR,SESY,ASER,CwASo
GB_GA_mut_r_0.01_250k_0,sim,murcko,151833,250000,11/172,0.06395348837209303,0.607332,0.0033471661462639367,834
