name,type_cluster,scaffold,SSo,TUPOR_,TUPOR,SESY,ASER
GB_GA_mut_r_0.01_250k_3,sim,murcko,238836,18/57,0.3157894736842105,0.2978571069687987,0.01516521797383979
