name,type_cluster,scaffold,SSo,TUPOR_,TUPOR,SESY,ASER
GB_GA_mut_r_0.01_250k_3,sim,murcko,225026,3/57,0.05263157894736842,0.277772346306649,0.0008628664958724736
