name,type_cluster,scaffold,SSo,TUPOR_,TUPOR,SESY,ASER
GB_GA_mut_r_0.01_250k_1,sim,murcko,239798,33/93,0.3548387096774194,0.29136606643925306,0.0070058966296633
