name,type_cluster,scaffold,SSo,TUPOR_,TUPOR,SESY,ASER
GB_GA_mut_r_0.01_250k_0,sim,murcko,242519,70/172,0.4069767441860465,0.4437879094009129,0.061492089279602834
