name,type_cluster,scaffold,SSo,TUPOR_,TUPOR,SESY,ASER
GB_GA_mut_r_0.01_250k_2,sim,murcko,238595,24/65,0.36923076923076925,0.29211006098199876,0.01178985309834657
