name,type_cluster,scaffold,USo,SSo,TUPOR_,TUPOR,SESY,ASER,CwASo
GB_GA_mut_r_0.01_250k_1,sim,murcko,52603,218218,6/93,0.06451612903225806,0.2410571080295851,0.00548779644928972,1191
