name,type_cluster,scaffold,USo,SSo,TUPOR_,TUPOR,SESY,ASER,ACR,CwASo
DrugEx_RNN_epsilon_0.6_100k_0,sim,csk,23097.0,98802.0,42/46,0.9130435,0.2337706,0.1267705,0.0018217,11116.0
DrugEx_RNN_epsilon_0.6_100k_1,sim,csk,18973.0,98480.0,34/44,0.7727273,0.1926584,0.032729,0.0017952,3121.0
DrugEx_RNN_epsilon_0.6_100k_2,sim,csk,21237.0,98964.0,35/42,0.8333333,0.2145932,0.0262568,0.0016508,2532.0
DrugEx_RNN_epsilon_0.6_100k_3,sim,csk,15973.0,97893.0,29/42,0.6904762,0.1631679,0.0489247,0.0018189,4566.0
DrugEx_RNN_epsilon_0.6_100k_4,sim,csk,16351.0,97926.0,26/42,0.6190476,0.166973,0.0053798,0.0015926,524.0
DrugEx_RNN_epsilon_0.6_100k_mean,sim,csk,19126.2,98413.0,-,0.7657256,0.1942326,0.0480122,0.0017359,4371.8
