name,type_cluster,scaffold,SSo,TUPOR_,TUPOR,SESY,ASER
GB_GA_log_p_mut_r_0.5_125k_3,dis,csk,124999,12/37,0.32432432432432434,0.2230497843982752,0.0024880199041592333
