name,type_cluster,scaffold,SSo,TUPOR_,TUPOR,SESY,ASER
GB_GA_log_p_mut_r_0.01_250k_2,dis,murcko,222035,1/102,0.00980392156862745,0.260310311437386,6.305312225550026e-05
