name,type_cluster,scaffold,USo,SSo,TUPOR_,TUPOR,SESY,ASER,ASR,CwASo
DrugEx_RNN_epsilon_0.1_100k_0,sim,murcko,58378.0,100000.0,6/115,0.0521739,0.58378,0.0087764,0.0001028,870.0
DrugEx_RNN_epsilon_0.1_100k_1,sim,murcko,55987.0,99996.0,10/100,0.1,0.5598924,0.0029991,0.0001786,299.0
DrugEx_RNN_epsilon_0.1_100k_2,sim,murcko,53923.0,99822.0,1/58,0.0172414,0.5401915,0.0002104,1.85e-05,21.0
DrugEx_RNN_epsilon_0.1_100k_3,sim,murcko,64681.0,99966.0,3/51,0.0588235,0.64703,7e-05,4.64e-05,7.0
DrugEx_RNN_epsilon_0.1_100k_4,sim,murcko,57919.0,100000.0,0/40,0.0,0.57919,0.0,0.0,0.0
DrugEx_RNN_epsilon_0.1_100k_mean,sim,murcko,58177.6,99956.8,-,0.0456478,0.5820168,0.0024112,6.93e-05,239.4
