name,type_cluster,scaffold,USo,SSo,TUPOR_,TUPOR,SESY,ASER,ASR,CwASo
DrugEx_RNN_epsilon_0.1_100k_1,sim,murcko,55987,99996,10/100,0.1,0.5598923956958278,0.0029990872343199897,0.0001786448005430802,299
