name,type_cluster,scaffold,USo,SSo,TUPOR_,TUPOR,SESY,ASER,CwASo
addcarbon_250k_3,sim,murcko,3192,250000,3/51,0.058823529411764705,0.012768,0.005025125628140704,1250
