name,type_cluster,scaffold,USo,SSo,TUPOR_,TUPOR,SESY,ASER,CwASo
addcarbon_250k_0,sim,murcko,2583,250000,1/115,0.008695652173913044,0.010332,0.00014802190724227187,37
