name,type_cluster,scaffold,USo,SSo,TUPOR_,TUPOR,SESY,ASER,CwASo
addcarbon_250k_2,sim,murcko,3063,250000,4/58,0.06896551724137931,0.012252,0.0018594511413182867,464
