name,type_cluster,scaffold,SSo,TUPOR_,TUPOR,SESY,ASER
REINVENT_500k_0,sim,murcko,"496,605.0",16/115,0.1391304,0.6203905,0.0100261
REINVENT_500k_1,sim,murcko,"495,076.0",6/100,0.06,0.7497596,5.86e-05
REINVENT_500k_2,sim,murcko,"492,440.0",10/58,0.1724138,0.6589128,0.0001462
REINVENT_500k_3,sim,murcko,"497,483.0",9/51,0.1764706,0.6161718,0.0001608
REINVENT_500k_4,sim,murcko,"494,751.0",2/40,0.05,0.5976966,0.0002345
REINVENT_500k_mean,sim,murcko,"495,271.0",-,0.119603,0.6485863,0.0021252
