name,type_cluster,scaffold,SSo,TUPOR_,TUPOR,SESY,ASER
REINVENT_500k_0,sim,murcko,496605,16/115,0.1391304347826087,0.6203904511633995,0.010026077063259533
