name,type_cluster,scaffold,USo,SSo,TUPOR_,TUPOR,SESY,ASER,ASR,CwASo
REINVENT_500k_3,sim,murcko,358004,497023,9/51,0.17647058823529413,0.7202966462316633,0.0001529338138674748,2.5140015922010085e-05,76
