name,type_cluster,scaffold,USo,SSo,TUPOR_,TUPOR,SESY,ASER,ACR,CwASo
REINVENT_500k_0,sim,murcko,308089,496605,16/115,0.1391304347826087,0.6203904511633995,0.010127617335128736,5.193574250258867e-05,4979
