name,type_cluster,scaffold,USo,SSo,TUPOR_,TUPOR,SESY,ASER,ASR,CwASo
REINVENT_500k_2,sim,murcko,341550,497302,4/58,0.06896551724137931,0.6868060052040812,3.4185627959821836e-05,1.1711453215672267e-05,17
