name,type_cluster,scaffold,USo,SSo,TUPOR_,TUPOR,SESY,ASER,ACR,CwASo
REINVENT_500k_4,sim,murcko,295711,494751,2/40,0.05,0.5976966191073894,0.0002345163605486874,6.763405915951154e-06,116
