name,type_cluster,scaffold,USo,SSo,TUPOR_,TUPOR,SESY,ASER,ASR,CwASo
REINVENT_500k_1,sim,murcko,353103,497402,11/100,0.11,0.7098946124060619,0.0004223720413844149,3.115335380014274e-05,210
