name,type_cluster,scaffold,SSo,TUPOR_,TUPOR,SESY,ASER
REINVENT_500k_3,sim,murcko,497483,9/51,0.17647058823529413,0.6161718088859318,0.0001608095150990084
