name,type_cluster,scaffold,SSo,TUPOR_,TUPOR,SESY,ASER
REINVENT_500k_2,sim,murcko,492440,10/58,0.1724137931034483,0.6589127609454959,0.00014621070587279668
