name,type_cluster,scaffold,USo,SSo,TUPOR_,TUPOR,SESY,ASER,ASR,CwASo
REINVENT_500k_0,sim,murcko,341315,497195,13/115,0.11304347826086956,0.6864811593036937,0.00035209850710232987,3.8089433991010895e-05,175
