name,type_cluster,scaffold,USo,SSo,TUPOR_,TUPOR,SESY,ASER,ACR,CwASo
REINVENT_500k_3,sim,murcko,306535,497483,9/51,0.17647058823529413,0.6161718088859318,0.00016083537895830946,2.9361293984849572e-05,80
