name,type_cluster,scaffold,SSo,TUPOR_,TUPOR,SESY,ASER
GB_GA_new_mut_r_0.5_4,dis,csk,905490,27/41,0.6585365853658537,0.03176512164684315,0.013034931363129356
