name,type_cluster,scaffold,SSo,TUPOR_,TUPOR,SESY,ASER
GB_GA_new_mut_r_0.5_3,dis,csk,930248,33/47,0.7021276595744681,0.03768779938253025,0.2106449032946053
