name,type_cluster,scaffold,USo,SSo,TUPOR_,TUPOR,SESY,ASER,CwASo
DrugEx_RNN_epsilon_0.1_62.5k_0,sim,csk,10264.0,61045.0,30/46,0.6521739,0.1681383,0.21097,10635.0
DrugEx_RNN_epsilon_0.1_62.5k_1,sim,csk,9121.0,61337.0,18/44,0.4090909,0.1487031,0.0413752,2437.0
DrugEx_RNN_epsilon_0.1_62.5k_2,sim,csk,11583.0,61640.0,23/42,0.547619,0.1879137,0.0242095,1457.0
DrugEx_RNN_epsilon_0.1_62.5k_3,sim,csk,8996.0,61601.0,14/42,0.3333333,0.1460366,0.0495996,2911.0
DrugEx_RNN_epsilon_0.1_62.5k_4,sim,csk,7371.0,59526.0,13/42,0.3095238,0.1238282,0.0029824,177.0
DrugEx_RNN_epsilon_0.1_62.5k_mean,sim,csk,9467.0,61029.8,-,0.4503482,0.154924,0.0658273,3523.4
