name,type_cluster,scaffold,USo,SSo,TUPOR_,TUPOR,SESY,ASER,CwASo
DrugEx_RNN_epsilon_0.1_62.5k_1,sim,csk,9121,61337,18/44,0.4090909090909091,0.14870306666449287,0.04137521222410866,2437
