name,type_cluster,scaffold,SSo,TUPOR_,TUPOR,SESY,ASER
DrugEx_RNN_epsilon_0.1_62.5k_4,sim,csk,59526,13/42,0.30952380952380953,0.12382824312065316,0.0029823585907091947
