name,type_cluster,scaffold,SSo,TUPOR_,TUPOR,SESY,ASER
DrugEx_RNN_epsilon_0.1_62.5k_3,sim,csk,61601,14/42,0.3333333333333333,0.14603659031509228,0.04725572636807844
