name,type_cluster,scaffold,SSo,TUPOR_,TUPOR,SESY,ASER
DrugEx_RNN_epsilon_0.1_62.5k_2,sim,csk,61640,23/42,0.5476190476190477,0.1879136924075276,0.023637248539909148
