name,type_cluster,scaffold,USo,SSo,TUPOR_,TUPOR,SESY,ASER,CwASo
DrugEx_RNN_epsilon_0.1_62.5k_0,sim,csk,10264,61045,30/46,0.6521739130434783,0.16813825866164306,0.21097004562586788,10635
