name,type_cluster,scaffold,USo,SSo,TUPOR_,TUPOR,SESY,ASER,CwASo
DrugEx_RNN_epsilon_0.1_62.5k_3,sim,csk,8996,61601,14/42,0.3333333333333333,0.14603659031509228,0.04959959107173283,2911
