name,type_cluster,scaffold,USo,SSo,TUPOR_,TUPOR,SESY,ASER,CwASo
DrugEx_RNN_epsilon_0.1_62.5k_4,sim,csk,7371,59526,13/42,0.30952380952380953,0.12382824312065316,0.0029823585907091947,177
