name,type_cluster,scaffold,SSo,TUPOR_,TUPOR,SESY,ASER
DrugEx_GT_epsilon_0.6_62.5k_1,dis,csk,62417,14/23,0.6086956521739131,0.43053975679702644,0.004501978627617476
