name,type_cluster,scaffold,USo,SSo,TUPOR_,TUPOR,SESY,ASER,CwASo
DrugEx_GT_epsilon_0.6_62.5k_1,dis,csk,26873,62417,14/23,0.6086956521739131,0.43053975679702644,0.004522338097077379,281
