name,type_cluster,scaffold,USo,SSo,TUPOR_,TUPOR,SESY,ASER,CwASo
DrugEx_GT_epsilon_0.6_62.5k_4,dis,csk,31374,62483,32/43,0.7441860465116279,0.5021205767968887,0.018849772530859166,1156
