name,type_cluster,scaffold,USo,SSo,TUPOR_,TUPOR,SESY,ASER,CwASo
DrugEx_GT_epsilon_0.6_62.5k_3,dis,csk,29998,62451,18/37,0.4864864864864865,0.4803445901586844,0.008135987214877233,504
