name,type_cluster,scaffold,USo,SSo,TUPOR_,TUPOR,SESY,ASER,ACR,CwASo
DrugEx_RNN_epsilon_0.6_0,sim,murcko,"515,565.0","913,190.0",121/172,0.7034884,0.5645758,0.0476916,0.0002347,"41,569.0"
DrugEx_RNN_epsilon_0.6_1,sim,murcko,"442,973.0","898,532.0",60/93,0.6451613,0.4929964,0.0043717,0.0001355,"3,911.0"
DrugEx_RNN_epsilon_0.6_2,sim,murcko,"472,873.0","907,303.0",32/65,0.4923077,0.5211853,0.0029038,6.77e-05,"2,627.0"
DrugEx_RNN_epsilon_0.6_3,sim,murcko,"414,725.0","892,856.0",35/57,0.6140351,0.4644926,0.0044663,8.44e-05,"3,970.0"
DrugEx_RNN_epsilon_0.6_4,sim,murcko,"415,330.0","893,844.0",18/50,0.36,0.464656,0.0004276,4.33e-05,382.0
DrugEx_RNN_epsilon_0.6_mean,sim,murcko,"452,293.2","901,145.0",-,0.5629985,0.5015812,0.0119722,0.0001131,"10,491.8"
