name,type_cluster,scaffold,USo,SSo,TUPOR_,TUPOR,SESY,ASER,ACR,CwASo
DrugEx_RNN_epsilon_0.6_3,sim,murcko,414725,892856,35/57,0.6140350877192983,0.464492594550521,0.004466264515359675,8.440039547613881e-05,3970
