name,type_cluster,scaffold,SSo,TUPOR_,TUPOR,SESY,ASER
DrugEx_RNN_epsilon_0.6_2,sim,murcko,905948,32/65,0.49230769230769234,0.5214659119507963,0.002905937300389783
