name,type_cluster,scaffold,USo,SSo,TUPOR_,TUPOR,SESY,ASER,ACR,CwASo
DrugEx_RNN_epsilon_0.6_2,sim,murcko,472873,907303,32/65,0.49230769230769234,0.5211853151593239,0.0029038020241500826,6.76760264021098e-05,2627
