name,type_cluster,scaffold,SSo,TUPOR_,TUPOR,SESY,ASER
DrugEx_RNN_epsilon_0.6_0,sim,murcko,912415,121/172,0.7034883720930233,0.5647024654351365,0.04548478488407139
