name,type_cluster,scaffold,USo,SSo,TUPOR_,TUPOR,SESY,ASER,ACR,CwASo
DrugEx_RNN_epsilon_0.6_4,sim,murcko,415330,893844,18/50,0.36,0.4646560249887005,0.0004275503602839293,4.334090996648303e-05,382
