name,type_cluster,scaffold,SSo,TUPOR_,TUPOR,SESY,ASER
DrugEx_RNN_epsilon_0.6_1,sim,murcko,897954,60/93,0.6451612903225806,0.4930931874015818,0.004372263141117058
