name,type_cluster,scaffold,USo,SSo,TUPOR_,TUPOR,SESY,ASER,ACR,CwASo
DrugEx_RNN_epsilon_0.6_0,sim,murcko,515565,913190,121/172,0.7034883720930233,0.5645758275933814,0.04769159990408675,0.000234749070704092,41569
