name,type_cluster,scaffold,USo,SSo,TUPOR_,TUPOR,SESY,ASER,ASR,CwASo
REINVENT_10k_0,sim,csk,4761.0,9929.0,15/38,0.3947368,0.4795045,0.0095577,0.0031606,94.0
REINVENT_10k_1,sim,csk,4974.0,9945.0,10/38,0.2631579,0.5001508,0.0250464,0.0020145,243.0
REINVENT_10k_2,sim,csk,4816.0,9938.0,7/37,0.1891892,0.4846045,0.0179248,0.0014556,175.0
REINVENT_10k_3,sim,csk,5009.0,9930.0,12/35,0.3428571,0.504431,0.0098647,0.0024014,97.0
REINVENT_10k_4,sim,csk,4796.0,9928.0,8/35,0.2285714,0.4830782,0.0025245,0.0016708,25.0
REINVENT_10k_mean,sim,csk,4871.2,9934.0,-,0.2837025,0.4903538,0.0129836,0.0021406,126.8
