name,type_cluster,scaffold,USo,SSo,TUPOR_,TUPOR,SESY,ASER,ASR,CwASo
REINVENT_10k_2,sim,csk,4816,9938,7/37,0.1891891891891892,0.48460454819883275,0.017924818191129777,0.001455604075691412,175
