name,type_cluster,scaffold,USo,SSo,TUPOR_,TUPOR,SESY,ASER,ASR,CwASo
REINVENT_10k_0,sim,csk,4761,9929,15/38,0.39473684210526316,0.4795044818209286,0.009557702084392475,0.0031605562579013905,94
