name,type_cluster,scaffold,USo,SSo,TUPOR_,TUPOR,SESY,ASER,ASR,CwASo
REINVENT_10k_3,sim,csk,5009,9930,12/35,0.34285714285714286,0.5044310171198388,0.009864741177667039,0.0024014408645187113,97
