name,type_cluster,scaffold,USo,SSo,TUPOR_,TUPOR,SESY,ASER,ASR,CwASo
REINVENT_10k_1,sim,csk,4974,9945,10/38,0.2631578947368421,0.5001508295625943,0.02504638218923933,0.00201450443190975,243
