name,type_cluster,scaffold,USo,SSo,TUPOR_,TUPOR,SESY,ASER,ASR,CwASo
REINVENT_10k_4,sim,csk,4796,9928,8/35,0.22857142857142856,0.4830781627719581,0.0025244875290316065,0.001670843776106934,25
