name,type_cluster,scaffold,USo,SSo,TUPOR_,TUPOR,SESY,ASER,ASR,CwASo
DrugEx_GT_epsilon_0.6_500k_1,dis,csk,152809,499381,17/23,0.7391304347826086,0.30599682406819645,0.0043461646755963155,0.00011126236975757893,2161
