name,type_cluster,scaffold,USo,SSo,TUPOR_,TUPOR,SESY,ASER,ACR,CwASo
DrugEx_GT_epsilon_0.6_500k_2,dis,csk,152367,499730,15/40,0.375,0.30489864526844496,0.0008732330050030643,9.845620667926906e-05,436
