name,type_cluster,scaffold,SSo,TUPOR_,TUPOR,SESY,ASER
DrugEx_GT_epsilon_0.6_500k_1,dis,csk,499381,17/23,0.7391304347826086,0.30599682406819645,0.004327357268298153
