name,type_cluster,scaffold,USo,SSo,TUPOR_,TUPOR,SESY,ASER,ACR,CwASo
DrugEx_GT_epsilon_0.6_500k_3,dis,csk,175374,499590,24/37,0.6486486486486487,0.3510358493965051,0.00800610142406915,0.00013686911890504704,3968
