name,type_cluster,scaffold,USo,SSo,TUPOR_,TUPOR,SESY,ASER,ASR,CwASo
DrugEx_GT_epsilon_0.6_500k_0,dis,csk,153890,499843,28/40,0.7,0.30787667327540846,0.007638281316147032,0.00018198125593063915,3789
