name,type_cluster,scaffold,SSo,TUPOR_,TUPOR,SESY,ASER
DrugEx_GT_epsilon_0.6_500k_3,dis,csk,499590,24/37,0.6486486486486487,0.3510358493965051,0.007942512860545647
