name,type_cluster,scaffold,SSo,TUPOR_,TUPOR,SESY,ASER
DrugEx_GT_epsilon_0.6_500k_4,dis,csk,499902,36/43,0.8372093023255814,0.35994254873955295,0.0187236698392885
