name,type_cluster,scaffold,USo,SSo,TUPOR_,TUPOR,SESY,ASER,ACR,CwASo
DrugEx_GT_epsilon_0.6_500k_4,dis,csk,179936,499902,36/43,0.8372093023255814,0.35994254873955295,0.019080934965813326,0.0002001111728738188,9360
