name,type_cluster,scaffold,USo,SSo,TUPOR_,TUPOR,SESY,ASER,CwASo
GB_GA_mut_r_0.5_62.5k_0,sim,csk,"16,381.0","62,492.0",19/38,0.5,0.2621296,0.0102983,637.0
GB_GA_mut_r_0.5_62.5k_1,sim,csk,"18,258.0","62,500.0",18/38,0.4736842,0.292128,0.0151872,935.0
GB_GA_mut_r_0.5_62.5k_2,sim,csk,"19,716.0","62,496.0",11/37,0.2972973,0.3154762,0.0086182,534.0
GB_GA_mut_r_0.5_62.5k_3,sim,csk,"18,519.0","62,499.0",20/35,0.5714286,0.2963087,0.0128184,791.0
GB_GA_mut_r_0.5_62.5k_4,sim,csk,"17,388.0","62,500.0",11/35,0.3142857,0.278208,0.0029366,183.0
GB_GA_mut_r_0.5_62.5k_mean,sim,csk,"18,052.4","62,497.4",-,0.4313392,0.2888501,0.0099717,616.0
