name,type_cluster,scaffold,SSo,TUPOR_,TUPOR,SESY,ASER
GB_GA_mut_r_0.5_62.5k_1,sim,csk,59553,30/38,0.7894736842105263,0.12190821621077023,0.03766392960891979
