name,type_cluster,scaffold,USo,SSo,TUPOR_,TUPOR,SESY,ASER,CwASo
GB_GA_mut_r_0.5_62.5k_4,sim,csk,17388,62500,11/35,0.3142857142857143,0.278208,0.0029365983599980742,183
