name,type_cluster,scaffold,SSo,TUPOR_,TUPOR,SESY,ASER
GB_GA_mut_r_0.5_62.5k_2,sim,csk,59569,23/37,0.6216216216216216,0.12065000251808827,0.014907082542933405
