name,type_cluster,scaffold,USo,SSo,TUPOR_,TUPOR,SESY,ASER,CwASo
GB_GA_mut_r_0.5_62.5k_3,sim,csk,18519,62499,20/35,0.5714285714285714,0.29630874093985504,0.012818435210993712,791
