name,type_cluster,scaffold,SSo,TUPOR_,TUPOR,SESY,ASER
GB_GA_mut_r_0.5_62.5k_3,sim,csk,62499,20/35,0.5714285714285714,0.29630874093985504,0.012656202499239988
