name,type_cluster,scaffold,USo,SSo,TUPOR_,TUPOR,SESY,ASER,CwASo
GB_GA_mut_r_0.5_62.5k_1,sim,csk,18258,62500,18/38,0.47368421052631576,0.292128,0.015187200519775847,935
