name,type_cluster,scaffold,USo,SSo,TUPOR_,TUPOR,SESY,ASER,CwASo
GB_GA_mut_r_0.5_62.5k_2,sim,csk,19716,62496,11/37,0.2972972972972973,0.31547619047619047,0.008618185339401568,534
