name,type_cluster,scaffold,SSo,TUPOR_,TUPOR,SESY,ASER
GB_GA_mut_r_0.5_62.5k_3,sim,csk,59415,27/35,0.7714285714285715,0.125035765379113,0.021408735167886897
