name,type_cluster,scaffold,SSo,TUPOR_,TUPOR,SESY,ASER
GB_GA_mut_r_0.5_62.5k_4,sim,csk,59362,23/35,0.6571428571428571,0.120110508406051,0.007698527677638894
