name,type_cluster,scaffold,USo,SSo,TUPOR_,TUPOR,TUPOR_unique,TUPOR_1,TUPOR_2,SESY,ASER,CwASo
DrugEx_epsilon_0.4_1,sim,murcko,8182,9997,15/100,0.15,0.18332925934979222,0.0035410623186956087,0.2897297189156747,0.818445533660098,0.006101830549164749,61
