name,type_cluster,scaffold,USo,SSo,TUPOR_,TUPOR,SESY,ASER,ACR,CwASo
DrugEx_RNN_epsilon_0.1_100k_0,sim,murcko,59041.0,98229.0,22/172,0.127907,0.6010547,0.089581,0.0003728,8076.0
DrugEx_RNN_epsilon_0.1_100k_1,sim,murcko,57387.0,98272.0,5/93,0.0537634,0.5839608,0.0042717,8.71e-05,418.0
DrugEx_RNN_epsilon_0.1_100k_2,sim,murcko,55486.0,99083.0,8/65,0.1230769,0.5599952,0.0021037,0.0001442,208.0
DrugEx_RNN_epsilon_0.1_100k_3,sim,murcko,54386.0,98661.0,2/57,0.0350877,0.5512411,0.0017566,3.68e-05,173.0
DrugEx_RNN_epsilon_0.1_100k_4,sim,murcko,45130.0,95435.0,0/50,0.0,0.4728873,0.0,0.0,0.0
DrugEx_RNN_epsilon_0.1_100k_mean,sim,murcko,54286.0,97936.0,-,0.067967,0.5538278,0.0195426,0.0001282,1775.0
