name,type_cluster,scaffold,USo,SSo,TUPOR_,TUPOR,SESY,ASER,CwASo
GB_GA_mut_r_0.5_250k_0,sim,murcko,98432.0,249974.0,11/115,0.0956522,0.393769,0.0029369,732.0
GB_GA_mut_r_0.5_250k_1,sim,murcko,104236.0,249994.0,13/100,0.13,0.416954,0.0031902,795.0
GB_GA_mut_r_0.5_250k_2,sim,murcko,117425.0,249984.0,4/58,0.0689655,0.4697301,0.0033756,841.0
GB_GA_mut_r_0.5_250k_3,sim,murcko,107041.0,249994.0,8/51,0.1568627,0.4281743,0.0056802,1412.0
GB_GA_mut_r_0.5_250k_4,sim,murcko,103728.0,249997.0,4/40,0.1,0.414917,0.0013498,337.0
GB_GA_mut_r_0.5_250k_mean,sim,murcko,106172.4,249988.6,-,0.1102961,0.4247089,0.0033066,823.4
