name,type_cluster,scaffold,USo,SSo,TUPOR_,TUPOR,SESY,ASER,CwASo
GB_GA_mut_r_0.5_250k_2,sim,murcko,117425,249984,4/58,0.06896551724137931,0.46973006272401435,0.0033755714589613194,841
