name,type_cluster,scaffold,SSo,TUPOR_,TUPOR,SESY,ASER
GB_GA_mut_r_0.5_250k_3,sim,murcko,237795,22/51,0.43137254901960786,0.3043335646249921,0.003969805925271768
