name,type_cluster,scaffold,SSo,TUPOR_,TUPOR,SESY,ASER
GB_GA_mut_r_0.5_250k_3,sim,murcko,249994,8/51,0.1568627450980392,0.4281742761826284,0.005648135555253326
