name,type_cluster,scaffold,SSo,TUPOR_,TUPOR,SESY,ASER
GB_GA_mut_r_0.5_250k_0,sim,murcko,238988,44/115,0.3826086956521739,0.34424740991179476,0.022507406229601488
