name,type_cluster,scaffold,USo,SSo,TUPOR_,TUPOR,SESY,ASER,CwASo
GB_GA_mut_r_0.5_250k_0,sim,murcko,98432,249974,11/115,0.09565217391304348,0.393768951971005,0.002936904695035347,732
