name,type_cluster,scaffold,SSo,TUPOR_,TUPOR,SESY,ASER
GB_GA_mut_r_0.5_250k_0,sim,murcko,249974,11/115,0.09565217391304348,0.393768951971005,0.002928304543672542
