name,type_cluster,scaffold,SSo,TUPOR_,TUPOR,SESY,ASER
GB_GA_log_p_mut_r_0.5_125k_0,sim,murcko,124993,18/172,0.10465116279069768,0.5857528021569208,0.01680894130071284
