name,type_cluster,scaffold,SSo,TUPOR_,TUPOR,SESY,ASER
GB_GA_log_p_mut_r_0.5_125k_3,sim,murcko,101585,3/57,0.05263157894736842,0.31033124969237585,0.0004232908401830979
