index,cluster_0,cluster_1,cluster_2,cluster_3,cluster_4
cluster_0_mean,-,0.13264301862032146,0.14933285863310605,0.1428663367316765,0.1541763044404031
cluster_1_mean,0.13264301862032143,-,0.11822516634473694,0.1380513420422534,0.14035754615736734
cluster_2_mean,0.14933285863310605,0.11822516634473694,-,0.15050893765747186,0.13538255578812586
cluster_3_mean,0.1428663367316765,0.1380513420422534,0.15050893765747186,-,0.1345164213815814
cluster_4_mean,0.1541763044404031,0.14035754615736734,0.13538255578812586,0.1345164213815814,-
