name,type_cluster,scaffold,USo,SSo,TUPOR_,TUPOR,SESY,ASER,ACR,CwASo
DrugEx_RNN_epsilon_0.6_500k_0,dis,murcko,270101.0,494621.0,36/106,0.3396226,0.5460767,0.0086217,0.0001333,4228.0
DrugEx_RNN_epsilon_0.6_500k_1,dis,murcko,257934.0,492912.0,18/96,0.1875,0.5232861,0.0007695,6.98e-05,379.0
DrugEx_RNN_epsilon_0.6_500k_2,dis,murcko,238313.0,489275.0,50/102,0.4901961,0.4870737,0.0008714,0.0002099,426.0
DrugEx_RNN_epsilon_0.6_500k_3,dis,murcko,255602.0,497087.0,9/62,0.1451613,0.5141997,0.0308987,3.52e-05,14899.0
DrugEx_RNN_epsilon_0.6_500k_4,dis,murcko,225090.0,487188.0,26/71,0.3661972,0.4620188,0.0064516,0.0001155,3123.0
DrugEx_RNN_epsilon_0.6_500k_mean,dis,murcko,249408.0,492216.6,-,0.3057354,0.506531,0.0095226,0.0001127,4611.0
