name,type_cluster,scaffold,SSo,TUPOR_,TUPOR,SESY,ASER
DrugEx_RNN_epsilon_0.6_500k_0,dis,murcko,"494,362.0",36/106,0.3396226,0.5461666,0.0085464
DrugEx_RNN_epsilon_0.6_500k_1,dis,murcko,"492,580.0",18/96,0.1875,0.5233749,0.0007694
DrugEx_RNN_epsilon_0.6_500k_2,dis,murcko,"489,039.0",50/102,0.4901961,0.4871452,0.0008711
DrugEx_RNN_epsilon_0.6_500k_3,dis,murcko,"496,605.0",9/62,0.1451613,0.5143968,0.0299775
DrugEx_RNN_epsilon_0.6_500k_4,dis,murcko,"487,080.0",26/71,0.3661972,0.4620411,0.0064117
DrugEx_RNN_epsilon_0.6_500k_mean,dis,murcko,"491,933.2",-,0.3057354,0.5066249,0.0093152
