name,type_cluster,scaffold,SSo,TUPOR_,TUPOR,SESY,ASER
DrugEx_RNN_epsilon_0.6_500k_0,dis,murcko,494362,36/106,0.33962264150943394,0.5461665742917133,0.008620038887086671
