name,type_cluster,scaffold,USo,SSo,TUPOR_,TUPOR,SESY,ASER,ACR,CwASo
DrugEx_RNN_epsilon_0.6_500k_2,dis,murcko,238313,489275,50/102,0.49019607843137253,0.4870737315415666,0.0008714347375160837,0.00020985213818343595,426
