name,type_cluster,scaffold,SSo,TUPOR_,TUPOR,SESY,ASER
DrugEx_RNN_epsilon_0.6_500k_4,dis,murcko,487080,26/71,0.36619718309859156,0.4620411431387041,0.006411677753141168
