name,type_cluster,scaffold,SSo,TUPOR_,TUPOR,SESY,ASER
DrugEx_RNN_epsilon_0.6_500k_2,dis,murcko,489039,50/102,0.49019607843137253,0.4871451970088275,0.0008718556403534085
