name,type_cluster,scaffold,USo,SSo,TUPOR_,TUPOR,SESY,ASER,ACR,CwASo
DrugEx_RNN_epsilon_0.6_500k_4,dis,murcko,225090,487188,26/71,0.36619718309859156,0.46201876893519545,0.0064516129032258064,0.00011552269576653752,3123
