name,type_cluster,scaffold,SSo,TUPOR_,TUPOR,SESY,ASER
DrugEx_RNN_epsilon_0.6_500k_3,dis,murcko,496605,9/62,0.14516129032258066,0.5143967539593842,0.03090397286379168
