name,type_cluster,scaffold,USo,SSo,TUPOR_,TUPOR,SESY,ASER,ACR,CwASo
DrugEx_RNN_epsilon_0.6_500k_0,dis,murcko,270101,494621,36/106,0.33962264150943394,0.5460766930639823,0.008621656508147547,0.00013330124229352192,4228
