name,type_cluster,scaffold,USo,SSo,TUPOR_,TUPOR,SESY,ASER,CwASo
REINVENT_250k_0,sim,csk,40195.0,247002.0,31/46,0.673913,0.1627315,0.0163102,3964.0
REINVENT_250k_1,sim,csk,33874.0,247270.0,23/44,0.5227273,0.136992,0.0189054,4588.0
REINVENT_250k_2,sim,csk,39646.0,247671.0,22/42,0.5238095,0.1600753,0.0053827,1326.0
REINVENT_250k_3,sim,csk,40805.0,247318.0,24/42,0.5714286,0.16499,0.0087119,2136.0
REINVENT_250k_4,sim,csk,39382.0,247274.0,17/42,0.4047619,0.1592646,0.0040972,1009.0
REINVENT_250k_mean,sim,csk,38780.4,247307.0,-,0.5393281,0.1568107,0.0106815,2604.6
