name,type_cluster,scaffold,SSo,TUPOR_,TUPOR,SESY,ASER
REINVENT_250k_4,sim,csk,247274,17/42,0.40476190476190477,0.15926462143209558,0.0040972123525470526
