name,type_cluster,scaffold,USo,SSo,TUPOR_,TUPOR,SESY,ASER,CwASo
REINVENT_250k_0,sim,csk,40195,247002,31/46,0.6739130434782609,0.16273147585849507,0.016310206634353477,3964
