name,type_cluster,scaffold,USo,SSo,TUPOR_,TUPOR,SESY,ASER,CwASo
REINVENT_250k_4,sim,csk,39382,247274,17/42,0.40476190476190477,0.15926462143209558,0.0040972123525470526,1009
