name,type_cluster,scaffold,USo,SSo,TUPOR_,TUPOR,SESY,ASER,CwASo
REINVENT_250k_1,sim,csk,33874,247270,23/44,0.5227272727272727,0.13699195211711893,0.018905398834689016,4588
