name,type_cluster,scaffold,SSo,TUPOR_,TUPOR,SESY,ASER
REINVENT_250k_2,sim,csk,247671,22/42,0.5238095238095238,0.16007526113271234,0.005353876715481425
