name,type_cluster,scaffold,SSo,TUPOR_,TUPOR,SESY,ASER
REINVENT_250k_1,sim,csk,247270,23/44,0.5227272727272727,0.13699195211711893,0.01855461641121042
