name,type_cluster,scaffold,SSo,TUPOR_,TUPOR,SESY,ASER
REINVENT_250k_3,sim,csk,247318,24/42,0.5714285714285714,0.16499001285794,0.00863665402437348
