name,type_cluster,scaffold,USo,SSo,TUPOR_,TUPOR,SESY,ASER,CwASo
REINVENT_250k_3,sim,csk,40805,247318,24/42,0.5714285714285714,0.16499001285794,0.0087118956530251,2136
