name,type_cluster,scaffold,USo,SSo,TUPOR_,TUPOR,SESY,ASER,CwASo
REINVENT_250k_2,sim,csk,39646,247671,22/42,0.5238095238095238,0.16007526113271234,0.0053826950009133534,1326
