name,type_cluster,scaffold,SSo,TUPOR_,TUPOR,SESY,ASER
REINVENT_250k_0,sim,csk,247002,31/46,0.6739130434782609,0.16273147585849507,0.016310206634353477
