name,type_cluster,scaffold,uniq_scaffolds,set_size,TUPOR_,TUPOR,SESY,ASER,tRS
Molpher_0,sim,csk,"140,008.0","1,107,575.0",32/44,0.7272727,0.1264095,0.0149994,"16,613.0"
Molpher_1,sim,csk,"129,729.0","1,037,819.0",29/42,0.6904762,0.1250016,0.016657,"17,287.0"
Molpher_2,sim,csk,"124,844.0","989,110.0",25/40,0.625,0.1262185,0.0113102,"11,187.0"
Molpher_3,sim,csk,"118,527.0","981,771.0",31/40,0.775,0.1207277,0.0118011,"11,586.0"
Molpher_4,sim,csk,"132,680.0","1,123,432.0",23/40,0.575,0.1181024,0.0021648,"2,432.0"
Molpher_mean,sim,csk,"129,157.6","1,047,941.4",-,0.6785498,0.1232919,0.0113865,"11,821.0"
