name,type_cluster,scaffold,USo,SSo,TUPOR_,TUPOR,TUPOR_unique,TUPOR_1,TUPOR_2,SESY,ASER,CwASo
Molpher_0,sim,csk,"109,136.0","855,964.0",29/38,0.7631579,0.0699272,0.0004333,1.2444562,0.1275007,0.0143768,"12,306.0"
Molpher_1,sim,csk,"102,110.0","818,233.0",28/38,0.7368421,0.0721616,0.0002125,0.5710763,0.1247933,0.0209574,"17,148.0"
Molpher_2,sim,csk,"101,071.0","804,684.0",23/37,0.6216216,0.0615035,0.0001043,0.2848783,0.1256033,0.0131617,"10,591.0"
Molpher_3,sim,csk,"98,457.0","801,639.0",26/35,0.7428571,0.0754499,5.84e-05,0.1642274,0.1228196,0.0124495,"9,980.0"
Molpher_4,sim,csk,"108,264.0","901,697.0",22/35,0.6285714,0.0580591,2.93e-05,0.0905648,0.1200669,0.0041821,"3,771.0"
Molpher_mean,sim,csk,"103,807.6","836,443.4",-,0.69861,0.0674203,0.0001676,0.4710406,0.1241568,0.0130255,"10,759.2"
