name,type_cluster,scaffold,uniq_scaffolds,set_size,TUPOR_,TUPOR,SESY,ASER,tRS
Molpher_0,sim,csk,140008.0,1107575.0,32/44,0.7272727,0.1264095,0.0149994,16613.0
Molpher_1,sim,csk,129729.0,1037819.0,29/42,0.6904762,0.1250016,0.016657,17287.0
Molpher_2,sim,csk,124844.0,989110.0,25/40,0.625,0.1262185,0.0113102,11187.0
Molpher_3,sim,csk,118527.0,981771.0,31/40,0.775,0.1207277,0.0118011,11586.0
Molpher_4,sim,csk,132680.0,1123432.0,23/40,0.575,0.1181024,0.0021648,2432.0
Molpher_mean,sim,csk,129157.6,1047941.4,-,0.6785498,0.1232919,0.0113865,11821.0
