name,type_cluster,scaffold,USo,SSo,TUPOR_,TUPOR,TUPOR_unique,TUPOR_1,TUPOR_2,SESY,ASER,CwASo
Molpher_3,sim,csk,98457,801639,26/35,0.7428571428571429,0.07544990634054896,5.838039316949399e-05,0.16422738200825343,0.12281962329677074,0.012449494098964746,9980
