name,type_cluster,scaffold,uniq_scaffolds,set_size,TUPOR_,TUPOR,SESY,ASER,tRS
Molpher_0,sim,csk,140008,1107575,32/44,0.7272727272727273,0.12640949822811096,0.014999435704128388,16613
