name,type_cluster,scaffold,USo,SSo,TUPOR_,TUPOR,TUPOR_unique,TUPOR_1,TUPOR_2,SESY,ASER,CwASo
Molpher_4,sim,csk,108264,901697,22/35,0.6285714285714286,0.05805913586893414,2.927812779680979e-05,0.09056477793696616,0.12006694044673544,0.004182114390976126,3771
