name,type_cluster,scaffold,USo,SSo,TUPOR_,TUPOR,SESY,ASER,ASR,CwASo
Molpher_4,sim,csk,108264,901697,22/35,0.6285714285714286,0.12006694044673544,0.004199677924461481,0.00020324827700892445,3771
