name,type_cluster,scaffold,USo,SSo,TUPOR_,TUPOR,SESY,ASER,ASR,CwASo
Molpher_0,sim,csk,109136,855964,29/38,0.7631578947368421,0.1275006892813249,0.014586479355378601,0.0002657941286993502,12306
