name,type_cluster,scaffold,SSo,TUPOR_,TUPOR,SESY,ASER
Molpher_4,sim,csk,901697,22/35,0.6285714285714286,0.12006694044673544,0.004182114390976126
