name,type_cluster,scaffold,USo,SSo,TUPOR_,TUPOR,TUPOR_unique,TUPOR_1,TUPOR_2,SESY,ASER,CwASo
Molpher_2,sim,csk,101071,804684,23/37,0.6216216216216216,0.061503460104443575,0.00010428804216179135,0.2848782894414707,0.12560334243007193,0.013161688314916166,10591
