name,type_cluster,scaffold,SSo,TUPOR_,TUPOR,SESY,ASER
Molpher_0,sim,csk,855964,29/38,0.7631578947368421,0.1275006892813249,0.014376772854933152
