name,type_cluster,scaffold,USo,SSo,TUPOR_,TUPOR,SESY,ASER,ACR,CwASo
Molpher_3,sim,csk,98457,801639,26/35,0.7428571428571429,0.12281962329677074,0.012606437872872031,0.0002641444260446404,9980
