name,type_cluster,scaffold,SSo,TUPOR_,TUPOR,SESY,ASER
Molpher_2,sim,csk,804684,23/37,0.6216216216216216,0.12560334243007193,0.013161688314916166
