name,type_cluster,scaffold,USo,SSo,TUPOR_,TUPOR,TUPOR_unique,TUPOR_1,TUPOR_2,SESY,ASER,CwASo
Molpher_0,sim,csk,109136,855964,29/38,0.7631578947368421,0.0699272370928788,0.00043330646714360093,1.244456173636422,0.1275006892813249,0.014376772854933152,12306
