name,type_cluster,scaffold,USo,SSo,TUPOR_,TUPOR,TUPOR_unique,TUPOR_set,SESY,ASER,CwASo
Molpher_1,sim,csk,102110,818233,28/38,0.7368421052631579,0.07216160075048064,0.00900528462263387,0.12479330459661246,0.020957355667639902,17148
