name,type_cluster,scaffold,SSo,TUPOR_,TUPOR,SESY,ASER
Molpher_3,sim,csk,801639,26/35,0.7428571428571429,0.12281962329677074,0.012449494098964746
