name,type_cluster,scaffold,USo,SSo,TUPOR_,TUPOR,SESY,ASER,ASR,CwASo
Molpher_1,sim,csk,102110,818233,28/38,0.7368421052631579,0.12479330459661246,0.021405968155688848,0.00027428929683979546,17148
