name,type_cluster,scaffold,uniq_scaffolds,set_size,TUPOR_,TUPOR,SESY,ASER,tRS
Molpher_1,sim,csk,129729,1037819,29/42,0.6904761904761905,0.12500156578362895,0.016657047134423248,17287
