name,type_cluster,scaffold,SSo,TUPOR_,TUPOR,SESY,ASER
Molpher_1,sim,csk,818233,28/38,0.7368421052631579,0.12479330459661246,0.020957355667639902
