name,type_cluster,scaffold,SSo,TUPOR_,TUPOR,SESY,ASER
GB_GA_log_p_mut_r_0.5_125k_3,dis,murcko,124985,4/62,0.06451612903225806,0.5013721646597592,0.0031443773252790336
