name,type_cluster,scaffold,SSo,TUPOR_,TUPOR,SESY,ASER
GB_GA_log_p_mut_r_0.5_125k_1,dis,murcko,94609,1/96,0.010416666666666666,0.28498345823336046,1.0569818939001575e-05
