name,type_cluster,scaffold,USo,SSo,TUPOR_,TUPOR,SESY,ASER,ACR,CwASo
DrugEx_RNN_epsilon_0.1_10k_1,dis,csk,2275,9856,10/41,0.24390243902439024,0.23082386363636365,0.01035366478728857,0.004415011037527594,101
