name,type_cluster,scaffold,SSo,TUPOR_,TUPOR,SESY,ASER
GB_GA_new_mut_r_0.5_2,dis,murcko,913181,45/102,0.4411764705882353,0.22195709284358742,0.0010676963274531554
