name,type_cluster,scaffold,SSo,TUPOR_,TUPOR,SESY,ASER
GB_GA_log_p_mut_r_0.01_500k_1,sim,csk,499983,22/38,0.5789473684210527,0.20989513643463878,0.007934269765172015
