name,type_cluster,scaffold,SSo,TUPOR_,TUPOR,SESY,ASER
GB_GA_log_p_mut_r_0.01_500k_4,sim,csk,499966,17/35,0.4857142857142857,0.19093498357888336,0.002614177764087958
