name,type_cluster,scaffold,USo,SSo,TUPOR_,TUPOR,SESY,ASER,CwASo
GB_GA_mut_r_0.5_125k_0,sim,murcko,"31,750.0","113,494.0",45/172,0.2616279,0.2797505,0.172156,"16,669.0"
GB_GA_mut_r_0.5_125k_1,sim,murcko,"22,380.0","105,872.0",20/93,0.2150538,0.2113873,0.0039257,414.0
GB_GA_mut_r_0.5_125k_2,sim,murcko,"22,939.0","106,369.0",12/65,0.1846154,0.2156549,0.0102383,"1,078.0"
GB_GA_mut_r_0.5_125k_3,sim,murcko,"23,817.0","107,239.0",9/57,0.1578947,0.2220927,0.002796,299.0
GB_GA_mut_r_0.5_125k_4,sim,murcko,"23,560.0","107,283.0",2/50,0.04,0.2196061,1.86e-05,2.0
GB_GA_mut_r_0.5_125k_mean,sim,murcko,"24,889.2","108,051.4",-,0.1718384,0.2296983,0.0378269,"3,692.4"
