name,type_cluster,scaffold,USo,SSo,TUPOR_,TUPOR,SESY,ASER,CwASo
GB_GA_mut_r_0.5_125k_0,sim,murcko,73215,124993,18/172,0.10465116279069768,0.5857528021569208,0.017096312209094165,2101
