name,type_cluster,scaffold,SSo,TUPOR_,TUPOR,SESY,ASER
GB_GA_mut_r_0.5_125k_1,sim,murcko,95198,5/93,0.053763440860215055,0.27035231832601525,0.004293656570771486
