name,type_cluster,scaffold,USo,SSo,TUPOR_,TUPOR,SESY,ASER,CwASo
GB_GA_mut_r_0.5_125k_3,sim,murcko,23817,107239,9/57,0.15789473684210525,0.22209270880929513,0.0027959603515990273,299
