name,type_cluster,scaffold,USo,SSo,TUPOR_,TUPOR,SESY,ASER,CwASo
GB_GA_mut_r_0.5_125k_0,sim,murcko,31750,113494,45/172,0.2616279069767442,0.2797504713905581,0.17215595145881746,16669
