name,type_cluster,scaffold,SSo,TUPOR_,TUPOR,SESY,ASER
GB_GA_mut_r_0.5_125k_0,sim,murcko,117527,79/172,0.45930232558139533,0.4304117351757468,0.07915627898270185
