name,type_cluster,scaffold,SSo,TUPOR_,TUPOR,SESY,ASER
GB_GA_mut_r_0.5_125k_3,sim,murcko,115974,20/57,0.3508771929824561,0.3154672599030817,0.01118354113853105
