name,type_cluster,scaffold,USo,SSo,TUPOR_,TUPOR,SESY,ASER,CwASo
GB_GA_mut_r_0.5_125k_2,sim,murcko,28444,97762,3/65,0.046153846153846156,0.2909514944456946,0.0035620797618436586,347
