name,type_cluster,scaffold,USo,SSo,TUPOR_,TUPOR,SESY,ASER,CwASo
GB_GA_mut_r_0.5_125k_1,sim,murcko,22380,105872,20/93,0.21505376344086022,0.21138733565059695,0.003925733467351931,414
