name,type_cluster,scaffold,USo,SSo,TUPOR_,TUPOR,SESY,ASER,CwASo
GB_GA_mut_r_0.5_125k_2,sim,murcko,22939,106369,12/65,0.18461538461538463,0.2156549370587295,0.010238291971773466,1078
