name,type_cluster,scaffold,USo,SSo,TUPOR_,TUPOR,SESY,ASER,CwASo
GB_GA_mut_r_0.5_125k_3,sim,murcko,31525,101585,3/57,0.05263157894736842,0.31033124969237585,0.00042347009119379173,43
