name,type_cluster,scaffold,SSo,TUPOR_,TUPOR,SESY,ASER
GB_GA_mut_r_0.01_250k_0,sim,csk,"250,000.0",22/38,0.5789474,0.251432,0.006868
GB_GA_mut_r_0.01_250k_1,sim,csk,"249,994.0",22/38,0.5789474,0.2620703,0.0081162
GB_GA_mut_r_0.01_250k_2,sim,csk,"249,998.0",15/37,0.4054054,0.2686661,0.0063281
GB_GA_mut_r_0.01_250k_3,sim,csk,"249,998.0",21/35,0.6,0.2409299,0.0086241
GB_GA_mut_r_0.01_250k_4,sim,csk,"249,987.0",17/35,0.4857143,0.2413766,0.0025401
GB_GA_mut_r_0.01_250k_mean,sim,csk,"249,995.4",-,0.5298029,0.252895,0.0064953
