name,type_cluster,scaffold,USo,SSo,TUPOR_,TUPOR,SESY,ASER,CwASo
GB_GA_mut_r_0.01_250k_0,sim,csk,"62,858.0","250,000.0",22/38,0.5789474,0.251432,0.0069155,"1,717.0"
GB_GA_mut_r_0.01_250k_1,sim,csk,"65,516.0","249,994.0",22/38,0.5789474,0.2620703,0.0081826,"2,029.0"
GB_GA_mut_r_0.01_250k_2,sim,csk,"67,166.0","249,998.0",15/37,0.4054054,0.2686661,0.0063683,"1,582.0"
GB_GA_mut_r_0.01_250k_3,sim,csk,"60,232.0","249,998.0",21/35,0.6,0.2409299,0.0086991,"2,156.0"
GB_GA_mut_r_0.01_250k_4,sim,csk,"60,341.0","249,987.0",17/35,0.4857143,0.2413766,0.0025466,635.0
GB_GA_mut_r_0.01_250k_mean,sim,csk,"63,222.6","249,995.4",-,0.5298029,0.252895,0.0065424,"1,623.8"
