name,type_cluster,scaffold,SSo,TUPOR_,TUPOR,SESY,ASER
GB_GA_mut_r_0.01_250k_1,sim,csk,240825,31/38,0.8157894736842105,0.08946745562130178,0.040120419391674454
