name,type_cluster,scaffold,USo,SSo,TUPOR_,TUPOR,SESY,ASER,CwASo
GB_GA_mut_r_0.01_250k_0,sim,csk,62858,250000,22/38,0.5789473684210527,0.251432,0.006915495623945256,1717
