name,type_cluster,scaffold,SSo,TUPOR_,TUPOR,SESY,ASER
GB_GA_mut_r_0.01_250k_3,sim,csk,242243,29/35,0.8285714285714286,0.09265489611670925,0.017482445313177265
