name,type_cluster,scaffold,SSo,TUPOR_,TUPOR,SESY,ASER
GB_GA_mut_r_0.01_250k_2,sim,csk,242688,26/37,0.7027027027027027,0.09035881460970464,0.018377505274261602
