name,type_cluster,scaffold,USo,SSo,TUPOR_,TUPOR,SESY,ASER,CwASo
GB_GA_mut_r_0.01_250k_2,sim,csk,67166,249998,15/37,0.40540540540540543,0.26866614932919464,0.006368349864743012,1582
