name,type_cluster,scaffold,USo,SSo,TUPOR_,TUPOR,SESY,ASER,CwASo
GB_GA_mut_r_0.01_250k_4,sim,csk,60341,249987,17/35,0.4857142857142857,0.2413765515806822,0.0025466007892457248,635
