name,type_cluster,scaffold,USo,SSo,TUPOR_,TUPOR,SESY,ASER,CwASo
GB_GA_mut_r_0.01_250k_1,sim,csk,65516,249994,22/38,0.5789473684210527,0.2620702896869525,0.008182606416228097,2029
