name,type_cluster,scaffold,SSo,TUPOR_,TUPOR,SESY,ASER
GB_GA_mut_r_0.01_250k_4,sim,csk,249987,17/35,0.4857142857142857,0.2413765515806822,0.0025401320868685172
