name,type_cluster,scaffold,SSo,TUPOR_,TUPOR,SESY,ASER
GB_GA_mut_r_0.01_250k_4,sim,csk,242367,26/35,0.7428571428571429,0.08771408648867214,0.005842379531866962
