name,type_cluster,scaffold,SSo,TUPOR_,TUPOR,SESY,ASER
GB_GA_mut_r_0.01_250k_0,sim,csk,245114,32/38,0.8421052631578947,0.11477924557552813,0.029023230007261928
