name,type_cluster,scaffold,USo,SSo,TUPOR_,TUPOR,SESY,ASER,CwASo
REINVENT_125k_0,sim,csk,"33,628.0","124,114.0",20/38,0.5263158,0.2709445,0.0144094,"1,763.0"
REINVENT_125k_1,sim,csk,"46,061.0","123,807.0",13/38,0.3421053,0.3720387,0.0122063,"1,493.0"
REINVENT_125k_2,sim,csk,"32,683.0","123,101.0",15/37,0.4054054,0.2654974,0.0063355,775.0
REINVENT_125k_3,sim,csk,"18,180.0","124,366.0",13/35,0.3714286,0.1461814,0.0011028,137.0
REINVENT_125k_4,sim,csk,"15,890.0","123,677.0",10/35,0.2857143,0.1284798,0.0099874,"1,223.0"
REINVENT_125k_mean,sim,csk,"29,288.4","123,813.0",-,0.3861939,0.2366284,0.0088083,"1,078.2"
