name,type_cluster,scaffold,SSo,TUPOR_,TUPOR,SESY,ASER
REINVENT_125k_0,sim,csk,124114,20/38,0.5263157894736842,0.27094445429202185,0.014204682791627052
