name,type_cluster,scaffold,SSo,TUPOR_,TUPOR,SESY,ASER
REINVENT_125k_4,sim,csk,123677,10/35,0.2857142857142857,0.12847983052629025,0.009888661594314221
