name,type_cluster,scaffold,SSo,TUPOR_,TUPOR,SESY,ASER
REINVENT_125k_2,sim,csk,123101,15/37,0.40540540540540543,0.26549743706387435,0.006295643414756988
