name,type_cluster,scaffold,USo,SSo,TUPOR_,TUPOR,SESY,ASER,CwASo
REINVENT_125k_0,sim,csk,33628,124114,20/38,0.5263157894736842,0.27094445429202185,0.01440936322547425,1763
