name,type_cluster,scaffold,SSo,TUPOR_,TUPOR,SESY,ASER
REINVENT_125k_1,sim,csk,123807,13/38,0.34210526315789475,0.37203873771273027,0.012059091973797927
