name,type_cluster,scaffold,USo,SSo,TUPOR_,TUPOR,SESY,ASER,CwASo
REINVENT_125k_3,sim,csk,18180,124366,13/35,0.37142857142857144,0.14618143222424135,0.0011028020832494828,137
