name,type_cluster,scaffold,USo,SSo,TUPOR_,TUPOR,SESY,ASER,CwASo
REINVENT_125k_2,sim,csk,32683,123101,15/37,0.40540540540540543,0.26549743706387435,0.0063355296502787635,775
