name,type_cluster,scaffold,SSo,TUPOR_,TUPOR,SESY,ASER
REINVENT_125k_3,sim,csk,124366,13/35,0.37142857142857144,0.14618143222424135,0.0011015872505347121
