name,type_cluster,scaffold,USo,SSo,TUPOR_,TUPOR,SESY,ASER,CwASo
REINVENT_125k_1,sim,csk,46061,123807,13/38,0.34210526315789475,0.37203873771273027,0.012206288732279216,1493
