name,type_cluster,scaffold,USo,SSo,TUPOR_,TUPOR,SESY,ASER,CwASo
GB_GA_mut_r_0.01_125k_0,dis,murcko,"70,308.0","124,999.0",1/92,0.0108696,0.5624685,8e-06,1.0
GB_GA_mut_r_0.01_125k_1,dis,murcko,"69,551.0","124,987.0",3/34,0.0882353,0.5564659,4e-05,5.0
GB_GA_mut_r_0.01_125k_2,dis,murcko,"75,399.0","124,991.0",3/64,0.046875,0.6032354,0.0003842,48.0
GB_GA_mut_r_0.01_125k_3,dis,murcko,"74,005.0","124,996.0",5/76,0.0657895,0.5920589,0.0007846,98.0
GB_GA_mut_r_0.01_125k_4,dis,murcko,"74,762.0","124,991.0",6/98,0.0612245,0.5981391,0.0006405,80.0
GB_GA_mut_r_0.01_125k_mean,dis,murcko,"72,805.0","124,992.8",-,0.0545988,0.5824736,0.0003715,46.4
