name,type_cluster,scaffold,SSo,TUPOR_,TUPOR,SESY,ASER
GB_GA_mut_r_0.01_125k_0,dis,murcko,121651,10/92,0.10869565217391304,0.34633500752151647,0.0029099637487566892
