name,type_cluster,scaffold,USo,SSo,TUPOR_,TUPOR,SESY,ASER,CwASo
GB_GA_mut_r_0.01_125k_0,dis,murcko,70308,124999,1/92,0.010869565217391304,0.562468499747998,8.000128002048032e-06,1
