name,type_cluster,scaffold,SSo,TUPOR_,TUPOR,SESY,ASER
GB_GA_mut_r_0.01_125k_2,dis,murcko,121816,7/64,0.109375,0.38961220200958824,0.0011574834176134498
