name,type_cluster,scaffold,USo,SSo,TUPOR_,TUPOR,SESY,ASER,CwASo
GB_GA_mut_r_0.01_125k_3,dis,murcko,74005,124996,5/76,0.06578947368421052,0.5920589458862684,0.0007846402664574292,98
