name,type_cluster,scaffold,SSo,TUPOR_,TUPOR,SESY,ASER
GB_GA_mut_r_0.01_125k_1,dis,murcko,121230,9/34,0.2647058823529412,0.34788418708240537,0.00030520498226511587
