name,type_cluster,scaffold,SSo,TUPOR_,TUPOR,SESY,ASER
GB_GA_mut_r_0.01_125k_1,dis,murcko,124987,3/34,0.08823529411764706,0.5564658724507349,4.0004160432685e-05
