name,type_cluster,scaffold,SSo,TUPOR_,TUPOR,SESY,ASER
GB_GA_mut_r_0.01_125k_4,dis,murcko,124991,6/98,0.061224489795918366,0.5981390660127529,0.0006400460833179989
