name,type_cluster,scaffold,USo,SSo,TUPOR_,TUPOR,SESY,ASER,CwASo
GB_GA_mut_r_0.01_125k_4,dis,murcko,74762,124991,6/98,0.061224489795918366,0.5981390660127529,0.0006404560046753289,80
