name,type_cluster,scaffold,SSo,TUPOR_,TUPOR,SESY,ASER
GB_GA_mut_r_0.01_125k_4,dis,murcko,120230,20/98,0.20408163265306123,0.33379356233885055,0.005331448057889046
