name,type_cluster,scaffold,USo,SSo,TUPOR_,TUPOR,SESY,ASER,CwASo
GB_GA_mut_r_0.01_125k_1,dis,murcko,69551,124987,3/34,0.08823529411764706,0.5564658724507349,4.000576082955946e-05,5
