name,type_cluster,scaffold,USo,SSo,TUPOR_,TUPOR,SESY,ASER,CwASo
Molpher_125k_0,sim,csk,24845.0,125002.0,37/46,0.8043478,0.1987568,0.0357022,4309.0
Molpher_125k_1,sim,csk,24940.0,125145.0,27/44,0.6136364,0.1992888,0.009242,1146.0
Molpher_125k_2,sim,csk,22703.0,125101.0,29/42,0.6904762,0.1814774,0.0073599,914.0
Molpher_125k_3,sim,csk,23544.0,125157.0,28/42,0.6666667,0.1881157,0.0119748,1481.0
Molpher_125k_4,sim,csk,22972.0,125002.0,24/42,0.5714286,0.1837731,0.0044032,548.0
Molpher_125k_mean,sim,csk,23800.8,125081.4,-,0.6693111,0.1902824,0.0137364,1679.6
