name,type_cluster,scaffold,SSo,TUPOR_,TUPOR,SESY,ASER
Molpher_125k_1,sim,csk,125145,27/44,0.6136363636363636,0.19928882496304287,0.009157377442167085
