name,type_cluster,scaffold,USo,SSo,TUPOR_,TUPOR,SESY,ASER,CwASo
Molpher_125k_3,sim,csk,23544,125157,28/42,0.6666666666666666,0.18811572664733095,0.011974837478573046,1481
