name,type_cluster,scaffold,SSo,TUPOR_,TUPOR,SESY,ASER
Molpher_125k_2,sim,csk,125101,29/42,0.6904761904761905,0.18147736628803926,0.007359868585278652
