name,type_cluster,scaffold,SSo,TUPOR_,TUPOR,SESY,ASER
Molpher_125k_3,sim,csk,125157,28/42,0.6666666666666666,0.18811572664733095,0.011833137579200525
