name,type_cluster,scaffold,USo,SSo,TUPOR_,TUPOR,SESY,ASER,CwASo
Molpher_125k_4,sim,csk,22972,125002,24/42,0.5714285714285714,0.1837730596310459,0.0044032333231555434,548
