name,type_cluster,scaffold,SSo,TUPOR_,TUPOR,SESY,ASER
Molpher_125k_4,sim,csk,125002,24/42,0.5714285714285714,0.1837730596310459,0.004383929857122286
