name,type_cluster,scaffold,SSo,TUPOR_,TUPOR,SESY,ASER
Molpher_125k_0,sim,csk,125002,37/46,0.8043478260869565,0.19875681989088176,0.035702153397462986
