name,type_cluster,scaffold,USo,SSo,TUPOR_,TUPOR,SESY,ASER,ACR,CwASo
DrugEx_RNN_epsilon_0.6_10k_0,sim,csk,3867.0,9883.0,34/46,0.7391304,0.391278,0.1281963,0.0088703,1123.0
DrugEx_RNN_epsilon_0.6_10k_1,sim,csk,3189.0,9865.0,27/44,0.6136364,0.3232641,0.0353694,0.0085389,337.0
DrugEx_RNN_epsilon_0.6_10k_2,sim,csk,3512.0,9896.0,24/42,0.5714286,0.3548909,0.0240066,0.0068807,232.0
DrugEx_RNN_epsilon_0.6_10k_3,sim,csk,2771.0,9778.0,18/42,0.4285714,0.2833913,0.0456636,0.0065383,427.0
DrugEx_RNN_epsilon_0.6_10k_4,sim,csk,2901.0,9806.0,15/42,0.3571429,0.2958393,0.0054342,0.0051975,53.0
DrugEx_RNN_epsilon_0.6_10k_mean,sim,csk,3248.0,9845.6,-,0.5419819,0.3297327,0.047734,0.0072052,434.4
