name,type_cluster,scaffold,USo,SSo,TUPOR_,TUPOR,SESY,ASER,ACR,CwASo
DrugEx_RNN_epsilon_0.6_10k_1,sim,csk,3189,9865,27/44,0.6136363636363636,0.3232640648758236,0.03536943744752309,0.008538899430740038,337
