name,type_cluster,scaffold,USo,SSo,TUPOR_,TUPOR,SESY,ASER,ACR,CwASo
DrugEx_RNN_epsilon_0.6_10k_2,sim,csk,3512,9896,24/42,0.5714285714285714,0.35489086499595796,0.024006622516556293,0.006880733944954129,232
