name,type_cluster,scaffold,USo,SSo,TUPOR_,TUPOR,TUPOR_unique,TUPOR_1,TUPOR_2,SESY,ASER,CwASo
DrugEx_epsilon_0.4_0,dis,csk,4640.0,9999.0,12/40,0.3,0.6465517,0.0054005,0.6264626,0.4640464,0.0149015,149.0
DrugEx_epsilon_0.4_1,dis,csk,5339.0,9994.0,9/23,0.3913043,0.7329169,0.0024667,0.5725955,0.5342205,0.0041025,41.0
DrugEx_epsilon_0.4_2,dis,csk,5493.0,9995.0,2/40,0.05,0.0910249,0.0009305,0.1277761,0.5495748,0.0006003,6.0
DrugEx_epsilon_0.4_3,dis,csk,4792.0,9994.0,11/37,0.2972973,0.6204034,0.0068122,0.8822714,0.4794877,0.0091055,91.0
DrugEx_epsilon_0.4_4,dis,csk,5559.0,9955.0,23/43,0.5348837,0.9621941,0.016334,2.1116402,0.5584129,0.0212958,212.0
DrugEx_epsilon_0.4_mean,dis,csk,5164.6,9987.4,-,0.3146971,0.6106182,0.0063888,0.8641492,0.5171485,0.0100011,99.8
