name,type_cluster,scaffold,USo,SSo,TUPOR_,TUPOR,SESY,ASER,CwASo
DrugEx_RNN_epsilon_0.6_250k_0,sim,murcko,159500.0,247380.0,104/172,0.6046512,0.6447571,0.0478074,11287.0
DrugEx_RNN_epsilon_0.6_250k_1,sim,murcko,140164.0,246790.0,48/93,0.516129,0.5679485,0.0043382,1066.0
DrugEx_RNN_epsilon_0.6_250k_2,sim,murcko,147868.0,247775.0,26/65,0.4,0.5967834,0.0029224,722.0
DrugEx_RNN_epsilon_0.6_250k_3,sim,murcko,132248.0,245190.0,23/57,0.4035088,0.5393695,0.0042844,1046.0
DrugEx_RNN_epsilon_0.6_250k_4,sim,murcko,133556.0,245232.0,11/50,0.22,0.5446108,0.0004283,105.0
DrugEx_RNN_epsilon_0.6_250k_mean,sim,murcko,142667.2,246473.4,-,0.4288578,0.5786938,0.0119562,2845.2
