name,type_cluster,scaffold,SSo,TUPOR_,TUPOR,SESY,ASER
DrugEx_RNN_epsilon_0.6_250k_3,sim,murcko,245190,23/57,0.40350877192982454,0.5393694685753905,0.004284356773051969
