name,type_cluster,scaffold,USo,SSo,TUPOR_,TUPOR,SESY,ASER,CwASo
DrugEx_RNN_epsilon_0.6_250k_0,sim,murcko,159500,247380,104/172,0.6046511627906976,0.6447570539251354,0.047807431817122915,11287
