name,type_cluster,scaffold,uniq_scaffolds,set_size,TUPOR_,TUPOR,TUPOR_unique,TUPOR_set,SESY,ASER,tRS
GB_GA_0,dis,csk,2636.0,10000.0,5/40,0.125,0.0085357,0.00225,0.2636,0.0116,116.0
GB_GA_1,dis,csk,2552.0,9996.0,5/23,0.2173913,0.0053666,0.0013701,0.2553021,0.0021008,21.0
GB_GA_2,dis,csk,3096.0,9995.0,4/40,0.1,0.0060078,0.0018609,0.3097549,0.0014007,14.0
GB_GA_3,dis,csk,2668.0,10000.0,9/37,0.2432432,0.0208781,0.0055703,0.2668,0.0172,172.0
GB_GA_4,dis,csk,2598.0,9999.0,13/43,0.3023256,0.035376,0.0091916,0.259826,0.0218022,218.0
GB_GA_mean,dis,csk,2710.0,9998.0,-,0.197592,0.0152328,0.0040486,0.2710566,0.0108207,108.2
