name,type_cluster,scaffold,USo,SSo,TUPOR_,TUPOR,TUPOR_unique,TUPOR_set,SESY,ASER,CwASo
GB_GA_0,dis,csk,2636.0,10000.0,5/40,0.125,0.4742033,0.125,0.2636,0.0116,116.0
GB_GA_1,dis,csk,2552.0,9996.0,5/23,0.2173913,0.8518468,0.2174783,0.2553021,0.0021008,21.0
GB_GA_2,dis,csk,3096.0,9995.0,4/40,0.1,0.3229974,0.10005,0.3097549,0.0014007,14.0
GB_GA_3,dis,csk,2668.0,10000.0,9/37,0.2432432,0.9117063,0.2432432,0.2668,0.0172,172.0
GB_GA_4,dis,csk,2598.0,9999.0,13/43,0.3023256,1.1636858,0.3023558,0.259826,0.0218022,218.0
GB_GA_mean,dis,csk,2710.0,9998.0,-,0.197592,0.7448879,0.1976255,0.2710566,0.0108207,108.2
