name,type_cluster,scaffold,USo,SSo,TUPOR_,TUPOR,TUPOR_unique,TUPOR_set,SESY,ASER,CwASo
GB_GA_1,dis,csk,2552,9996,5/23,0.21739130434782608,0.8518468038707919,0.21747829566609253,0.2553021208483393,0.0021008403361344537,21
