name,type_cluster,scaffold,USo,SSo,TUPOR_,TUPOR,TUPOR_unique,TUPOR_set,SESY,ASER,CwASo
GB_GA_4,dis,csk,2598,9999,13/43,0.3023255813953488,1.1636858406287485,0.30235581697704655,0.25982598259825984,0.021802180218021803,218
