name,type_cluster,scaffold,uniq_scaffolds,set_size,TUPOR_,TUPOR,TUPOR_unique,TUPOR_set,SESY,ASER,tRS
GB_GA_1,dis,csk,2552,9996,5/23,0.21739130434782608,0.0053666348643859885,0.001370113262696383,0.2553021208483393,0.0021008403361344537,21
