name,type_cluster,scaffold,USo,SSo,TUPOR_,TUPOR,TUPOR_unique,TUPOR_1,TUPOR_2,SESY,ASER,CwASo,metric_1,metric_2
GB_GA_0,dis,csk,2636,10000,5/40,0.125,0.47420333839150225,0.0022500000000000003,0.148275,0.2636,0.0116,116,0.0019004180919802356,0.011736139214892756
