name,type_cluster,scaffold,uniq_scaffolds,set_size,TUPOR_,TUPOR,TUPOR_unique,TUPOR_set,SESY,ASER,tRS
GB_GA_2,dis,csk,3096,9995,4/40,0.1,0.006007751937984496,0.0018609304652326163,0.3097548774387194,0.0014007003501750874,14
