name,type_cluster,scaffold,uniq_scaffolds,set_size,TUPOR_,TUPOR,TUPOR_unique,TUPOR_set,SESY,ASER,tRS
GB_GA_4,dis,csk,2598,9999,13/43,0.3023255813953488,0.035376049555113954,0.009191616836102215,0.25982598259825984,0.021802180218021803,218
