name,type_cluster,scaffold,USo,SSo,TUPOR_,TUPOR,TUPOR_unique,TUPOR_set,SESY,ASER,CwASo
GB_GA_3,dis,csk,2668,10000,9/37,0.24324324324324326,0.9117063090076584,0.24324324324324326,0.2668,0.0172,172
