name,type_cluster,scaffold,USo,SSo,TUPOR_,TUPOR,TUPOR_unique,TUPOR_set,SESY,ASER,CwASo
GB_GA_2,dis,csk,3096,9995,4/40,0.1,0.32299741602067183,0.10005002501250625,0.3097548774387194,0.0014007003501750874,14
