name,type_cluster,scaffold,SSo,TUPOR_,TUPOR,SESY,ASER
GB_GA_mut_r_0.01_0,sim,csk,"980,527.0",34/38,0.8947368,0.0674372,0.028965
GB_GA_mut_r_0.01_1,sim,csk,"963,595.0",32/38,0.8421053,0.0524764,0.0409695
GB_GA_mut_r_0.01_2,sim,csk,"970,465.0",28/37,0.7567568,0.0528458,0.0186591
GB_GA_mut_r_0.01_3,sim,csk,"968,654.0",33/35,0.9428571,0.0537116,0.017323
GB_GA_mut_r_0.01_4,sim,csk,"969,662.0",29/35,0.8285714,0.0504145,0.0056401
GB_GA_mut_r_0.01_mean,sim,csk,"970,580.6",-,0.8530055,0.0553771,0.0223113
