name,type_cluster,scaffold,SSo,TUPOR_,TUPOR,SESY,ASER
GB_GA_mut_r_0.01_0,sim,csk,999996,24/38,0.631578947368421,0.1576306305225221,0.006884027536110144
