name,type_cluster,scaffold,USo,SSo,TUPOR_,TUPOR,SESY,ASER,ASR,CwASo
GB_GA_mut_r_0.01_2,sim,csk,170245,999990,16/37,0.43243243243243246,0.17024670246702467,0.006354183858722561,9.399103560497917e-05,6314
