name,type_cluster,scaffold,SSo,TUPOR_,TUPOR,SESY,ASER
GB_GA_mut_r_0.01_3,sim,csk,968654,33/35,0.9428571428571428,0.05371164523142422,0.01732300697669137
