name,type_cluster,scaffold,SSo,TUPOR_,TUPOR,SESY,ASER
GB_GA_mut_r_0.01_3,sim,csk,999990,23/35,0.6571428571428571,0.15039350393503936,0.008574085740857409
