name,type_cluster,scaffold,USo,SSo,TUPOR_,TUPOR,SESY,ASER,ASR,CwASo
GB_GA_mut_r_0.01_1,sim,csk,166493,999951,22/38,0.5789473684210527,0.16650115855676928,0.008036460449263544,0.00013215515014627173,7972
