name,type_cluster,scaffold,SSo,TUPOR_,TUPOR,SESY,ASER
GB_GA_mut_r_0.01_2,sim,csk,999990,16/37,0.43243243243243246,0.17024670246702467,0.006314063140631407
