name,type_cluster,scaffold,USo,SSo,TUPOR_,TUPOR,SESY,ASER,ASR,CwASo
GB_GA_mut_r_0.01_3,sim,csk,150392,999990,23/35,0.6571428571428571,0.15039350393503936,0.008648236461787988,0.00015295705896827138,8574
