name,type_cluster,scaffold,SSo,TUPOR_,TUPOR,SESY,ASER
GB_GA_log_p_mut_r_0.01_250k_2,sim,murcko,249998,4/58,0.06896551724137931,0.5469963759710078,0.0015880127041016329
