name,type_cluster,scaffold,USo,SSo,TUPOR_,TUPOR,TUPOR_unique,TUPOR_1,TUPOR_2,SESY,ASER,CwASo,metric_1,metric_2
DrugEx_GT_0,sim,murcko,611459.0,893470.0,81/115,0.7043478,0.0115191,0.0003831,2.0371029,0.6843643,0.0111957,10003.0,0.0001325,0.0113224
DrugEx_GT_1,sim,murcko,130468.0,199936.0,46/100,0.46,0.0352577,0.000543,0.708407,0.6525488,0.0080826,1616.0,0.0003527,0.0081484
DrugEx_GT_2,sim,murcko,548057.0,898365.0,37/58,0.637931,0.0116399,9.59e-05,0.9058419,0.6100605,0.0015562,1398.0,6.75e-05,0.0015586
DrugEx_GT_3,sim,murcko,557445.0,906770.0,35/51,0.6862745,0.0123111,4.77e-05,0.5211625,0.614759,0.0017358,1574.0,6.28e-05,0.0017388
DrugEx_GT_4,sim,murcko,545405.0,899315.0,25/40,0.625,0.0114594,2.92e-05,0.3979941,0.6064671,0.0008217,739.0,4.58e-05,0.0008224
DrugEx_GT_mean,sim,murcko,478566.8,759571.2,-,0.6227107,0.0164374,0.0002198,0.9141017,0.63364,0.0046784,3066.0,0.0001323,0.0047181
