name,type_cluster,scaffold,USo,SSo,TUPOR_,TUPOR,TUPOR_unique,TUPOR_set,SESY,ASER,CwASo
DrugEx_GT_0,sim,murcko,"611,459.0","893,470.0",81/115,0.7043478,0.0115191,0.0078833,0.6843643,0.0111957,"10,003.0"
DrugEx_GT_1,sim,murcko,"130,468.0","199,936.0",46/100,0.46,0.0352577,0.0230074,0.6525488,0.0080826,"1,616.0"
DrugEx_GT_2,sim,murcko,"548,057.0","898,365.0",37/58,0.637931,0.0116399,0.007101,0.6100605,0.0015562,"1,398.0"
DrugEx_GT_3,sim,murcko,"557,445.0","906,770.0",35/51,0.6862745,0.0123111,0.0075683,0.614759,0.0017358,"1,574.0"
DrugEx_GT_4,sim,murcko,"545,405.0","899,315.0",25/40,0.625,0.0114594,0.0069497,0.6064671,0.0008217,739.0
DrugEx_GT_mean,sim,murcko,"478,566.8","759,571.2",-,0.6227107,0.0164374,0.0105019,0.63364,0.0046784,"3,066.0"
