name,type_cluster,scaffold,USo,SSo,TUPOR_,TUPOR,TUPOR_unique,TUPOR_set,SESY,ASER,CwASo
DrugEx_GT_1,sim,murcko,130468,199936,46/100,0.46,0.03525768770886348,0.023007362355953905,0.6525488156209988,0.00808258642765685,1616
