name,type_cluster,scaffold,USo,SSo,TUPOR_,TUPOR,TUPOR_unique,TUPOR_set,SESY,ASER,CwASo
DrugEx_GT_3,sim,murcko,557445,906770,35/51,0.6862745098039216,0.012311071223240348,0.007568341583906852,0.6147589796751105,0.0017358315780186817,1574
