name,type_cluster,scaffold,USo,SSo,TUPOR_,TUPOR,TUPOR_unique,TUPOR_set,SESY,ASER,CwASo
DrugEx_GT_4,sim,murcko,545405,899315,25/40,0.625,0.01145937422649224,0.006949733964183851,0.6064671444377109,0.0008217365439250985,739
