name,type_cluster,scaffold,USo,SSo,TUPOR_,TUPOR,TUPOR_unique,TUPOR_set,SESY,ASER,CwASo
DrugEx_GT_0,sim,murcko,611459,893470,81/115,0.7043478260869566,0.01151913417067958,0.007883284565648052,0.684364332322294,0.011195675288481985,10003
