name,type_cluster,scaffold,USo,SSo,TUPOR_,TUPOR,TUPOR_unique,TUPOR_1,TUPOR_2,SESY,ASER,CwASo
DrugEx_GT_3,sim,murcko,557445,906770,35/51,0.6862745098039216,0.012311071223240348,4.7680551978613164e-05,0.5211624568180002,0.6147589796751105,0.0017358315780186817,1574
