name,type_cluster,scaffold,SSo,TUPOR_,TUPOR,SESY,ASER
DrugEx_RNN_epsilon_0.1_0,sim,murcko,909583.0,29/172,0.1686047,0.4623294,0.0898705
DrugEx_RNN_epsilon_0.1_1,sim,murcko,932608.0,11/93,0.1182796,0.4401689,0.004154
DrugEx_RNN_epsilon_0.1_2,sim,murcko,1088137.0,12/65,0.1846154,0.4240541,0.0022179
DrugEx_RNN_epsilon_0.1_3,sim,murcko,907848.0,3/57,0.0526316,0.4105709,0.0018075
DrugEx_RNN_epsilon_0.1_4,sim,murcko,881986.0,0/50,0.0,0.3537584,0.0
DrugEx_RNN_epsilon_0.1_mean,sim,murcko,944032.4,-,0.1048262,0.4181764,0.01961
