name,type_cluster,scaffold,USo,SSo,TUPOR_,TUPOR,SESY,ASER,ACR,CwASo
DrugEx_RNN_epsilon_0.1_3,sim,murcko,372738,907858,3/57,0.05263157894736842,0.4105686131531583,0.0018075081106133169,8.04861362630287e-06,1638
