name,type_cluster,scaffold,SSo,TUPOR_,TUPOR,SESY,ASER
DrugEx_RNN_epsilon_0.1_0,sim,murcko,909583,29/172,0.1686046511627907,0.4623294410735469,0.08987046163394957
