name,type_cluster,scaffold,SSo,TUPOR_,TUPOR,SESY,ASER
DrugEx_RNN_epsilon_0.1_3,sim,murcko,907848,3/57,0.05263157894736842,0.41057093257902205,0.0018042667935601554
