name,type_cluster,scaffold,USo,SSo,TUPOR_,TUPOR,SESY,ASER,ACR,CwASo
DrugEx_RNN_epsilon_0.1_1,sim,murcko,410529,932689,11/93,0.11827956989247312,0.44015636509061434,0.004153608137540629,2.679541457378239e-05,3858
