name,type_cluster,scaffold,SSo,TUPOR_,TUPOR,SESY,ASER
DrugEx_RNN_epsilon_0.1_2,sim,murcko,1088137,12/65,0.18461538461538463,0.4240541402415321,0.0022178646789392195
