name,type_cluster,scaffold,USo,SSo,TUPOR_,TUPOR,SESY,ASER,ACR,CwASo
DrugEx_RNN_epsilon_0.1_0,sim,murcko,422582,914626,29/172,0.1686046511627907,0.4620271017880533,0.09015515139090355,6.863044399164129e-05,75639
