name,type_cluster,scaffold,USo,SSo,TUPOR_,TUPOR,SESY,ASER,ACR,CwASo
DrugEx_RNN_epsilon_0.1_2,sim,murcko,461860,1089984,12/65,0.18461538461538463,0.4237309905466502,0.0022140981411873746,2.598257435346694e-05,2408
