name,type_cluster,scaffold,SSo,TUPOR_,TUPOR,SESY,ASER
DrugEx_RNN_epsilon_0.1_1,sim,murcko,932608,11/93,0.11827956989247312,0.4401688597996157,0.004153970390309556
