name,type_cluster,scaffold,SSo,TUPOR_,TUPOR,SESY,ASER
GB_GA_mut_r_0.01_500k_0,dis,csk,"438,973.0",14/42,0.3333333,0.0599718,0.0282228
GB_GA_mut_r_0.01_500k_1,dis,csk,"433,892.0",15/41,0.3658537,0.0632415,0.002185
GB_GA_mut_r_0.01_500k_2,dis,csk,"443,678.0",12/45,0.2666667,0.067709,0.0003472
GB_GA_mut_r_0.01_500k_3,dis,csk,"500,000.0",20/47,0.4255319,0.148196,0.0083288
GB_GA_mut_r_0.01_500k_4,dis,csk,"424,134.0",13/41,0.3170732,0.056758,0.0336664
GB_GA_mut_r_0.01_500k_mean,dis,csk,"448,135.4",-,0.3416917,0.0791753,0.0145501
