name,type_cluster,scaffold,USo,SSo,TUPOR_,TUPOR,SESY,ASER,ACR,CwASo
GB_GA_mut_r_0.01_500k_3,dis,csk,74098,500000,20/47,0.425531914893617,0.148196,0.008328795853751991,0.0002699856907583898,4130
