name,type_cluster,scaffold,USo,SSo,TUPOR_,TUPOR,SESY,ASER,ACR,CwASo
GB_GA_mut_r_0.01_500k_2,dis,csk,30041,443678,12/45,0.26666666666666666,0.06770901419497924,0.00034721909073691615,0.00039961370675014153,154
