name,type_cluster,scaffold,USo,SSo,TUPOR_,TUPOR,SESY,ASER,ACR,CwASo
GB_GA_mut_r_0.01_500k_1,dis,csk,27440,433892,15/41,0.36585365853658536,0.06324154397868594,0.002185030003741806,0.0005469462169553327,946
