name,type_cluster,scaffold,USo,SSo,TUPOR_,TUPOR,SESY,ASER,ACR,CwASo
GB_GA_mut_r_0.01_500k_0,dis,csk,26326,438973,14/42,0.3333333333333333,0.05997179780988808,0.028222821860565347,0.0005320766190331408,12049
