name,type_cluster,scaffold,SSo,TUPOR_,TUPOR,SESY,ASER
GB_GA_mut_r_0.01_500k_2,dis,csk,475312,38/45,0.8444444444444444,0.053564816373245366,0.004832615208536709
