name,type_cluster,scaffold,SSo,TUPOR_,TUPOR,SESY,ASER
GB_GA_mut_r_0.01_500k_4,dis,csk,475306,25/41,0.6097560975609756,0.054219807871139857,0.01653461138719057
