name,type_cluster,scaffold,SSo,TUPOR_,TUPOR,SESY,ASER
GB_GA_mut_r_0.01_500k_0,dis,csk,438973,14/42,0.3333333333333333,0.05997179780988808,0.02744815740375832
