name,type_cluster,scaffold,SSo,TUPOR_,TUPOR,SESY,ASER
GB_GA_mut_r_0.01_500k_0,dis,csk,482522,31/42,0.7380952380952381,0.06779794496416744,0.046795793766916324
