name,type_cluster,scaffold,SSo,TUPOR_,TUPOR,SESY,ASER
GB_GA_mut_r_0.01_500k_1,dis,csk,477139,26/41,0.6341463414634146,0.06358105290072705,0.010908770819404827
