name,type_cluster,scaffold,SSo,TUPOR_,TUPOR,SESY,ASER
GB_GA_log_p_mut_r_0.01_250k_0,dis,murcko,249998,2/92,0.021739130434782608,0.49613196905575246,8.000064000512004e-06
