name,type_cluster,scaffold,USo,SSo,TUPOR_,TUPOR,SESY,ASER,ACR,CwASo
DrugEx_RNN_epsilon_0.6_100k_0,sim,csk,"20,229.0","99,483.0",29/38,0.7631579,0.2033413,0.0183957,0.0014356,"1,797.0"
DrugEx_RNN_epsilon_0.6_100k_1,sim,csk,"18,565.0","99,267.0",28/38,0.7368421,0.1870209,0.0435866,0.0015105,"4,146.0"
DrugEx_RNN_epsilon_0.6_100k_2,sim,csk,"16,071.0","99,126.0",26/37,0.7027027,0.162127,0.0387735,0.0016204,"3,700.0"
DrugEx_RNN_epsilon_0.6_100k_3,sim,csk,"15,595.0","98,905.0",25/35,0.7142857,0.1576766,0.0260281,0.0016057,"2,509.0"
DrugEx_RNN_epsilon_0.6_100k_4,sim,csk,"17,677.0","98,992.0",20/35,0.5714286,0.17857,0.0045054,0.0011327,444.0
DrugEx_RNN_epsilon_0.6_100k_mean,sim,csk,"17,627.4","99,154.6",-,0.6976834,0.1777471,0.0262578,0.001461,"2,519.2"
