name,type_cluster,scaffold,USo,SSo,TUPOR_,TUPOR,SESY,ASER,ASR,CwASo
DrugEx_RNN_epsilon_0.6_100k_0,sim,csk,20229.0,99483.0,29/38,0.7631579,0.2033413,0.0183957,0.0014356,1797.0
DrugEx_RNN_epsilon_0.6_100k_1,sim,csk,18565.0,99267.0,28/38,0.7368421,0.1870209,0.0435866,0.0015105,4146.0
DrugEx_RNN_epsilon_0.6_100k_2,sim,csk,16071.0,99126.0,26/37,0.7027027,0.162127,0.0387735,0.0016204,3700.0
DrugEx_RNN_epsilon_0.6_100k_3,sim,csk,15595.0,98905.0,25/35,0.7142857,0.1576766,0.0260281,0.0016057,2509.0
DrugEx_RNN_epsilon_0.6_100k_4,sim,csk,17677.0,98992.0,20/35,0.5714286,0.17857,0.0045054,0.0011327,444.0
DrugEx_RNN_epsilon_0.6_100k_mean,sim,csk,17627.4,99154.6,-,0.6976834,0.1777471,0.0262578,0.001461,2519.2
