name,type_cluster,scaffold,USo,SSo,TUPOR_,TUPOR,SESY,ASER,CwASo
DrugEx_RNN_epsilon_0.6_250k_0,dis,csk,"38,993.0","247,076.0",31/42,0.7380952,0.1578178,0.0355543,"8,483.0"
DrugEx_RNN_epsilon_0.6_250k_1,dis,csk,"38,379.0","245,977.0",26/41,0.6341463,0.1560268,0.0102472,"2,495.0"
DrugEx_RNN_epsilon_0.6_250k_2,dis,csk,"31,325.0","243,908.0",37/45,0.8222222,0.1284296,0.0051223,"1,243.0"
DrugEx_RNN_epsilon_0.6_250k_3,dis,csk,"36,378.0","248,066.0",35/47,0.7446809,0.1466465,0.1020405,"22,969.0"
DrugEx_RNN_epsilon_0.6_250k_4,dis,csk,"26,554.0","243,240.0",26/41,0.6341463,0.1091679,0.025239,"5,988.0"
DrugEx_RNN_epsilon_0.6_250k_mean,dis,csk,"34,325.8","245,653.4",-,0.7146582,0.1396177,0.0356406,"8,235.6"
