name,type_cluster,scaffold,SSo,TUPOR_,TUPOR,SESY,ASER
DrugEx_RNN_epsilon_0.6_250k_4,dis,csk,243240,26/41,0.6341463414634146,0.10916790001644466,0.024617661568820916
