name,type_cluster,scaffold,USo,SSo,TUPOR_,TUPOR,SESY,ASER,CwASo
DrugEx_RNN_epsilon_0.6_250k_4,dis,csk,26554,243240,26/41,0.6341463414634146,0.10916790001644466,0.025238986394213746,5988
