name,type_cluster,scaffold,USo,SSo,TUPOR_,TUPOR,SESY,ASER,CwASo
DrugEx_RNN_epsilon_0.6_250k_1,dis,csk,38379,245977,26/41,0.6341463414634146,0.15602678299190575,0.010247164061409056,2495
