name,type_cluster,scaffold,USo,SSo,TUPOR_,TUPOR,SESY,ASER,CwASo
DrugEx_RNN_epsilon_0.6_250k_0,dis,csk,38993,247076,31/42,0.7380952380952381,0.15781783742654082,0.035554270242630755,8483
