name,type_cluster,scaffold,SSo,TUPOR_,TUPOR,SESY,ASER
DrugEx_RNN_epsilon_0.6_250k_1,dis,csk,245977,26/41,0.6341463414634146,0.15602678299190575,0.010143224773047887
