name,type_cluster,scaffold,SSo,TUPOR_,TUPOR,SESY,ASER
DrugEx_RNN_epsilon_0.6_250k_2,dis,csk,243908,37/45,0.8222222222222222,0.12842957180576284,0.005096183807009201
