name,type_cluster,scaffold,SSo,TUPOR_,TUPOR,SESY,ASER
DrugEx_RNN_epsilon_0.6_250k_3,dis,csk,248066,35/47,0.7446808510638298,0.1466464569912846,0.09259229398627784
