name,type_cluster,scaffold,USo,SSo,TUPOR_,TUPOR,SESY,ASER,CwASo
DrugEx_RNN_epsilon_0.6_250k_3,dis,csk,36378,248066,35/47,0.7446808510638298,0.1466464569912846,0.10204045367108402,22969
