name,type_cluster,scaffold,USo,SSo,TUPOR_,TUPOR,SESY,ASER,ACR,CwASo
DrugEx_GT_epsilon_0.6_100k_0,sim,csk,"51,302.0","99,648.0",43/46,0.9347826,0.5148322,0.0623681,0.0008389,"5,850.0"
DrugEx_GT_epsilon_0.6_100k_1,sim,csk,"37,610.0","99,608.0",35/44,0.7954545,0.3775801,0.0289339,0.0009315,"2,801.0"
DrugEx_GT_epsilon_0.6_100k_2,sim,csk,"35,451.0","98,926.0",35/42,0.8333333,0.3583588,0.0198346,0.0009883,"1,924.0"
DrugEx_GT_epsilon_0.6_100k_3,sim,csk,"36,729.0","99,756.0",28/42,0.6666667,0.3681884,0.0181677,0.0007629,"1,780.0"
DrugEx_GT_epsilon_0.6_100k_4,sim,csk,"32,656.0","99,750.0",31/42,0.7380952,0.3273784,0.0056255,0.0009502,558.0
DrugEx_GT_epsilon_0.6_100k_mean,sim,csk,"38,749.6","99,537.6",-,0.7936665,0.3892676,0.0269859,0.0008943,"2,582.6"
