name,type_cluster,scaffold,USo,SSo,TUPOR_,TUPOR,SESY,ASER,CwASo
GB_GA_mut_r_0.01_125k_0,sim,murcko,"83,798.0","125,000.0",11/172,0.0639535,0.670384,0.0033794,421.0
GB_GA_mut_r_0.01_125k_1,sim,murcko,"29,954.0","109,010.0",5/93,0.0537634,0.2747821,0.005516,598.0
GB_GA_mut_r_0.01_125k_2,sim,murcko,"30,875.0","111,502.0",4/65,0.0615385,0.2769009,0.0077819,861.0
GB_GA_mut_r_0.01_125k_3,sim,murcko,"35,128.0","112,560.0",3/57,0.0526316,0.3120824,0.0008803,99.0
GB_GA_mut_r_0.01_125k_4,sim,murcko,"33,603.0","112,275.0",0/50,0.0,0.2992919,0.0,0.0
GB_GA_mut_r_0.01_125k_mean,sim,murcko,"42,671.6","114,069.4",-,0.0463774,0.3666883,0.0035115,395.8
