name,type_cluster,scaffold,SSo,TUPOR_,TUPOR,SESY,ASER
GB_GA_mut_r_0.01_125k_1,sim,murcko,119884,23/93,0.24731182795698925,0.32816722832071005,0.006981749024056588
