name,type_cluster,scaffold,SSo,TUPOR_,TUPOR,SESY,ASER
GB_GA_mut_r_0.01_125k_3,sim,murcko,119473,13/57,0.22807017543859648,0.33559046813924487,0.015149866497032802
