name,type_cluster,scaffold,SSo,TUPOR_,TUPOR,SESY,ASER
GB_GA_mut_r_0.01_125k_0,sim,murcko,121228,59/172,0.3430232558139535,0.4869997030389019,0.06199887814696275
