name,type_cluster,scaffold,USo,SSo,TUPOR_,TUPOR,SESY,ASER,CwASo
GB_GA_mut_r_0.01_125k_2,sim,murcko,30875,111502,4/65,0.06153846153846154,0.2769008627647935,0.007781925326054537,861
