name,type_cluster,scaffold,SSo,TUPOR_,TUPOR,SESY,ASER
GB_GA_mut_r_0.01_125k_2,sim,murcko,119363,20/65,0.3076923076923077,0.3304038940040046,0.01216457361158818
