name,type_cluster,scaffold,USo,SSo,TUPOR_,TUPOR,SESY,ASER,CwASo
GB_GA_mut_r_0.01_125k_1,sim,murcko,29954,109010,5/93,0.053763440860215055,0.2747821300798092,0.005515994539349887,598
