name,type_cluster,scaffold,SSo,TUPOR_,TUPOR,SESY,ASER
GB_GA_mut_r_0.01_125k_0,sim,murcko,125000,11/172,0.06395348837209303,0.670384,0.003379381757760136
