name,type_cluster,scaffold,USo,SSo,TUPOR_,TUPOR,SESY,ASER,CwASo
GB_GA_mut_r_0.01_125k_0,sim,murcko,83798,125000,11/172,0.06395348837209303,0.670384,0.003379381757760136,421
