name,type_cluster,scaffold,USo,SSo,TUPOR_,TUPOR,SESY,ASER,ACR,CwASo
addcarbon_10k_1,sim,csk,719,10000,16/44,0.36363636363636365,0.0719,0.010611419909044972,0.02275960170697013,105
