name,type_cluster,scaffold,USo,SSo,TUPOR_,TUPOR,SESY,ASER,ACR,CwASo
Molpher_0,sim,csk,"224,243.0","1,624,700.0",43/46,0.9347826,0.1380212,0.0324503,0.0001918,"51,065.0"
Molpher_1,sim,csk,"216,506.0","1,662,823.0",38/44,0.8636364,0.1302039,0.0093443,0.0001755,"15,394.0"
Molpher_2,sim,csk,"187,600.0","1,546,835.0",36/42,0.8571429,0.1212799,0.0071065,0.0001919,"10,915.0"
Molpher_3,sim,csk,"215,848.0","1,749,302.0",32/42,0.7619048,0.1233909,0.0117801,0.0001483,"20,367.0"
Molpher_4,sim,csk,"212,859.0","1,722,174.0",32/42,0.7619048,0.123599,0.0035412,0.0001504,"6,077.0"
Molpher_mean,sim,csk,"211,411.2","1,661,166.8",-,0.8358743,0.127299,0.0128445,0.0001716,"20,763.6"
