name,type_cluster,scaffold,USo,SSo,TUPOR_,TUPOR,SESY,ASER,ACR,CwASo
Molpher_0,sim,csk,224243.0,1624700.0,43/46,0.9347826,0.1380212,0.0324503,0.0001918,51065.0
Molpher_1,sim,csk,216506.0,1662823.0,38/44,0.8636364,0.1302039,0.0093443,0.0001755,15394.0
Molpher_2,sim,csk,187600.0,1546835.0,36/42,0.8571429,0.1212799,0.0071065,0.0001919,10915.0
Molpher_3,sim,csk,215848.0,1749302.0,32/42,0.7619048,0.1233909,0.0117801,0.0001483,20367.0
Molpher_4,sim,csk,212859.0,1722174.0,32/42,0.7619048,0.123599,0.0035412,0.0001504,6077.0
Molpher_mean,sim,csk,211411.2,1661166.8,-,0.8358743,0.127299,0.0128445,0.0001716,20763.6
