name,type_cluster,scaffold,USo,SSo,TUPOR_,TUPOR,SESY,ASER,ACR,CwASo
Molpher_3,sim,csk,215848,1749302,32/42,0.7619047619047619,0.12339092963936472,0.011780084271531318,0.00014827445601808947,20367
