name,type_cluster,scaffold,USo,SSo,TUPOR_,TUPOR,SESY,ASER,ACR,CwASo
Molpher_2,sim,csk,187600,1546835,36/42,0.8571428571428571,0.1212799038035731,0.007106489921350071,0.00019193448636198844,10915
