name,type_cluster,scaffold,SSo,TUPOR_,TUPOR,SESY,ASER
Molpher_1,sim,csk,1662823,38/44,0.8636363636363636,0.1302038761792446,0.009257750223565587
