name,type_cluster,scaffold,uniq_scaffolds,set_size,TUPOR_,TUPOR,TUPOR_new,SESY,ASER,tRS
Molpher_2,sim,csk,187600,1546835,36/42,0.8571428571428571,5.54126883050136e-07,0.1212799038035731,0.00705634408324094,10915
