name,type_cluster,scaffold,SSo,TUPOR_,TUPOR,SESY,ASER
Molpher_3,sim,csk,1749302,32/42,0.7619047619047619,0.12339092963936472,0.011642929579912444
