name,type_cluster,scaffold,uniq_scaffolds,set_size,TUPOR_,TUPOR,TUPOR_new,SESY,ASER,tRS
Molpher_1,sim,csk,216506,1662823,38/44,0.8636363636363636,5.193796114417251e-07,0.1302038761792446,0.009257750223565587,15394
