name,type_cluster,scaffold,uniq_scaffolds,set_size,TUPOR_,TUPOR,TUPOR_new,SESY,ASER,tRS
Molpher_0,sim,csk,224243,1624700,43/46,0.9347826086956522,5.753570558845647e-07,0.13802117313965656,0.03143041792330892,51065
