name,type_cluster,scaffold,uniq_scaffolds,set_size,TUPOR_,TUPOR,TUPOR_new,SESY,ASER,tRS
Molpher_4,sim,csk,212859,1722174,32/42,0.7619047619047619,4.424087008076779e-07,0.12359900915935323,0.0035286794481858394,6077
