name,type_cluster,scaffold,USo,SSo,TUPOR_,TUPOR,SESY,ASER,ACR,CwASo
Molpher_0,sim,csk,224243,1624700,43/46,0.9347826086956522,0.13802117313965656,0.03245034585529681,0.00019179304192685101,51065
