name,type_cluster,scaffold,SSo,TUPOR_,TUPOR,SESY,ASER
Molpher_2,sim,csk,1546835,36/42,0.8571428571428571,0.1212799038035731,0.00705634408324094
