name,type_cluster,scaffold,USo,SSo,TUPOR_,TUPOR,SESY,ASER,ACR,CwASo
Molpher_1,sim,csk,216506,1662823,38/44,0.8636363636363636,0.1302038761792446,0.009344257021091653,0.00017554557717537928,15394
