name,type_cluster,scaffold,SSo,TUPOR_,TUPOR,SESY,ASER
Molpher_0,sim,csk,1624700,43/46,0.9347826086956522,0.13802117313965656,0.03143041792330892
