name,type_cluster,scaffold,USo,SSo,TUPOR_,TUPOR,SESY,ASER,CwASo
DrugEx_RNN_epsilon_0.1_250k_0,dis,csk,27120.0,249872.0,7/40,0.175,0.1085356,0.0019849,495.0
DrugEx_RNN_epsilon_0.1_250k_1,dis,csk,31916.0,249872.0,7/23,0.3043478,0.1277294,0.0028133,701.0
DrugEx_RNN_epsilon_0.1_250k_2,dis,csk,33176.0,249928.0,3/40,0.075,0.1327422,2e-05,5.0
DrugEx_RNN_epsilon_0.1_250k_3,dis,csk,26786.0,249857.0,11/37,0.2972973,0.1072053,0.0015312,382.0
DrugEx_RNN_epsilon_0.1_250k_4,dis,csk,46240.0,249798.0,28/43,0.6511628,0.1851096,0.019334,4738.0
DrugEx_RNN_epsilon_0.1_250k_mean,dis,csk,33047.6,249865.4,-,0.3005616,0.1322644,0.0051367,1264.2
