name,type_cluster,scaffold,USo,SSo,TUPOR_,TUPOR,SESY,ASER,CwASo
DrugEx_RNN_epsilon_0.1_250k_4,dis,csk,46240,249798,28/43,0.6511627906976745,0.18510956853137334,0.01933404064310781,4738
