name,type_cluster,scaffold,USo,SSo,TUPOR_,TUPOR,SESY,ASER,CwASo
DrugEx_RNN_epsilon_0.1_250k_1,dis,csk,31916,249872,7/23,0.30434782608695654,0.12772939745149517,0.002813328998960553,701
