name,type_cluster,scaffold,SSo,TUPOR_,TUPOR,SESY,ASER
DrugEx_RNN_epsilon_0.1_250k_4,dis,csk,249798,28/43,0.6511627906976745,0.18510956853137334,0.01896732559908406
