name,type_cluster,scaffold,USo,SSo,TUPOR_,TUPOR,TUPOR_unique,TUPOR_1,TUPOR_2,SESY,ASER,CwASo
DrugEx_GT_epsilon_0.6_desired_0,dis,murcko,"286,483.0","531,965.0",16/92,0.173913,0.0060706,5.88e-05,0.1832452,0.5385373,0.0010264,546.0
DrugEx_GT_epsilon_0.6_desired_1,dis,murcko,"293,935.0","535,366.0",14/34,0.4117647,0.0140087,4.85e-05,0.4189009,0.5490356,0.0007229,387.0
DrugEx_GT_epsilon_0.6_desired_2,dis,murcko,"313,410.0","559,119.0",7/64,0.109375,0.0034898,3.64e-05,0.1781803,0.5605426,0.0005151,288.0
DrugEx_GT_epsilon_0.6_desired_3,dis,murcko,"271,328.0","483,290.0",29/76,0.3815789,0.0140634,0.0001808,0.6454953,0.5614186,0.0073972,"3,575.0"
DrugEx_GT_epsilon_0.6_desired_4,dis,murcko,"247,092.0","439,698.0",19/98,0.1938776,0.0078464,0.000134,0.3379708,0.5619584,0.0011713,515.0
DrugEx_GT_epsilon_0.6_desired_mean,dis,murcko,"282,449.6","509,887.6",-,0.2541018,0.0090958,9.17e-05,0.3527585,0.5542985,0.0021666,"1,062.2"
