name,type_cluster,scaffold,USo,SSo,TUPOR_,TUPOR,SESY,ASER,ASR,CwASo
DrugEx_GT_epsilon_0.6_10k_0,dis,murcko,"8,318.0","9,998.0",2/92,0.0217391,0.8319664,0.0011014,0.0002405,11.0
DrugEx_GT_epsilon_0.6_10k_1,dis,murcko,"8,219.0","9,982.0",3/34,0.0882353,0.8233821,0.0004009,0.0003651,4.0
DrugEx_GT_epsilon_0.6_10k_2,dis,murcko,"8,451.0","9,996.0",3/64,0.046875,0.8454382,0.0003002,0.0003551,3.0
DrugEx_GT_epsilon_0.6_10k_3,dis,murcko,"8,486.0","9,992.0",11/76,0.1447368,0.8492794,0.004322,0.0012979,43.0
DrugEx_GT_epsilon_0.6_10k_4,dis,murcko,"8,668.0","9,997.0",7/98,0.0714286,0.8670601,0.0024065,0.0008082,24.0
DrugEx_GT_epsilon_0.6_10k_mean,dis,murcko,"8,428.4","9,993.0",-,0.074603,0.8434252,0.0017062,0.0006134,17.0
