name,type_cluster,scaffold,SSo,TUPOR_,TUPOR,SESY,ASER
DrugEx_RNN_epsilon_0.1_0,dis,csk,"906,123.0",30/42,0.7142857,0.0980783,0.0517358
DrugEx_RNN_epsilon_0.1_1,dis,csk,"897,945.0",26/41,0.6341463,0.0709431,0.0087444
DrugEx_RNN_epsilon_0.1_2,dis,csk,"894,155.0",28/45,0.6222222,0.0569431,0.0019091
DrugEx_RNN_epsilon_0.1_3,dis,csk,"923,193.0",34/47,0.7234043,0.0722482,0.1334196
DrugEx_RNN_epsilon_0.1_4,dis,csk,"744,922.0",28/41,0.6829268,0.0816488,0.0279667
DrugEx_RNN_epsilon_0.1_mean,dis,csk,"873,267.6",-,0.6753971,0.0759723,0.0447551
