name,type_cluster,scaffold,USo,SSo,TUPOR_,TUPOR,SESY,ASER,ACR,CwASo
DrugEx_RNN_epsilon_0.1_0,dis,csk,"88,871.0","906,123.0",30/42,0.7142857,0.0980783,0.0545584,0.0003377,"46,879.0"
DrugEx_RNN_epsilon_0.1_1,dis,csk,"63,703.0","897,945.0",26/41,0.6341463,0.0709431,0.0088216,0.0004083,"7,852.0"
DrugEx_RNN_epsilon_0.1_2,dis,csk,"50,916.0","894,155.0",28/45,0.6222222,0.0569431,0.0019127,0.0005502,"1,707.0"
DrugEx_RNN_epsilon_0.1_3,dis,csk,"66,699.0","923,193.0",34/47,0.7234043,0.0722482,0.153961,0.00051,"123,172.0"
DrugEx_RNN_epsilon_0.1_4,dis,csk,"60,822.0","744,922.0",28/41,0.6829268,0.0816488,0.0287713,0.0004606,"20,833.0"
DrugEx_RNN_epsilon_0.1_mean,dis,csk,"66,202.2","873,267.6",-,0.6753971,0.0759723,0.049605,0.0004534,"40,088.6"
