name,type_cluster,scaffold,USo,SSo,TUPOR_,TUPOR,SESY,ASER,ACR,CwASo
DrugEx_RNN_epsilon_0.1_3,dis,csk,66699,923193,34/47,0.723404255319149,0.07224816479327724,0.1539609585248387,0.000510012750318758,123172
