name,type_cluster,scaffold,SSo,TUPOR_,TUPOR,SESY,ASER
DrugEx_RNN_epsilon_0.1_2,dis,csk,894155,28/45,0.6222222222222222,0.056943147440879936,0.001912716483201262
