name,type_cluster,scaffold,SSo,TUPOR_,TUPOR,SESY,ASER
DrugEx_RNN_epsilon_0.1_0,dis,csk,906123,30/42,0.7142857142857143,0.0980782962136487,0.051735801872372734
