name,type_cluster,scaffold,SSo,TUPOR_,TUPOR,SESY,ASER
DrugEx_RNN_epsilon_0.1_4,dis,csk,744922,28/41,0.6829268292682927,0.0816488169231141,0.027966686445023776
