name,type_cluster,scaffold,SSo,TUPOR_,TUPOR,SESY,ASER
DrugEx_RNN_epsilon_0.1_3,dis,csk,923193,34/47,0.723404255319149,0.07224816479327724,0.1539609585248387
