name,type_cluster,scaffold,USo,SSo,TUPOR_,TUPOR,SESY,ASER,ACR,CwASo
DrugEx_RNN_epsilon_0.1_2,dis,csk,50916,894155,28/45,0.6222222222222222,0.056943147440879936,0.001912716483201262,0.0005502279515799403,1707
