name,type_cluster,scaffold,SSo,TUPOR_,TUPOR,SESY,ASER
DrugEx_RNN_epsilon_0.1_1,dis,csk,897945,26/41,0.6341463414634146,0.0709430978512047,0.008744410849216823
