name,type_cluster,scaffold,USo,SSo,TUPOR_,TUPOR,SESY,ASER,ACR,CwASo
DrugEx_RNN_epsilon_0.1_0,dis,csk,88871,906123,30/42,0.7142857142857143,0.0980782962136487,0.05455842577894056,0.00033768192613770667,46879
