name,type_cluster,scaffold,USo,SSo,TUPOR_,TUPOR,SESY,ASER,CwASo
DrugEx_RNN_epsilon_0.6_62.5k_0,dis,murcko,36425.0,62027.0,4/92,0.0434783,0.5872443,0.0005969,37.0
DrugEx_RNN_epsilon_0.6_62.5k_1,dis,murcko,32869.0,61789.0,10/34,0.2941176,0.5319555,0.0004372,27.0
DrugEx_RNN_epsilon_0.6_62.5k_2,dis,murcko,36939.0,61923.0,0/64,0.0,0.5965312,0.0,0.0
DrugEx_RNN_epsilon_0.6_62.5k_3,dis,murcko,38917.0,62021.0,18/76,0.2368421,0.627481,0.0048443,299.0
DrugEx_RNN_epsilon_0.6_62.5k_4,dis,murcko,40698.0,61826.0,20/98,0.2040816,0.6582667,0.0021071,130.0
DrugEx_RNN_epsilon_0.6_62.5k_mean,dis,murcko,37169.6,61917.2,-,0.1557039,0.6002957,0.0015971,98.6
