name,type_cluster,scaffold,USo,SSo,TUPOR_,TUPOR,SESY,ASER,CwASo
DrugEx_RNN_epsilon_0.6_62.5k_1,dis,murcko,32869,61789,10/34,0.29411764705882354,0.5319555260645099,0.0004371620090022991,27
