name,type_cluster,scaffold,USo,SSo,TUPOR_,TUPOR,SESY,ASER,CwASo
DrugEx_RNN_epsilon_0.6_62.5k_3,dis,murcko,38917,62021,18/76,0.23684210526315788,0.6274810144950904,0.004844301869673698,299
