name,type_cluster,scaffold,SSo,TUPOR_,TUPOR,SESY,ASER
DrugEx_RNN_epsilon_0.6_62.5k_3,dis,murcko,62021,18/76,0.23684210526315788,0.6274810144950904,0.004820947743506232
