name,type_cluster,scaffold,SSo,TUPOR_,TUPOR,SESY,ASER
DrugEx_RNN_epsilon_0.6_62.5k_0,dis,murcko,62027,4/92,0.043478260869565216,0.5872442645944508,0.0005965144211391813
