name,type_cluster,scaffold,USo,SSo,TUPOR_,TUPOR,SESY,ASER,CwASo
DrugEx_RNN_epsilon_0.6_62.5k_4,dis,murcko,40698,61826,20/98,0.20408163265306123,0.6582667486170867,0.0021071058091286306,130
