name,type_cluster,scaffold,USo,SSo,TUPOR_,TUPOR,SESY,ASER,ACR,CwASo
DrugEx_GT_epsilon_0.6_500k_3,dis,murcko,333272,499621,26/76,0.34210526315789475,0.6670496236147,0.004659121985747148,7.802044135563517e-05,2317
