name,type_cluster,scaffold,SSo,TUPOR_,TUPOR,SESY,ASER
DrugEx_GT_epsilon_0.6_500k_1,dis,murcko,499412,14/34,0.4117647058823529,0.6281687264222726,0.00045653688737955835
