name,type_cluster,scaffold,USo,SSo,TUPOR_,TUPOR,SESY,ASER,ASR,CwASo
DrugEx_GT_epsilon_0.6_500k_1,dis,murcko,313715,499412,14/34,0.4117647058823529,0.6281687264222726,0.0004567454085066829,4.46284838110175e-05,228
