name,type_cluster,scaffold,USo,SSo,TUPOR_,TUPOR,SESY,ASER,ACR,CwASo
DrugEx_GT_epsilon_0.6_500k_4,dis,murcko,339541,499914,29/98,0.29591836734693877,0.679198822197418,0.0023880992053705165,8.541671575673319e-05,1191
