name,type_cluster,scaffold,SSo,TUPOR_,TUPOR,SESY,ASER
DrugEx_GT_epsilon_0.6_500k_0,dis,murcko,499917,15/92,0.16304347826086957,0.6228073860260803,0.001158192259915146
