name,type_cluster,scaffold,USo,SSo,TUPOR_,TUPOR,SESY,ASER,ASR,CwASo
DrugEx_GT_epsilon_0.6_500k_2,dis,murcko,315876,499792,7/64,0.109375,0.6320149182059737,0.0005465257577789834,2.2161085766567785e-05,273
