name,type_cluster,scaffold,USo,SSo,TUPOR_,TUPOR,SESY,ASER,ACR,CwASo
DrugEx_GT_epsilon_0.6_500k_0,dis,murcko,311352,499917,15/92,0.16304347826086957,0.6228073860260803,0.00115953522463742,4.8179304098131605e-05,579
