name,type_cluster,scaffold,SSo,TUPOR_,TUPOR,SESY,ASER
GB_GA_mut_r_0.5_62.5k_0,dis,csk,"62,499.0",7/40,0.175,0.2829645,0.0107522
GB_GA_mut_r_0.5_62.5k_1,dis,csk,"62,497.0",9/23,0.3913043,0.2814695,0.0017761
GB_GA_mut_r_0.5_62.5k_2,dis,csk,"62,496.0",9/40,0.225,0.3225646,0.0008001
GB_GA_mut_r_0.5_62.5k_3,dis,csk,"62,500.0",11/37,0.2972973,0.278448,0.002512
GB_GA_mut_r_0.5_62.5k_4,dis,csk,"62,498.0",21/43,0.4883721,0.2726967,0.0055202
GB_GA_mut_r_0.5_62.5k_mean,dis,csk,"62,498.0",-,0.3153947,0.2876287,0.0042721
