name,type_cluster,scaffold,SSo,TUPOR_,TUPOR,SESY,ASER
GB_GA_mut_r_0.5_62.5k_4,dis,csk,59353,27/43,0.627906976744186,0.12685121223864,0.02407628931983219
