name,type_cluster,scaffold,USo,SSo,TUPOR_,TUPOR,SESY,ASER,CwASo
GB_GA_mut_r_0.5_62.5k_3,dis,csk,17403,62500,11/37,0.2972972972972973,0.278448,0.0025183260349999196,157
