name,type_cluster,scaffold,USo,SSo,TUPOR_,TUPOR,SESY,ASER,CwASo
GB_GA_mut_r_0.5_62.5k_1,dis,csk,17591,62497,9/23,0.391304347826087,0.28146951053650576,0.001779245343506556,111
