name,type_cluster,scaffold,SSo,TUPOR_,TUPOR,SESY,ASER
GB_GA_mut_r_0.5_62.5k_3,dis,csk,59580,20/37,0.5405405405405406,0.11821080899630748,0.03259483048002686
