name,type_cluster,scaffold,SSo,TUPOR_,TUPOR,SESY,ASER
GB_GA_mut_r_0.5_62.5k_1,dis,csk,59538,11/23,0.4782608695652174,0.12296348550505559,0.001511639625113373
