name,type_cluster,scaffold,USo,SSo,TUPOR_,TUPOR,SESY,ASER,CwASo
DrugEx_GT_epsilon_0.1_250k_3,dis,csk,52387,249911,13/37,0.35135135135135137,0.20962262565473308,0.005775205653664741,1435
