name,type_cluster,scaffold,SSo,TUPOR_,TUPOR,SESY,ASER
DrugEx_GT_epsilon_0.1_250k_4,dis,csk,249572,31/43,0.7209302325581395,0.27099594505793917,0.011319378776465308
