name,type_cluster,scaffold,SSo,TUPOR_,TUPOR,SESY,ASER
DrugEx_GT_epsilon_0.1_250k_1,dis,csk,249717,10/23,0.43478260869565216,0.19889314704245206,0.0006006799697257295
