name,type_cluster,scaffold,USo,SSo,TUPOR_,TUPOR,SESY,ASER,CwASo
DrugEx_GT_epsilon_0.1_250k_1,dis,csk,49667,249717,10/23,0.43478260869565216,0.19889314704245206,0.0006010410030172259,150
