name,type_cluster,scaffold,SSo,TUPOR_,TUPOR,SESY,ASER
DrugEx_GT_epsilon_0.1_250k_3,dis,csk,249911,13/37,0.35135135135135137,0.20962262565473308,0.00574204416772371
