name,type_cluster,scaffold,USo,SSo,TUPOR_,TUPOR,SESY,ASER,CwASo
DrugEx_GT_epsilon_0.1_250k_4,dis,csk,67633,249572,31/43,0.7209302325581395,0.27099594505793917,0.011448974050343064,2825
