name,type_cluster,scaffold,USo,SSo,TUPOR_,TUPOR,SESY,ASER,ACR,CwASo
DrugEx_RNN_epsilon_0.1_100k_0,dis,csk,"17,246.0","99,002.0",24/42,0.5714286,0.1741985,0.0548512,0.0013936,"5,148.0"
DrugEx_RNN_epsilon_0.1_100k_1,dis,csk,"12,703.0","98,624.0",18/41,0.4390244,0.1288023,0.0089618,0.001419,876.0
DrugEx_RNN_epsilon_0.1_100k_2,dis,csk,"10,236.0","96,821.0",21/45,0.4666667,0.1057209,0.0018418,0.0020558,178.0
DrugEx_RNN_epsilon_0.1_100k_3,dis,csk,"13,638.0","99,609.0",28/47,0.5957447,0.1369153,0.1533892,0.0020573,"13,247.0"
DrugEx_RNN_epsilon_0.1_100k_4,dis,csk,"13,504.0","98,806.0",18/41,0.4390244,0.1366719,0.0286613,0.0013347,"2,753.0"
DrugEx_RNN_epsilon_0.1_100k_mean,dis,csk,"13,465.4","98,572.4",-,0.5023777,0.1364618,0.0495411,0.0016521,"4,440.4"
