name,type_cluster,scaffold,USo,SSo,TUPOR_,TUPOR,SESY,ASER,ASR,CwASo
DrugEx_RNN_epsilon_0.6_100k_0,dis,csk,"15,787.0","99,214.0",13/40,0.325,0.1591207,0.0073715,0.0008241,726.0
DrugEx_RNN_epsilon_0.6_100k_1,dis,csk,"14,242.0","98,842.0",13/23,0.5652174,0.1440885,0.0023222,0.0009136,229.0
DrugEx_RNN_epsilon_0.6_100k_2,dis,csk,"16,351.0","99,025.0",6/40,0.15,0.1651199,0.0003738,0.0003671,37.0
DrugEx_RNN_epsilon_0.6_100k_3,dis,csk,"18,535.0","99,153.0",23/37,0.6216216,0.1869333,0.0163284,0.0012424,"1,593.0"
DrugEx_RNN_epsilon_0.6_100k_4,dis,csk,"22,344.0","98,844.0",35/43,0.8139535,0.2260532,0.0663818,0.0015689,"6,153.0"
DrugEx_RNN_epsilon_0.6_100k_mean,dis,csk,"17,451.8","99,015.6",-,0.4951585,0.1762631,0.0185555,0.0009832,"1,747.6"
