name,type_cluster,scaffold,USo,SSo,TUPOR_,TUPOR,SESY,ASER,ASR,CwASo
DrugEx_RNN_epsilon_0.6_100k_0,dis,csk,15787.0,99214.0,13/40,0.325,0.1591207,0.0073715,0.0008241,726.0
DrugEx_RNN_epsilon_0.6_100k_1,dis,csk,14242.0,98842.0,13/23,0.5652174,0.1440885,0.0023222,0.0009136,229.0
DrugEx_RNN_epsilon_0.6_100k_2,dis,csk,16351.0,99025.0,6/40,0.15,0.1651199,0.0003738,0.0003671,37.0
DrugEx_RNN_epsilon_0.6_100k_3,dis,csk,18535.0,99153.0,23/37,0.6216216,0.1869333,0.0163284,0.0012424,1593.0
DrugEx_RNN_epsilon_0.6_100k_4,dis,csk,22344.0,98844.0,35/43,0.8139535,0.2260532,0.0663818,0.0015689,6153.0
DrugEx_RNN_epsilon_0.6_100k_mean,dis,csk,17451.8,99015.6,-,0.4951585,0.1762631,0.0185555,0.0009832,1747.6
