name,type_cluster,scaffold,USo,SSo,TUPOR_,TUPOR,SESY,ASER,ASR,CwASo
GB_GA_mut_r_0.01_1k_3,sim,csk,842,1000,6/35,0.17142857142857143,0.842,0.009081735620585268,0.007177033492822967,9
