name,type_cluster,scaffold,USo,SSo,TUPOR_,TUPOR,SESY,ASER,CwASo
DrugEx_GT_epsilon_0.6_250k_1,dis,csk,75156,249269,26/41,0.6341463414634146,0.3015056023813631,0.006143363996334971,1522
