name,type_cluster,scaffold,SSo,TUPOR_,TUPOR,SESY,ASER
DrugEx_GT_epsilon_0.6_250k_3,dis,csk,249432,32/47,0.6808510638297872,0.32012732929215176,0.029242438821001315
