name,type_cluster,scaffold,SSo,TUPOR_,TUPOR,SESY,ASER
DrugEx_GT_epsilon_0.6_250k_0,dis,csk,248564,32/42,0.7619047619047619,0.35958948198451907,0.02759955020505358
