name,type_cluster,scaffold,SSo,TUPOR_,TUPOR,SESY,ASER
DrugEx_GT_epsilon_0.6_250k_4,dis,csk,248337,29/41,0.7073170731707317,0.32502607344052636,0.018474895001550314
