name,type_cluster,scaffold,USo,SSo,TUPOR_,TUPOR,SESY,ASER,CwASo
DrugEx_GT_epsilon_0.6_250k_3,dis,csk,79850,249432,32/47,0.6808510638297872,0.32012732929215176,0.030123318107855852,7294
