name,type_cluster,scaffold,SSo,TUPOR_,TUPOR,SESY,ASER
DrugEx_GT_epsilon_0.6_250k_1,dis,csk,249269,26/41,0.6341463414634146,0.3015056023813631,0.006105853515679848
