name,type_cluster,scaffold,SSo,TUPOR_,TUPOR,SESY,ASER
DrugEx_GT_epsilon_0.6_250k_2,dis,csk,248792,38/45,0.8444444444444444,0.3178398019228914,0.013842987835937978
