name,type_cluster,scaffold,USo,SSo,TUPOR_,TUPOR,SESY,ASER,ACR,CwASo
DrugEx_RNN_epsilon_0.6_0,dis,murcko,363308.0,886866.0,6/92,0.0652174,0.4096538,0.0005573,1.65e-05,494.0
DrugEx_RNN_epsilon_0.6_1,dis,murcko,326080.0,885288.0,18/34,0.5294118,0.3683321,0.0004181,5.52e-05,370.0
DrugEx_RNN_epsilon_0.6_2,dis,murcko,379066.0,900041.0,4/64,0.0625,0.4211653,3e-05,1.06e-05,27.0
DrugEx_RNN_epsilon_0.6_3,dis,murcko,388507.0,882260.0,36/76,0.4736842,0.4403543,0.0045099,9.27e-05,3961.0
DrugEx_RNN_epsilon_0.6_4,dis,murcko,439716.0,905550.0,33/98,0.3367347,0.4855789,0.001903,7.51e-05,1720.0
DrugEx_RNN_epsilon_0.6_mean,dis,murcko,379335.4,892001.0,-,0.2935096,0.4250169,0.0014837,5e-05,1314.4
