name,type_cluster,scaffold,USo,SSo,TUPOR_,TUPOR,TUPOR_unique,TUPOR_1,TUPOR_2,SESY,ASER,CwASo,KL_OS_IS,KL_OS_RS
DrugEx_RNN_epsilon_0.6_0,dis,murcko,363258.0,886675.0,6/92,0.0652174,0.0017953,1.32e-05,0.0522756,0.4096856,0.0005571,494.0,0.0083802954706492,0.0869889167804744
DrugEx_RNN_epsilon_0.6_1,dis,murcko,325977.0,884907.0,18/34,0.5294118,0.0162408,3.77e-05,0.3613637,0.3683743,0.0004181,370.0,0.0086557277653883,0.0601633989810009
DrugEx_RNN_epsilon_0.6_2,dis,murcko,379009.0,899782.0,4/64,0.0625,0.001649,1.29e-05,0.0765112,0.4212231,3e-05,27.0,0.013913621263139,0.0535814670314249
DrugEx_RNN_epsilon_0.6_3,dis,murcko,388335.0,881702.0,36/76,0.4736842,0.0121978,0.000123,0.6286306,0.4404379,0.0044868,3956.0,0.0084385599089315,0.0332431009117671
DrugEx_RNN_epsilon_0.6_4,dis,murcko,439449.0,904627.0,33/98,0.3367347,0.0076627,0.0001132,0.5074279,0.4857792,0.0019013,1720.0,0.0103449964590953,0.0557179734718639
DrugEx_RNN_epsilon_0.6_mean,dis,murcko,379205.6,891538.6,-,0.2935096,0.0079091,6e-05,0.3252418,0.4251,0.0014787,1313.4,0.009946640173440659,0.05793897143530624
