name,type_cluster,scaffold,SSo,TUPOR_,TUPOR,SESY,ASER
DrugEx_RNN_epsilon_0.6_0,dis,murcko,886675.0,6/92,0.0652174,0.4096856,0.0005571
DrugEx_RNN_epsilon_0.6_1,dis,murcko,884907.0,18/34,0.5294118,0.3683743,0.0004181
DrugEx_RNN_epsilon_0.6_2,dis,murcko,899782.0,4/64,0.0625,0.4212231,3e-05
DrugEx_RNN_epsilon_0.6_3,dis,murcko,881702.0,36/76,0.4736842,0.4404379,0.0044868
DrugEx_RNN_epsilon_0.6_4,dis,murcko,904627.0,33/98,0.3367347,0.4857792,0.0019013
DrugEx_RNN_epsilon_0.6_mean,dis,murcko,891538.6,-,0.2935096,0.4251,0.0014787
