name,type_cluster,scaffold,USo,SSo,TUPOR_,TUPOR,SESY,ASER,ACR,CwASo
DrugEx_RNN_epsilon_0.6_2,dis,murcko,379066,900041,4/64,0.0625,0.42116525802713434,2.999953334059248e-05,1.0552363465607209e-05,27
