name,type_cluster,scaffold,USo,SSo,TUPOR_,TUPOR,TUPOR_unique,TUPOR_1,TUPOR_2,SESY,ASER,CwASo
DrugEx_RNN_epsilon_0.6_4,dis,murcko,439449,904627,33/98,0.336734693877551,0.007662656960820278,0.00011315972985415592,0.5074278584150915,0.48577922171237425,0.0019013361308030823,1720
