name,type_cluster,scaffold,USo,SSo,TUPOR_,TUPOR,TUPOR_unique,TUPOR_1,TUPOR_2,SESY,ASER,CwASo
DrugEx_RNN_epsilon_0.6_0,dis,murcko,363258,886675,6/92,0.06521739130434782,0.0017953463187141874,1.3239496359751442e-05,0.052275575746202056,0.4096856232554205,0.0005571376208870218,494
