name,type_cluster,scaffold,SSo,TUPOR_,TUPOR,SESY,ASER
DrugEx_RNN_epsilon_0.6_1,dis,murcko,884907,18/34,0.5294117647058824,0.36837430374039304,0.000418123034397965
