name,type_cluster,scaffold,USo,SSo,TUPOR_,TUPOR,SESY,ASER,ACR,CwASo
DrugEx_RNN_epsilon_0.6_3,dis,murcko,388507,882260,36/76,0.47368421052631576,0.44035431732142455,0.0045098537058564335,9.267101019123693e-05,3961
