name,type_cluster,scaffold,SSo,TUPOR_,TUPOR,SESY,ASER
DrugEx_RNN_epsilon_0.6_3,dis,murcko,881702,36/76,0.47368421052631576,0.4404379257390819,0.004486776711405895
