name,type_cluster,scaffold,SSo,TUPOR_,TUPOR,SESY,ASER
DrugEx_RNN_epsilon_0.6_0,dis,murcko,886675,6/92,0.06521739130434782,0.4096856232554205,0.0005571376208870218
