name,type_cluster,scaffold,USo,SSo,TUPOR_,TUPOR,TUPOR_unique,TUPOR_1,TUPOR_2,SESY,ASER,CwASo
DrugEx_RNN_epsilon_0.6_2,dis,murcko,379009,899782,4/64,0.0625,0.001649037357951922,1.2919796128395543e-05,0.07651123454417291,0.42122314071630684,3.0007268427241266e-05,27
