name,type_cluster,scaffold,USo,SSo,TUPOR_,TUPOR,TUPOR_unique,TUPOR_1,TUPOR_2,SESY,ASER,CwASo
DrugEx_RNN_epsilon_0.6_1,dis,murcko,325977,884907,18/34,0.5294117647058824,0.0162407705054615,3.769089992108842e-05,0.3613637201051953,0.36837430374039304,0.000418123034397965,370
