name,type_cluster,scaffold,SSo,TUPOR_,TUPOR,SESY,ASER
DrugEx_RNN_epsilon_0.6_4,dis,murcko,904627,33/98,0.336734693877551,0.48577922171237425,0.0019013361308030823
