name,type_cluster,scaffold,USo,SSo,TUPOR_,TUPOR,SESY,ASER,ASR,CwASo
DrugEx_RNN_epsilon_0.6_0,dis,murcko,363308,886866,6/92,0.06521739130434782,0.40965376956609,0.0005573280744427848,1.6515185713263344e-05,494
