name,type_cluster,scaffold,USo,SSo,TUPOR_,TUPOR,SESY,ASER,ACR,CwASo
DrugEx_RNN_epsilon_0.6_1,dis,murcko,326080,885288,18/34,0.5294117647058824,0.36833211339134836,0.0004181178369069225,5.520422496335053e-05,370
