name,type_cluster,scaffold,USo,SSo,TUPOR_,TUPOR,SESY,ASER,CwASo
DrugEx_RNN_epsilon_0.1_125k_0,sim,murcko,"71,647.0","122,128.0",24/172,0.1395349,0.586655,0.0894558,"10,028.0"
DrugEx_RNN_epsilon_0.1_125k_1,sim,murcko,"69,885.0","122,848.0",5/93,0.0537634,0.5688737,0.0042344,518.0
DrugEx_RNN_epsilon_0.1_125k_2,sim,murcko,"67,732.0","123,627.0",8/65,0.1230769,0.5478738,0.0021319,263.0
DrugEx_RNN_epsilon_0.1_125k_3,sim,murcko,"66,104.0","123,296.0",2/57,0.0350877,0.5361407,0.0018201,224.0
DrugEx_RNN_epsilon_0.1_125k_4,sim,murcko,"54,888.0","119,212.0",0/50,0.0,0.4604234,0.0,0.0
DrugEx_RNN_epsilon_0.1_125k_mean,sim,murcko,"66,051.2","122,222.2",-,0.0702926,0.5399933,0.0195285,"2,206.6"
