name,type_cluster,scaffold,SSo,TUPOR_,TUPOR,SESY,ASER
DrugEx_RNN_epsilon_0.1_125k_2,sim,murcko,123627,8/65,0.12307692307692308,0.5478738463280675,0.0021273669991183158
