name,type_cluster,scaffold,SSo,TUPOR_,TUPOR,SESY,ASER
DrugEx_RNN_epsilon_0.1_125k_3,sim,murcko,123296,2/57,0.03508771929824561,0.5361406696080976,0.0018200728029121164
