name,type_cluster,scaffold,SSo,TUPOR_,TUPOR,SESY,ASER
DrugEx_RNN_epsilon_0.1_125k_1,sim,murcko,122848,5/93,0.053763440860215055,0.5688737301380568,0.004234447805117306
