name,type_cluster,scaffold,SSo,TUPOR_,TUPOR,SESY,ASER
DrugEx_RNN_epsilon_0.1_125k_0,sim,murcko,122128,24/172,0.13953488372093023,0.5866549849338399,0.08211057251408359
