name,type_cluster,scaffold,USo,SSo,TUPOR_,TUPOR,SESY,ASER,CwASo
DrugEx_RNN_epsilon_0.1_125k_1,sim,murcko,69885,122848,5/93,0.053763440860215055,0.5688737301380568,0.004234447805117306,518
