name,type_cluster,scaffold,USo,SSo,TUPOR_,TUPOR,SESY,ASER,CwASo
DrugEx_GT_epsilon_0.1_125k_4,dis,csk,41790,124889,22/41,0.5365853658536586,0.33461714002033804,0.017309634746342575,2125
