name,type_cluster,scaffold,SSo,TUPOR_,TUPOR,SESY,ASER
DrugEx_GT_epsilon_0.1_125k_1,dis,csk,124564,21/41,0.5121951219512195,0.3590443466812241,0.004399344915063742
