name,type_cluster,scaffold,SSo,TUPOR_,TUPOR,SESY,ASER
DrugEx_GT_epsilon_0.1_125k_0,dis,csk,124879,18/42,0.42857142857142855,0.30896307625781755,0.012123735776231392
