name,type_cluster,scaffold,SSo,TUPOR_,TUPOR,SESY,ASER
DrugEx_GT_epsilon_0.1_125k_4,dis,csk,124889,22/41,0.5365853658536586,0.33461714002033804,0.01701510941716244
