name,type_cluster,scaffold,USo,SSo,TUPOR_,TUPOR,SESY,ASER,CwASo
DrugEx_GT_epsilon_0.1_125k_0,dis,csk,38583,124879,18/42,0.42857142857142855,0.30896307625781755,0.012272524622056498,1514
