name,type_cluster,scaffold,USo,SSo,TUPOR_,TUPOR,SESY,ASER,ACR,CwASo
DrugEx_GT_epsilon_0.1_0,dis,csk,170362.0,915387.0,29/42,0.6904762,0.1861093,0.0118799,0.0001703,10747.0
DrugEx_GT_epsilon_0.1_1,dis,csk,215374.0,859984.0,31/41,0.7560976,0.2504395,0.0043386,0.000144,3715.0
DrugEx_GT_epsilon_0.1_2,dis,csk,134375.0,798694.0,35/45,0.7777778,0.1682434,0.0083031,0.0002605,6577.0
DrugEx_GT_epsilon_0.1_3,dis,csk,129409.0,871602.0,33/47,0.7021277,0.1484726,0.0605534,0.0002551,49765.0
DrugEx_GT_epsilon_0.1_4,dis,csk,205109.0,923243.0,29/41,0.7073171,0.2221614,0.0169902,0.0001414,15424.0
DrugEx_GT_epsilon_0.1_mean,dis,csk,170925.8,873782.0,-,0.7267593,0.1950852,0.020413,0.0001942,17245.6
