name,type_cluster,scaffold,USo,SSo,TUPOR_,TUPOR,SESY,ASER,ACR,CwASo
DrugEx_GT_epsilon_0.1_0,dis,csk,"170,362.0","915,387.0",29/42,0.6904762,0.1861093,0.0118799,0.0001703,"10,747.0"
DrugEx_GT_epsilon_0.1_1,dis,csk,"215,374.0","859,984.0",31/41,0.7560976,0.2504395,0.0043386,0.000144,"3,715.0"
DrugEx_GT_epsilon_0.1_2,dis,csk,"134,375.0","798,694.0",35/45,0.7777778,0.1682434,0.0083031,0.0002605,"6,577.0"
DrugEx_GT_epsilon_0.1_3,dis,csk,"129,409.0","871,602.0",33/47,0.7021277,0.1484726,0.0605534,0.0002551,"49,765.0"
DrugEx_GT_epsilon_0.1_4,dis,csk,"205,109.0","923,243.0",29/41,0.7073171,0.2221614,0.0169902,0.0001414,"15,424.0"
DrugEx_GT_epsilon_0.1_mean,dis,csk,"170,925.8","873,782.0",-,0.7267593,0.1950852,0.020413,0.0001942,"17,245.6"
