name,type_cluster,scaffold,SSo,TUPOR_,TUPOR,SESY,ASER
DrugEx_GT_epsilon_0.1_3,dis,csk,871602,33/47,0.7021276595744681,0.14847258266961297,0.057096014006392824
