name,type_cluster,scaffold,USo,SSo,TUPOR_,TUPOR,SESY,ASER,ACR,CwASo
DrugEx_GT_epsilon_0.1_1,dis,csk,215374,859984,31/41,0.7560975609756098,0.25043954306126626,0.0043385898590279455,0.00014395638585883915,3715
