name,type_cluster,scaffold,USo,SSo,TUPOR_,TUPOR,SESY,ASER,ACR,CwASo
DrugEx_GT_epsilon_0.1_3,dis,csk,129409,871602,33/47,0.7021276595744681,0.14847258266961297,0.060553370072167594,0.0002550704922087559,49765
