name,type_cluster,scaffold,SSo,TUPOR_,TUPOR,SESY,ASER
DrugEx_GT_epsilon_0.1_4,dis,csk,923243,29/41,0.7073170731707317,0.22216144611981894,0.01699017094817359
