name,type_cluster,scaffold,USo,SSo,TUPOR_,TUPOR,SESY,ASER,ACR,CwASo
DrugEx_GT_epsilon_0.1_2,dis,csk,134375,798694,35/45,0.7777777777777778,0.1682434073625193,0.008303066339947256,0.00026053297603096623,6577
