name,type_cluster,scaffold,SSo,TUPOR_,TUPOR,SESY,ASER
DrugEx_GT_epsilon_0.1_0,dis,csk,915387,29/42,0.6904761904761905,0.18610926307670964,0.011879863813229571
