name,type_cluster,scaffold,SSo,TUPOR_,TUPOR,SESY,ASER
DrugEx_GT_epsilon_0.1_1,dis,csk,859984,31/41,0.7560975609756098,0.25043954306126626,0.0043385898590279455
