name,type_cluster,scaffold,USo,SSo,TUPOR_,TUPOR,SESY,ASER,ACR,CwASo
DrugEx_GT_epsilon_0.1_4,dis,csk,205109,923243,29/41,0.7073170731707317,0.22216144611981894,0.01699017094817359,0.00014140823093426955,15424
