name,type_cluster,scaffold,SSo,TUPOR_,TUPOR,SESY,ASER
DrugEx_GT_epsilon_0.1_2,dis,csk,798694,35/45,0.7777777777777778,0.1682434073625193,0.008303066339947256
