name,type_cluster,scaffold,USo,SSo,TUPOR_,TUPOR,SESY,ASER,CwASo
REINVENT_62.5k_0,sim,csk,"20,266.0","62,082.0",17/38,0.4473684,0.3264392,0.015208,930.0
REINVENT_62.5k_1,sim,csk,"26,866.0","61,917.0",11/38,0.2894737,0.4339035,0.0123939,758.0
REINVENT_62.5k_2,sim,csk,"19,685.0","61,543.0",11/37,0.2972973,0.3198577,0.0062129,380.0
REINVENT_62.5k_3,sim,csk,"11,294.0","62,194.0",10/35,0.2857143,0.1815931,0.0010784,67.0
REINVENT_62.5k_4,sim,csk,"9,921.0","61,837.0",7/35,0.2,0.1604379,0.0099299,608.0
REINVENT_62.5k_mean,sim,csk,"17,606.4","61,914.6",-,0.3039707,0.2844463,0.0089646,548.6
