name,type_cluster,scaffold,USo,SSo,TUPOR_,TUPOR,SESY,ASER,CwASo
REINVENT_62.5k_0,sim,csk,20266,62082,17/38,0.4473684210526316,0.32643922554041427,0.015208006279434852,930
