name,type_cluster,scaffold,USo,SSo,TUPOR_,TUPOR,SESY,ASER,CwASo
REINVENT_62.5k_3,sim,csk,11294,62194,10/35,0.2857142857142857,0.1815930797183008,0.0010784361066846942,67
