name,type_cluster,scaffold,USo,SSo,TUPOR_,TUPOR,SESY,ASER,CwASo
REINVENT_62.5k_1,sim,csk,26866,61917,11/38,0.2894736842105263,0.4339034513946089,0.012393924034075115,758
