name,type_cluster,scaffold,SSo,TUPOR_,TUPOR,SESY,ASER
REINVENT_62.5k_2,sim,csk,61543,11/37,0.2972972972972973,0.31985766049753833,0.006174544627333734
