name,type_cluster,scaffold,SSo,TUPOR_,TUPOR,SESY,ASER
REINVENT_62.5k_1,sim,csk,61917,11/38,0.2894736842105263,0.4339034513946089,0.01224219519679571
