name,type_cluster,scaffold,SSo,TUPOR_,TUPOR,SESY,ASER
REINVENT_62.5k_3,sim,csk,62194,10/35,0.2857142857142857,0.1815930797183008,0.0010772743351448693
