name,type_cluster,scaffold,USo,SSo,TUPOR_,TUPOR,SESY,ASER,CwASo
DrugEx_RNN_epsilon_0.6_125k_4,dis,csk,26522,123561,36/43,0.8372093023255814,0.21464701645341167,0.06634850223952085,7688
