name,type_cluster,scaffold,SSo,TUPOR_,TUPOR,SESY,ASER
DrugEx_RNN_epsilon_0.6_125k_3,dis,csk,123951,23/37,0.6216216216216216,0.17566619067212044,0.016345168655355746
