name,type_cluster,scaffold,SSo,TUPOR_,TUPOR,SESY,ASER
DrugEx_RNN_epsilon_0.6_125k_1,dis,csk,123558,15/23,0.6521739130434783,0.13560433156897975,0.002322795772026093
