name,type_cluster,scaffold,SSo,TUPOR_,TUPOR,SESY,ASER
GB_GA_log_p_mut_r_0.01_500k_2,dis,murcko,443678,1/102,0.00980392156862745,0.22953132677302007,6.0854944351534224e-05
