name,type_cluster,scaffold,USo,SSo,TUPOR_,TUPOR,SESY,ASER,ACR,CwASo
GB_GA_mut_r_0.01_100k_2,dis,csk,10252,88665,7/45,0.15555555555555556,0.1156262335758191,0.0004061875909690959,0.0006832601268911664,36
