name,type_cluster,scaffold,USo,SSo,TUPOR_,TUPOR,SESY,ASER,CwASo
Molpher_62.5k_0,sim,csk,"12,053.0","62,847.0",23/38,0.6052632,0.1917832,0.015545,962.0
Molpher_62.5k_1,sim,csk,"11,729.0","62,626.0",20/38,0.5263158,0.1872864,0.0226323,"1,386.0"
Molpher_62.5k_2,sim,csk,"11,542.0","62,517.0",17/37,0.4594595,0.1846218,0.0151665,934.0
Molpher_62.5k_3,sim,csk,"11,088.0","62,518.0",15/35,0.4285714,0.1773569,0.0152322,938.0
Molpher_62.5k_4,sim,csk,"10,993.0","62,650.0",11/35,0.3142857,0.1754669,0.0044893,280.0
Molpher_62.5k_mean,sim,csk,"11,481.0","62,631.6",-,0.4667791,0.183303,0.0146131,900.0
