name,type_cluster,scaffold,USo,SSo,TUPOR_,TUPOR,SESY,ASER,CwASo
Molpher_62.5k_1,sim,csk,11729,62626,20/38,0.5263157894736842,0.1872864305559991,0.02263226649248857,1386
