name,type_cluster,scaffold,SSo,TUPOR_,TUPOR,SESY,ASER
Molpher_62.5k_1,sim,csk,62626,20/38,0.5263157894736842,0.1872864305559991,0.02213138313160668
