name,type_cluster,scaffold,SSo,TUPOR_,TUPOR,SESY,ASER
Molpher_62.5k_0,sim,csk,62847,23/38,0.6052631578947368,0.19178321956497527,0.015307015450220377
