name,type_cluster,scaffold,SSo,TUPOR_,TUPOR,SESY,ASER
Molpher_62.5k_4,sim,csk,62650,11/35,0.3142857142857143,0.17546687948922585,0.004469273743016759
