name,type_cluster,scaffold,SSo,TUPOR_,TUPOR,SESY,ASER
Molpher_62.5k_3,sim,csk,62518,15/35,0.42857142857142855,0.17735692120669247,0.015003678940465146
