name,type_cluster,scaffold,USo,SSo,TUPOR_,TUPOR,SESY,ASER,CwASo
Molpher_62.5k_3,sim,csk,11088,62518,15/35,0.42857142857142855,0.17735692120669247,0.015232218252679442,938
