name,type_cluster,scaffold,USo,SSo,TUPOR_,TUPOR,SESY,ASER,CwASo
Molpher_62.5k_4,sim,csk,10993,62650,11/35,0.3142857142857143,0.17546687948922585,0.004489337822671156,280
