name,type_cluster,scaffold,USo,SSo,TUPOR_,TUPOR,SESY,ASER,CwASo
Molpher_62.5k_2,sim,csk,11542,62517,17/37,0.4594594594594595,0.18462178287505798,0.015166523228813147,934
