name,type_cluster,scaffold,SSo,TUPOR_,TUPOR,SESY,ASER
Molpher_62.5k_2,sim,csk,62517,17/37,0.4594594594594595,0.18462178287505798,0.01493993633731625
