name,type_cluster,scaffold,USo,SSo,TUPOR_,TUPOR,TUPOR_unique,TUPOR_1,TUPOR_2,SESY,ASER,CwASo
DrugEx_RNN_epsilon_0.1_desired_0,sim,murcko,172200.0,413077.0,9/115,0.0782609,0.0045448,9.21e-05,0.1378749,0.4168714,0.0149633,6181.0
DrugEx_RNN_epsilon_0.1_desired_1,sim,murcko,261604.0,652318.0,12/100,0.12,0.0045871,4.34e-05,0.1135738,0.4010375,0.0028345,1849.0
DrugEx_RNN_epsilon_0.1_desired_2,sim,murcko,257064.0,649698.0,2/58,0.0344828,0.0013414,7.2e-06,0.0317569,0.3956669,0.0001585,103.0
DrugEx_RNN_epsilon_0.1_desired_3,sim,murcko,203676.0,398938.0,2/51,0.0392157,0.0019254,6.2e-06,0.0247323,0.5105455,2.51e-05,10.0
DrugEx_RNN_epsilon_0.1_desired_4,sim,murcko,228956.0,569293.0,2/40,0.05,0.0021838,3.7e-06,0.0211142,0.402176,3.5e-06,2.0
DrugEx_RNN_epsilon_0.1_desired_mean,sim,murcko,224700.0,536664.8,-,0.0643919,0.0029165,3.05e-05,0.0658104,0.4252595,0.003597,1629.0
