name,type_cluster,scaffold,USo,SSo,TUPOR_,TUPOR,SESY,ASER,CwASo
Molpher_62.5k_0,sim,csk,13663.0,62699.0,36/46,0.7826087,0.2179142,0.0258176,1578.0
Molpher_62.5k_1,sim,csk,13049.0,62641.0,29/44,0.6590909,0.208314,0.0097687,606.0
Molpher_62.5k_2,sim,csk,11996.0,62509.0,27/42,0.6428571,0.1919084,0.0074784,464.0
Molpher_62.5k_3,sim,csk,12618.0,62562.0,24/42,0.5714286,0.2016879,0.0142996,882.0
Molpher_62.5k_4,sim,csk,12346.0,62794.0,19/42,0.452381,0.1966111,0.004222,264.0
Molpher_62.5k_mean,sim,csk,12734.4,62641.0,-,0.6216733,0.2032871,0.0123173,758.8
