name,type_cluster,scaffold,USo,SSo,TUPOR_,TUPOR,SESY,ASER,CwASo
Molpher_62.5k_3,sim,csk,12618,62562,24/42,0.5714285714285714,0.2016879255778268,0.014299610894941634,882
