name,type_cluster,scaffold,SSo,TUPOR_,TUPOR,SESY,ASER
Molpher_62.5k_1,sim,csk,62641,29/44,0.6590909090909091,0.2083140435178238,0.009674175061062244
