name,type_cluster,scaffold,USo,SSo,TUPOR_,TUPOR,SESY,ASER,CwASo
Molpher_62.5k_2,sim,csk,11996,62509,27/42,0.6428571428571429,0.19190836519541185,0.007478443065516964,464
