name,type_cluster,scaffold,USo,SSo,TUPOR_,TUPOR,SESY,ASER,CwASo
Molpher_62.5k_0,sim,csk,13663,62699,36/46,0.782608695652174,0.21791416131038774,0.025817640418186877,1578
