name,type_cluster,scaffold,SSo,TUPOR_,TUPOR,SESY,ASER
Molpher_62.5k_2,sim,csk,62509,27/42,0.6428571428571429,0.19190836519541185,0.0074229310979218996
