name,type_cluster,scaffold,SSo,TUPOR_,TUPOR,SESY,ASER
Molpher_62.5k_4,sim,csk,62794,19/42,0.4523809523809524,0.19661114119183362,0.004204223333439501
