name,type_cluster,scaffold,SSo,TUPOR_,TUPOR,SESY,ASER
Molpher_62.5k_3,sim,csk,62562,24/42,0.5714285714285714,0.2016879255778268,0.014098014769348806
