name,type_cluster,scaffold,USo,SSo,TUPOR_,TUPOR,SESY,ASER,CwASo
Molpher_62.5k_4,sim,csk,12346,62794,19/42,0.4523809523809524,0.19661114119183362,0.004221973452742683,264
