name,type_cluster,scaffold,USo,SSo,TUPOR_,TUPOR,SESY,ASER,ACR,CwASo
REINVENT_0,dis,csk,109292.0,801335.0,29/42,0.6904762,0.1363874,0.002832,0.0002654,2263.0
REINVENT_1,dis,csk,77068.0,682139.0,15/41,0.3658537,0.1129799,0.0011683,0.0001947,796.0
REINVENT_2,dis,csk,78899.0,609520.0,35/45,0.7777778,0.1294445,0.0128938,0.0004438,7759.0
REINVENT_3,dis,csk,69948.0,589348.0,22/47,0.4680851,0.1186871,0.0017422,0.0003146,1025.0
REINVENT_4,dis,csk,84688.0,707910.0,27/41,0.6585366,0.119631,0.007268,0.0003189,5108.0
REINVENT_mean,dis,csk,83979.0,678050.4,-,0.5921459,0.123426,0.0051809,0.0003075,3390.2
