name,type_cluster,scaffold,USo,SSo,TUPOR_,TUPOR,SESY,ASER,ACR,CwASo
REINVENT_0,dis,csk,"109,292.0","801,335.0",29/42,0.6904762,0.1363874,0.002832,0.0002654,"2,263.0"
REINVENT_1,dis,csk,"77,068.0","682,139.0",15/41,0.3658537,0.1129799,0.0011683,0.0001947,796.0
REINVENT_2,dis,csk,"78,899.0","609,520.0",35/45,0.7777778,0.1294445,0.0128938,0.0004438,"7,759.0"
REINVENT_3,dis,csk,"69,948.0","589,348.0",22/47,0.4680851,0.1186871,0.0017422,0.0003146,"1,025.0"
REINVENT_4,dis,csk,"84,688.0","707,910.0",27/41,0.6585366,0.119631,0.007268,0.0003189,"5,108.0"
REINVENT_mean,dis,csk,"83,979.0","678,050.4",-,0.5921459,0.123426,0.0051809,0.0003075,"3,390.2"
