name,type_cluster,scaffold,USo,SSo,TUPOR_,TUPOR,SESY,ASER,ACR,CwASo
REINVENT_3,dis,csk,69948,589348,22/47,0.46808510638297873,0.11868709149772291,0.0017422402319814117,0.00031461831078568773,1025
