name,type_cluster,scaffold,USo,SSo,TUPOR_,TUPOR,SESY,ASER,ACR,CwASo
REINVENT_0,dis,csk,109292,801335,29/42,0.6904761904761905,0.13638740352037537,0.0028320351607865123,0.0002654146417359948,2263
