name,type_cluster,scaffold,SSo,TUPOR_,TUPOR,SESY,ASER
REINVENT_3,dis,csk,589351,22/47,0.46808510638297873,0.11869157768460561,0.0017422313479261498
