name,type_cluster,scaffold,SSo,TUPOR_,TUPOR,SESY,ASER
REINVENT_4,dis,csk,707911,27/41,0.6585365853658537,0.11963085755130236,0.007215596310835684
