name,type_cluster,scaffold,SSo,TUPOR_,TUPOR,SESY,ASER
REINVENT_1,dis,csk,682145,15/41,0.36585365853658536,0.11298624192803583,0.0011682705926037904
