name,type_cluster,scaffold,USo,SSo,TUPOR_,TUPOR,SESY,ASER,ACR,CwASo
REINVENT_2,dis,csk,78899,609520,35/45,0.7777777777777778,0.12944448090300564,0.012893823295294976,0.0004438019882329073,7759
