name,type_cluster,scaffold,SSo,TUPOR_,TUPOR,SESY,ASER
REINVENT_0,dis,csk,801339,29/42,0.6904761904761905,0.13639046645676797,0.0028320209842367934
