name,type_cluster,scaffold,USo,SSo,TUPOR_,TUPOR,SESY,ASER,ACR,CwASo
REINVENT_4,dis,csk,84688,707910,27/41,0.6585365853658537,0.11963102654292213,0.007268049891719147,0.00031891898276656313,5108
