name,type_cluster,scaffold,SSo,TUPOR_,TUPOR,SESY,ASER
REINVENT_2,dis,csk,609529,35/45,0.7777777777777778,0.12944749142370585,0.012729500975343257
