name,type_cluster,scaffold,USo,SSo,TUPOR_,TUPOR,TUPOR_unique,TUPOR_1,TUPOR_2,SESY,ASER,CwASo
DrugEx_epsilon_0.1_short_0,dis,murcko,"6,287.0","9,990.0",2/92,0.0217391,0.0345779,0.0003917,0.0267673,0.6293293,0.0006006,6.0
DrugEx_epsilon_0.1_short_1,dis,murcko,"6,554.0","9,989.0",0/34,0.0,0.0,0.0,0.0,0.6561217,0.0,0.0
DrugEx_epsilon_0.1_short_2,dis,murcko,"6,503.0","9,993.0",0/64,0.0,0.0,0.0,0.0,0.6507555,0.0,0.0
DrugEx_epsilon_0.1_short_3,dis,murcko,"6,019.0","9,990.0",4/76,0.0526316,0.0874424,0.0012065,0.0955492,0.6025025,0.0034034,34.0
DrugEx_epsilon_0.1_short_4,dis,murcko,"7,242.0","9,973.0",4/98,0.0408163,0.0563606,0.0012442,0.091942,0.7261606,0.0009024,9.0
DrugEx_epsilon_0.1_short_mean,dis,murcko,"6,521.0","9,987.0",-,0.0230374,0.0356762,0.0005685,0.0428517,0.6529739,0.0009813,9.8
