name,type_cluster,scaffold,SSo,TUPOR_,TUPOR,SESY,ASER
Molpher_125k_0,dis,murcko,125110,9/106,0.08490566037735849,0.34585564703061306,0.005706977859483655
