name,type_cluster,scaffold,SSo,TUPOR_,TUPOR,SESY,ASER
Molpher_125k_3,dis,murcko,125095,5/62,0.08064516129032258,0.3591510452056437,0.0013047097621105882
