name,type_cluster,scaffold,SSo,TUPOR_,TUPOR,SESY,ASER
Molpher_125k_4,dis,murcko,125207,11/71,0.15492957746478872,0.35361441452953907,0.0029630931177969284
