name,type_cluster,scaffold,USo,SSo,TUPOR_,TUPOR,SESY,ASER,CwASo
Molpher_125k_3,dis,murcko,44928,125095,5/62,0.08064516129032258,0.3591510452056437,0.0013047097621105882,163
