name,type_cluster,scaffold,USo,SSo,TUPOR_,TUPOR,SESY,ASER,CwASo
Molpher_125k_0,dis,murcko,43270,125110,9/106,0.08490566037735849,0.34585564703061306,0.005739734396604392,714
