name,type_cluster,scaffold,USo,SSo,TUPOR_,TUPOR,SESY,ASER,CwASo
Molpher_125k_2,dis,murcko,44428,125109,17/102,0.16666666666666666,0.3551143402952625,0.0013606640040339686,170
