name,type_cluster,scaffold,USo,SSo,TUPOR_,TUPOR,SESY,ASER,CwASo
Molpher_125k_4,dis,murcko,44275,125207,11/71,0.15492957746478872,0.35361441452953907,0.002971899131660739,371
