name,type_cluster,scaffold,SSo,TUPOR_,TUPOR,SESY,ASER
Molpher_125k_2,dis,murcko,125109,17/102,0.16666666666666666,0.3551143402952625,0.001358815113221271
