name,type_cluster,scaffold,USo,SSo,TUPOR_,TUPOR,SESY,ASER,CwASo
Molpher_125k_1,dis,murcko,43745,125249,6/96,0.0625,0.34926426558295876,0.0008150415111828489,102
