name,type_cluster,scaffold,SSo,TUPOR_,TUPOR,SESY,ASER
Molpher_125k_1,dis,murcko,125249,6/96,0.0625,0.34926426558295876,0.0008143777595030698
