name,type_cluster,scaffold,USo,SSo,TUPOR_,TUPOR,SESY,ASER,CwASo
Molpher_250k_1,dis,murcko,85085,250229,7/96,0.07291666666666667,0.3400285338629815,0.0013445754783047144,336
