name,type_cluster,scaffold,SSo,TUPOR_,TUPOR,SESY,ASER
Molpher_250k_0,dis,murcko,250063,13/106,0.12264150943396226,0.335859363440413,0.006788068138354196
