name,type_cluster,scaffold,USo,SSo,TUPOR_,TUPOR,SESY,ASER,CwASo
Molpher_250k_2,dis,murcko,84402,249948,22/102,0.21568627450980393,0.33767823707331124,0.0010613457864572277,265
