name,type_cluster,scaffold,USo,SSo,TUPOR_,TUPOR,SESY,ASER,CwASo
Molpher_250k_0,dis,murcko,83986,250063,13/106,0.12264150943396226,0.335859363440413,0.006788068138354196,1686
