name,type_cluster,scaffold,SSo,TUPOR_,TUPOR,SESY,ASER
Molpher_250k_4,dis,murcko,250035,13/71,0.18309859154929578,0.341688163657088,0.0034674982241111527
