name,type_cluster,scaffold,SSo,TUPOR_,TUPOR,SESY,ASER
Molpher_250k_1,dis,murcko,250229,7/96,0.07291666666666667,0.3400285338629815,0.0013445754783047144
