name,type_cluster,scaffold,USo,SSo,TUPOR_,TUPOR,SESY,ASER,CwASo
Molpher_250k_4,dis,murcko,85434,250035,13/71,0.18309859154929578,0.341688163657088,0.0034674982241111527,864
