name,type_cluster,scaffold,uniq_scaffolds,set_size,TUPOR_,TUPOR,TUPOR_new,SESY,ASER,tRS,TUPOR_new_
Molpher_0,dis,csk,185849.0,1568694.0,27/42,0.6428571428571429,4.098040426349199e-07,0.1184737112528001,0.0086332962324073,13543.0,-6.387423761685487
Molpher_1,dis,csk,209828.0,1598233.0,28/41,0.6829268292682927,4.273011690212208e-07,0.1312874906224561,0.0027261356760872,4357.0,-6.369265919027477
Molpher_2,dis,csk,189325.0,1507231.0,38/45,0.8444444444444444,5.602621260075227e-07,0.1256111372443905,0.0036849029777121,5554.0,-6.251608735058561
Molpher_3,dis,csk,214742.0,1611504.0,37/47,0.7872340425531915,4.885088976218437e-07,0.133255641934491,0.0076562019082794,12338.0,-6.311127521703902
Molpher_4,dis,csk,210316.0,1720966.0,29/41,0.7073170731707317,4.110000274094501e-07,0.1222081087017407,0.0054289277068809,9343.0,-6.3861581491609805
Molpher_mean,dis,csk,202012.0,1601325.6,-,0.7329559064587606,4.593752525389914e-07,0.12616721795117566,0.0056258929002733805,9027.0,-6.337832404820687
