name,type_cluster,scaffold,USo,SSo,TUPOR_,TUPOR,SESY,ASER,ACR,CwASo
Molpher_0,dis,csk,"185,849.0","1,568,694.0",27/42,0.6428571,0.1184737,0.0087085,0.0001453,"13,543.0"
Molpher_1,dis,csk,"209,828.0","1,598,233.0",28/41,0.6829268,0.1312875,0.0027336,0.0001335,"4,357.0"
Molpher_2,dis,csk,"189,325.0","1,507,231.0",38/45,0.8444444,0.1256111,0.0036985,0.0002008,"5,554.0"
Molpher_3,dis,csk,"214,742.0","1,611,504.0",37/47,0.787234,0.1332556,0.0077153,0.0001723,"12,338.0"
Molpher_4,dis,csk,"210,316.0","1,720,966.0",29/41,0.7073171,0.1222081,0.0054586,0.0001379,"9,343.0"
Molpher_mean,dis,csk,"202,012.0","1,601,325.6",-,0.7329559,0.1261672,0.0056629,0.000158,"9,027.0"
