name,type_cluster,scaffold,uniq_scaffolds,set_size,TUPOR_,TUPOR,TUPOR_new,SESY,ASER,tRS
Molpher_0,dis,csk,"185,849.0","1,568,694.0",27/42,0.6428571428571429,4.098040426349199e-07,0.1184737112528001,0.0086332962324073,"13,543.0"
Molpher_1,dis,csk,"209,828.0","1,598,233.0",28/41,0.6829268292682927,4.273011690212208e-07,0.1312874906224561,0.0027261356760872,"4,357.0"
Molpher_2,dis,csk,"189,325.0","1,507,231.0",38/45,0.8444444444444444,5.602621260075227e-07,0.1256111372443905,0.0036849029777121,"5,554.0"
Molpher_3,dis,csk,"214,742.0","1,611,504.0",37/47,0.7872340425531915,4.885088976218437e-07,0.133255641934491,0.0076562019082794,"12,338.0"
Molpher_4,dis,csk,"210,316.0","1,720,966.0",29/41,0.7073170731707317,4.110000274094501e-07,0.1222081087017407,0.0054289277068809,"9,343.0"
Molpher_mean,dis,csk,"202,012.0","1,601,325.6",-,0.7329559064587606,4.593752525389914e-07,0.12616721795117566,0.0056258929002733805,"9,027.0"
