name,type_cluster,scaffold,SSo,TUPOR_,TUPOR,SESY,ASER
Molpher_3,dis,csk,1611504,37/47,0.7872340425531915,0.13325564193449102,0.00765620190827947
