name,type_cluster,scaffold,uniq_scaffolds,set_size,TUPOR_,TUPOR,TUPOR_new,SESY,ASER,tRS
Molpher_4,dis,csk,210316,1720966,29/41,0.7073170731707317,4.1100002740945007e-07,0.12220810870174077,0.005428927706880903,9343
