name,type_cluster,scaffold,USo,SSo,TUPOR_,TUPOR,SESY,ASER,ACR,CwASo
Molpher_0,dis,csk,185849,1568694,27/42,0.6428571428571429,0.1184737112528001,0.00870847911231771,0.00014530034118672707,13543
