name,type_cluster,scaffold,SSo,TUPOR_,TUPOR,SESY,ASER
Molpher_1,dis,csk,1598233,28/41,0.6829268292682927,0.13128749062245618,0.0027335878073325654
