name,type_cluster,scaffold,USo,SSo,TUPOR_,TUPOR,SESY,ASER,ACR,CwASo
Molpher_2,dis,csk,189325,1507231,38/45,0.8444444444444444,0.12561113724439055,0.0036985317082168802,0.0002007533533734488,5554
