name,type_cluster,scaffold,SSo,TUPOR_,TUPOR,SESY,ASER
Molpher_4,dis,csk,1720966,29/41,0.7073170731707317,0.12220810870174077,0.005428927706880903
