name,type_cluster,scaffold,USo,SSo,TUPOR_,TUPOR,SESY,ASER,ACR,CwASo
Molpher_4,dis,csk,210316,1720966,29/41,0.7073170731707317,0.12220810870174077,0.005458561844518332,0.00013790676551569996,9343
