name,type_cluster,scaffold,SSo,TUPOR_,TUPOR,SESY,ASER
Molpher_0,dis,csk,1568694,27/42,0.6428571428571429,0.1184737112528001,0.00870847911231771
