name,type_cluster,scaffold,SSo,TUPOR_,TUPOR,SESY,ASER
Molpher_2,dis,csk,1507231,38/45,0.8444444444444444,0.12561113724439055,0.0036985317082168802
