name,type_cluster,scaffold,USo,SSo,TUPOR_,TUPOR,SESY,ASER,ACR,CwASo
Molpher_3,dis,csk,214742,1611504,37/47,0.7872340425531915,0.13325564193449102,0.007715271585313845,0.00017232947532661093,12338
