name,type_cluster,scaffold,USo,SSo,TUPOR_,TUPOR,SESY,ASER,CwASo
addcarbon_125k_1,dis,murcko,5217,125000,1/96,0.010416666666666666,0.041736,0.0007365420949819066,92
