name,type_cluster,scaffold,USo,SSo,TUPOR_,TUPOR,SESY,ASER,CwASo
addcarbon_125k_4,dis,murcko,5390,125000,2/71,0.028169014084507043,0.04312,0.00017603098145273569,22
