name,type_cluster,scaffold,SSo,TUPOR_,TUPOR,SESY,ASER
addcarbon_125k_1,dis,murcko,125000,1/96,0.010416666666666666,0.041736,0.0007365420949819066
