name,type_cluster,scaffold,SSo,TUPOR_,TUPOR,SESY,ASER
addcarbon_125k_4,dis,murcko,125000,2/71,0.028169014084507043,0.04312,0.00017603098145273569
