name,type_cluster,scaffold,USo,SSo,TUPOR_,TUPOR,SESY,ASER,CwASo
addcarbon_125k_2,dis,murcko,4362,125000,11/102,0.10784313725490197,0.034896,0.0007285303701094396,91
