name,type_cluster,scaffold,uniq_scaffolds,set_size,TUPOR_,TUPOR,TUPOR_new,SESY,ASER,tRS
Molpher_4,dis,csk,81634,532962,34/43,0.7906976744186046,1.4835910898311787e-06,0.1531703948874404,0.011708151800691232,6240
