name,type_cluster,scaffold,USo,SSo,TUPOR_,TUPOR,SESY,ASER,ASR,CwASo
REINVENT_100k_0,sim,murcko,"78,170.0","99,397.0",6/115,0.0521739,0.7864422,0.0002818,7.68e-05,28.0
REINVENT_100k_1,sim,murcko,"80,538.0","99,462.0",8/100,0.08,0.8097364,0.0004225,9.93e-05,42.0
REINVENT_100k_2,sim,murcko,"78,507.0","99,460.0",3/58,0.0517241,0.7893324,4.02e-05,3.82e-05,4.0
REINVENT_100k_3,sim,murcko,"81,009.0","99,443.0",7/51,0.1372549,0.8146275,0.0001609,8.64e-05,16.0
REINVENT_100k_4,sim,murcko,"79,270.0","99,385.0",0/40,0.0,0.7976053,0.0,0.0,0.0
REINVENT_100k_mean,sim,murcko,"79,498.8","99,429.4",-,0.0642306,0.7995488,0.0001811,6.01e-05,18.0
