name,type_cluster,scaffold,USo,SSo,TUPOR_,TUPOR,SESY,ASER,ASR,CwASo
REINVENT_100k_0,sim,murcko,78170,99397,6/115,0.05217391304347826,0.7864422467478898,0.0002817780193017943,7.676168056905992e-05,28
