name,type_cluster,scaffold,USo,SSo,TUPOR_,TUPOR,SESY,ASER,ASR,CwASo
REINVENT_100k_3,sim,murcko,81009,99443,7/51,0.13725490196078433,0.8146274750359502,0.00016092208353867663,8.641761931804154e-05,16
