name,type_cluster,scaffold,USo,SSo,TUPOR_,TUPOR,SESY,ASER,ASR,CwASo
REINVENT_100k_1,sim,murcko,80538,99462,8/100,0.08,0.8097363817337274,0.0004224502112251056,9.93418601763318e-05,42
