name,type_cluster,scaffold,USo,SSo,TUPOR_,TUPOR,SESY,ASER,ASR,CwASo
REINVENT_100k_2,sim,murcko,78507,99460,3/58,0.05172413793103448,0.7893323949326362,4.021879021879022e-05,3.8214613268113725e-05,4
