name,type_cluster,scaffold,USo,SSo,TUPOR_,TUPOR,SESY,ASER,CwASo
DrugEx_RNN_epsilon_0.1_125k_0,sim,murcko,70581.0,124983.0,6/115,0.0521739,0.5647248,0.0087653,1086.0
DrugEx_RNN_epsilon_0.1_125k_1,sim,murcko,67609.0,124994.0,10/100,0.1,0.540898,0.0028885,360.0
DrugEx_RNN_epsilon_0.1_125k_2,sim,murcko,65172.0,124761.0,1/58,0.0172414,0.5223748,0.0001764,22.0
DrugEx_RNN_epsilon_0.1_125k_3,sim,murcko,78655.0,124937.0,3/51,0.0588235,0.6295573,6.4e-05,8.0
DrugEx_RNN_epsilon_0.1_125k_4,sim,murcko,70013.0,124957.0,0/40,0.0,0.5602967,0.0,0.0
DrugEx_RNN_epsilon_0.1_125k_mean,sim,murcko,70406.0,124926.4,-,0.0456478,0.5635703,0.0023788,295.2
