name,type_cluster,scaffold,USo,SSo,TUPOR_,TUPOR,SESY,ASER,CwASo
DrugEx_RNN_epsilon_0.1_125k_0,sim,murcko,70581,124983,6/115,0.05217391304347826,0.5647248025731499,0.008765345407879125,1086
