name,type_cluster,scaffold,USo,SSo,TUPOR_,TUPOR,SESY,ASER,CwASo
DrugEx_RNN_epsilon_0.1_125k_3,sim,murcko,78655,124937,3/51,0.058823529411764705,0.6295572968776263,6.40363726596707e-05,8
