name,type_cluster,scaffold,SSo,TUPOR_,TUPOR,SESY,ASER
DrugEx_RNN_epsilon_0.1_125k_2,sim,murcko,124761,1/58,0.017241379310344827,0.5223747805804698,0.00017633715664350238
