name,type_cluster,scaffold,USo,SSo,TUPOR_,TUPOR,SESY,ASER,CwASo
DrugEx_RNN_epsilon_0.1_125k_2,sim,murcko,65172,124761,1/58,0.017241379310344827,0.5223747805804698,0.0001763682569204499,22
