name,type_cluster,scaffold,SSo,TUPOR_,TUPOR,SESY,ASER
DrugEx_RNN_epsilon_0.1_125k_3,sim,murcko,124937,3/51,0.058823529411764705,0.6295572968776263,6.403227226522167e-05
