name,type_cluster,scaffold,SSo,TUPOR_,TUPOR,SESY,ASER
DrugEx_RNN_epsilon_0.1_125k_0,sim,murcko,124983,6/115,0.05217391304347826,0.5647248025731499,0.008689181728715105
