name,type_cluster,scaffold,USo,SSo,TUPOR_,TUPOR,SESY,ASER,CwASo
DrugEx_GT_epsilon_0.1_250k_0,dis,csk,"65,126.0","249,755.0",23/42,0.547619,0.2607595,0.0120512,"2,974.0"
DrugEx_GT_epsilon_0.1_250k_1,dis,csk,"78,818.0","249,139.0",24/41,0.5853659,0.3163615,0.0044672,"1,108.0"
DrugEx_GT_epsilon_0.1_250k_2,dis,csk,"55,576.0","249,816.0",32/45,0.7111111,0.2224677,0.0084164,"2,085.0"
DrugEx_GT_epsilon_0.1_250k_3,dis,csk,"51,333.0","249,794.0",29/47,0.6170213,0.2055013,0.0597559,"14,085.0"
DrugEx_GT_epsilon_0.1_250k_4,dis,csk,"72,588.0","249,777.0",24/41,0.5853659,0.2906112,0.0171978,"4,223.0"
DrugEx_GT_epsilon_0.1_250k_mean,dis,csk,"64,688.2","249,656.2",-,0.6092966,0.2591403,0.0203777,"4,895.0"
