name,type_cluster,scaffold,SSo,TUPOR_,TUPOR,SESY,ASER
DrugEx_GT_epsilon_0.1_250k_2,dis,csk,249816,32/45,0.7111111111111111,0.22246773625388286,0.008346142761072149
