name,type_cluster,scaffold,USo,SSo,TUPOR_,TUPOR,SESY,ASER,CwASo
DrugEx_GT_epsilon_0.1_250k_0,dis,csk,65126,249755,23/42,0.5476190476190477,0.2607595443534664,0.012051170876201977,2974
