name,type_cluster,scaffold,USo,SSo,TUPOR_,TUPOR,SESY,ASER,CwASo
DrugEx_GT_epsilon_0.1_250k_2,dis,csk,55576,249816,32/45,0.7111111111111111,0.22246773625388286,0.008416387129588141,2085
