name,type_cluster,scaffold,USo,SSo,TUPOR_,TUPOR,SESY,ASER,CwASo
DrugEx_GT_epsilon_0.1_250k_1,dis,csk,78818,249139,24/41,0.5853658536585366,0.3163615491753599,0.004467183537541678,1108
