name,type_cluster,scaffold,SSo,TUPOR_,TUPOR,SESY,ASER
DrugEx_GT_epsilon_0.1_250k_4,dis,csk,249777,24/41,0.5853658536585366,0.2906112252128899,0.017197846502195035
