name,type_cluster,scaffold,SSo,TUPOR_,TUPOR,SESY,ASER
DrugEx_GT_epsilon_0.1_250k_1,dis,csk,249139,24/41,0.5853658536585366,0.3163615491753599,0.0044473165582265325
