name,type_cluster,scaffold,USo,SSo,TUPOR_,TUPOR,SESY,ASER,CwASo
DrugEx_GT_epsilon_0.1_250k_4,dis,csk,72588,249777,24/41,0.5853658536585366,0.2906112252128899,0.017197846502195035,4223
