name,type_cluster,scaffold,USo,SSo,TUPOR_,TUPOR,SESY,ASER,CwASo
DrugEx_RNN_epsilon_0.1_125k_0,sim,csk,23176.0,124942.0,18/38,0.4736842,0.1854941,0.0232173,2835.0
DrugEx_RNN_epsilon_0.1_125k_1,sim,csk,24743.0,124933.0,12/38,0.3157895,0.1980502,0.0242173,2954.0
DrugEx_RNN_epsilon_0.1_125k_2,sim,csk,15754.0,124730.0,5/37,0.1351351,0.1263048,0.0323622,3910.0
DrugEx_RNN_epsilon_0.1_125k_3,sim,csk,25464.0,124923.0,10/35,0.2857143,0.2038376,0.0217647,2661.0
DrugEx_RNN_epsilon_0.1_125k_4,sim,csk,22652.0,124921.0,10/35,0.2857143,0.1813306,0.0022384,279.0
DrugEx_RNN_epsilon_0.1_125k_mean,sim,csk,22357.8,124889.8,-,0.2992075,0.1790034,0.02076,2527.8
