name,type_cluster,scaffold,USo,SSo,TUPOR_,TUPOR,SESY,ASER,CwASo
DrugEx_RNN_epsilon_0.1_125k_0,sim,csk,23176,124942,18/38,0.47368421052631576,0.18549406924813114,0.023217342167115726,2835
