name,type_cluster,scaffold,USo,SSo,TUPOR_,TUPOR,SESY,ASER,CwASo
DrugEx_RNN_epsilon_0.1_125k_1,sim,csk,24743,124933,12/38,0.3157894736842105,0.1980501548830173,0.02421728330286361,2954
