name,type_cluster,scaffold,USo,SSo,TUPOR_,TUPOR,SESY,ASER,CwASo
DrugEx_RNN_epsilon_0.1_125k_4,sim,csk,22652,124921,10/35,0.2857142857142857,0.18133060093979395,0.0022384108085557034,279
