name,type_cluster,scaffold,SSo,TUPOR_,TUPOR,SESY,ASER
DrugEx_RNN_epsilon_0.1_125k_3,sim,csk,124923,10/35,0.2857142857142857,0.20383756393938665,0.021301121490838355
