name,type_cluster,scaffold,SSo,TUPOR_,TUPOR,SESY,ASER
DrugEx_RNN_epsilon_0.1_125k_2,sim,csk,124730,5/37,0.13513513513513514,0.12630481840776075,0.0313477110558807
