name,type_cluster,scaffold,USo,SSo,TUPOR_,TUPOR,SESY,ASER,CwASo
DrugEx_RNN_epsilon_0.1_125k_3,sim,csk,25464,124923,10/35,0.2857142857142857,0.20383756393938665,0.021764734749963193,2661
