name,type_cluster,scaffold,SSo,TUPOR_,TUPOR,SESY,ASER
DrugEx_RNN_epsilon_0.1_125k_4,sim,csk,124921,10/35,0.2857142857142857,0.18133060093979395,0.0022334115160781614
