name,type_cluster,scaffold,USo,SSo,TUPOR_,TUPOR,SESY,ASER,CwASo
DrugEx_RNN_epsilon_0.1_125k_2,sim,csk,15754,124730,5/37,0.13513513513513514,0.12630481840776075,0.03236219169011753,3910
