name,type_cluster,scaffold,SSo,TUPOR_,TUPOR,SESY,ASER
DrugEx_RNN_epsilon_0.1_125k_1,sim,csk,124933,12/38,0.3157894736842105,0.1980501548830173,0.02364467354502013
