name,type_cluster,scaffold,SSo,TUPOR_,TUPOR,SESY,ASER
GB_GA_log_p_mut_r_0.5_62.5k_4,dis,csk,62498,21/43,0.4883720930232558,0.27269672629524144,0.005520176645652661
