name,type_cluster,scaffold,SSo,TUPOR_,TUPOR,SESY,ASER
GB_GA_log_p_mut_r_0.5_500k_2,dis,murcko,404429,1/102,0.00980392156862745,0.2549149541699532,9.890487576311292e-06
