name,type_cluster,scaffold,SSo,TUPOR_,TUPOR,SESY,ASER
addcarbon_250k_0,sim,csk,"250,000.0",3/38,0.0789474,0.003464,0.003192
addcarbon_250k_1,sim,csk,"250,000.0",10/38,0.2631579,0.003384,0.029252
addcarbon_250k_2,sim,csk,"250,000.0",13/37,0.3513514,0.003444,0.010232
addcarbon_250k_3,sim,csk,"250,000.0",7/35,0.2,0.003512,0.02256
addcarbon_250k_4,sim,csk,"250,000.0",4/35,0.1142857,0.003468,0.006528
addcarbon_250k_mean,sim,csk,"250,000.0",-,0.2015485,0.0034544,0.0143528
