name,type_cluster,scaffold,USo,SSo,TUPOR_,TUPOR,SESY,ASER,CwASo
addcarbon_250k_1,sim,csk,846,250000,10/38,0.2631578947368421,0.003384,0.03013346409160771,7313
