name,type_cluster,scaffold,USo,SSo,TUPOR_,TUPOR,SESY,ASER,CwASo
addcarbon_250k_2,sim,csk,861,250000,13/37,0.35135135135135137,0.003444,0.010337776125314216,2558
