name,type_cluster,scaffold,USo,SSo,TUPOR_,TUPOR,SESY,ASER,CwASo
addcarbon_250k_0,sim,csk,866,250000,3/38,0.07894736842105263,0.003464,0.0032022214909992698,798
