name,type_cluster,scaffold,USo,SSo,TUPOR_,TUPOR,SESY,ASER,CwASo
addcarbon_250k_4,sim,csk,867,250000,4/35,0.11428571428571428,0.003468,0.006570894801262643,1632
