name,type_cluster,scaffold,USo,SSo,TUPOR_,TUPOR,SESY,ASER,ACR,CwASo
REINVENT_0,sim,csk,"84,879.0","764,128.0",35/46,0.7608696,0.1110796,0.0162209,0.0004125,"12,197.0"
REINVENT_1,sim,csk,"66,341.0","705,845.0",31/44,0.7045455,0.0939881,0.0187029,0.0004675,"12,959.0"
REINVENT_2,sim,csk,"85,440.0","755,452.0",26/42,0.6190476,0.1130979,0.0054528,0.0003044,"4,097.0"
REINVENT_3,sim,csk,"81,990.0","709,315.0",25/42,0.5952381,0.1155904,0.0086558,0.000305,"6,087.0"
REINVENT_4,sim,csk,"78,214.0","685,034.0",23/42,0.547619,0.1141754,0.0041984,0.0002942,"2,864.0"
REINVENT_mean,sim,csk,"79,372.8","723,954.8",-,0.645464,0.1095862,0.0106462,0.0003567,"7,640.8"
