name,type_cluster,scaffold,SSo,TUPOR_,TUPOR,SESY,ASER
REINVENT_4,sim,csk,685037,23/42,0.5476190476190477,0.1141792341143617,0.004198348512767289
