name,type_cluster,scaffold,SSo,TUPOR_,TUPOR,SESY,ASER
REINVENT_2,sim,csk,755458,26/42,0.6190476190476191,0.11310092685496745,0.005452771703615173
