name,type_cluster,scaffold,USo,SSo,TUPOR_,TUPOR,SESY,ASER,ACR,CwASo
REINVENT_1,sim,csk,66341,705845,31/44,0.7045454545454546,0.09398805686800926,0.01870293237271355,0.0004675011310511235,12959
