name,type_cluster,scaffold,USo,SSo,TUPOR_,TUPOR,SESY,ASER,ACR,CwASo
REINVENT_2,sim,csk,85440,755452,26/42,0.6190476190476191,0.11309785399998941,0.0054528152471202025,0.00030439974711405623,4097
