name,type_cluster,scaffold,SSo,TUPOR_,TUPOR,SESY,ASER
REINVENT_3,sim,csk,709325,25/42,0.5952380952380952,0.1155958129207345,0.008581397807774997
