name,type_cluster,scaffold,USo,SSo,TUPOR_,TUPOR,SESY,ASER,ACR,CwASo
REINVENT_4,sim,csk,78214,685034,23/42,0.5476190476190477,0.11417535479990774,0.004198366975973731,0.00029415150081211393,2864
