name,type_cluster,scaffold,SSo,TUPOR_,TUPOR,SESY,ASER
REINVENT_1,sim,csk,705850,31/44,0.7045454545454546,0.09399164128355883,0.01835942480697032
