name,type_cluster,scaffold,USo,SSo,TUPOR_,TUPOR,SESY,ASER,ACR,CwASo
REINVENT_3,sim,csk,81990,709315,25/42,0.5952380952380952,0.11559039354870544,0.008655798688334366,0.000305008235222351,6087
