name,type_cluster,scaffold,SSo,TUPOR_,TUPOR,SESY,ASER
REINVENT_0,sim,csk,764135,35/46,0.7608695652173914,0.11108115712537706,0.01596183920380561
