name,type_cluster,scaffold,USo,SSo,TUPOR_,TUPOR,SESY,ASER,ACR,CwASo
DrugEx_GT_epsilon_0.6_100k_0,dis,murcko,74159.0,99422.0,45/106,0.4245283,0.7459013,0.0115787,0.0006072,1138.0
DrugEx_GT_epsilon_0.6_100k_1,dis,murcko,66671.0,99692.0,7/96,0.0729167,0.6687698,0.0007127,0.000105,71.0
DrugEx_GT_epsilon_0.6_100k_2,dis,murcko,70963.0,99547.0,49/102,0.4803922,0.7128593,0.0024773,0.000691,246.0
DrugEx_GT_epsilon_0.6_100k_3,dis,murcko,70899.0,99767.0,11/62,0.1774194,0.7106458,0.0123285,0.0001552,1215.0
DrugEx_GT_epsilon_0.6_100k_4,dis,murcko,68833.0,99344.0,29/71,0.4084507,0.6928753,0.0029986,0.0004215,297.0
DrugEx_GT_epsilon_0.6_100k_mean,dis,murcko,70305.0,99554.4,-,0.3127414,0.7062103,0.0060192,0.000396,593.4
