name,type_cluster,scaffold,USo,SSo,TUPOR_,TUPOR,TUPOR_unique,TUPOR_1,TUPOR_2,SESY,ASER,CwASo
DrugEx_RNN_epsilon_0.6_desired_0,sim,murcko,"67,907.0","128,657.0",51/115,0.4434783,0.0653067,0.0016752,0.9892177,0.5278143,0.0183511,"2,361.0"
DrugEx_RNN_epsilon_0.6_desired_1,sim,murcko,"128,863.0","258,019.0",55/100,0.55,0.042681,0.0005031,0.648263,0.4994322,0.0101582,"2,621.0"
DrugEx_RNN_epsilon_0.6_desired_2,sim,murcko,"113,358.0","235,307.0",33/58,0.5689655,0.0501919,0.0003264,0.6379829,0.4817451,0.0027241,641.0
DrugEx_RNN_epsilon_0.6_desired_3,sim,murcko,"73,554.0","154,748.0",28/51,0.5490196,0.0746417,0.0002235,0.3223588,0.4753147,0.0058482,905.0
DrugEx_RNN_epsilon_0.6_desired_4,sim,murcko,"76,495.0","160,652.0",13/40,0.325,0.0424864,8.5e-05,0.1624874,0.4761534,0.0007905,127.0
DrugEx_RNN_epsilon_0.6_desired_mean,sim,murcko,"92,035.4","187,476.6",-,0.4872927,0.0550616,0.0005626,0.552062,0.4920919,0.0075744,"1,331.0"
