name,type_cluster,scaffold,SSo,TUPOR_,TUPOR,SESY,ASER
GB_GA_log_p_mut_r_0.5_2,dis,murcko,808549,1/102,0.00980392156862745,0.22973746798276914,9.894267385155384e-06
