name,type_cluster,scaffold,USo,SSo,TUPOR_,TUPOR,SESY,ASER,ASR,CwASo
GB_GA_mut_r_0.01_500k_0,sim,murcko,234770.0,500000.0,13/115,0.1130435,0.46954,0.002243,5.54e-05,1119.0
GB_GA_mut_r_0.01_500k_1,sim,murcko,232115.0,499983.0,15/100,0.15,0.4642458,0.0025888,6.46e-05,1291.0
GB_GA_mut_r_0.01_500k_2,sim,murcko,242699.0,499994.0,5/58,0.0862069,0.4854038,0.0015284,2.06e-05,763.0
GB_GA_mut_r_0.01_500k_3,sim,murcko,222956.0,499995.0,9/51,0.1764706,0.4459165,0.0028702,4.04e-05,1431.0
GB_GA_mut_r_0.01_500k_4,sim,murcko,221919.0,499966.0,6/40,0.15,0.4438682,0.0006665,2.7e-05,333.0
GB_GA_mut_r_0.01_500k_mean,sim,murcko,230891.8,499987.6,-,0.1351442,0.4617949,0.0019794,4.16e-05,987.4
