name,type_cluster,scaffold,USo,SSo,TUPOR_,TUPOR,SESY,ASER,ASR,CwASo
GB_GA_mut_r_0.01_500k_3,sim,murcko,222956,499995,9/51,0.17647058823529413,0.44591645916459166,0.0028702433388692323,4.036833866344916e-05,1431
