name,type_cluster,scaffold,USo,SSo,TUPOR_,TUPOR,SESY,ASER,ASR,CwASo
GB_GA_mut_r_0.01_500k_0,sim,murcko,234770,500000,13/115,0.11304347826086956,0.46954,0.0022430198784880563,5.537641050107132e-05,1119
