name,type_cluster,scaffold,USo,SSo,TUPOR_,TUPOR,SESY,ASER,ASR,CwASo
GB_GA_mut_r_0.01_500k_4,sim,murcko,221919,499966,6/40,0.15,0.4438681830364465,0.0006664892030750571,2.7037622852198835e-05,333
