name,type_cluster,scaffold,USo,SSo,TUPOR_,TUPOR,SESY,ASER,ACR,CwASo
GB_GA_mut_r_0.01_500k_2,sim,murcko,242699,499994,5/58,0.08620689655172414,0.48540382484589817,0.0015283506032277643,2.0602075040998128e-05,763
