name,type_cluster,scaffold,USo,SSo,TUPOR_,TUPOR,SESY,ASER,ACR,CwASo
GB_GA_mut_r_0.01_500k_1,sim,murcko,232115,499983,15/100,0.15,0.46424578435666813,0.0025887722281488375,6.462731581214994e-05,1291
