name,type_cluster,scaffold,SSo,TUPOR_,TUPOR,SESY,ASER
GB_GA_mut_r_0.01_500k_3,sim,murcko,484384,26/51,0.5098039215686274,0.2676161888088789,0.0034518068309440444
