name,type_cluster,scaffold,SSo,TUPOR_,TUPOR,SESY,ASER
GB_GA_mut_r_0.01_500k_2,sim,murcko,485224,19/58,0.3275862068965517,0.2761095906220632,0.0018053517550657015
