name,type_cluster,scaffold,USo,SSo,TUPOR_,TUPOR,SESY,ASER,CwASo
GB_GA_mut_r_0.5_62.5k_0,dis,murcko,14050.0,53484.0,11/106,0.1037736,0.2626954,0.0245781,1283.0
GB_GA_mut_r_0.5_62.5k_1,dis,murcko,13025.0,52696.0,1/96,0.0104167,0.2471725,1.9e-05,1.0
GB_GA_mut_r_0.5_62.5k_2,dis,murcko,13805.0,53852.0,2/102,0.0196078,0.2563507,0.0002415,13.0
GB_GA_mut_r_0.5_62.5k_3,dis,murcko,14257.0,55332.0,7/62,0.1129032,0.2576628,0.1924743,8931.0
GB_GA_mut_r_0.5_62.5k_4,dis,murcko,13066.0,53231.0,7/71,0.0985915,0.2454585,0.0035443,188.0
GB_GA_mut_r_0.5_62.5k_mean,dis,murcko,13640.6,53719.0,-,0.0690586,0.253868,0.0441714,2083.2
