name,type_cluster,scaffold,USo,SSo,TUPOR_,TUPOR,SESY,ASER,CwASo
GB_GA_mut_r_0.5_62.5k_4,dis,murcko,13066,53231,7/71,0.09859154929577464,0.24545847344592436,0.003544294251833418,188
