name,type_cluster,scaffold,USo,SSo,TUPOR_,TUPOR,SESY,ASER,CwASo
GB_GA_mut_r_0.5_62.5k_3,dis,murcko,14257,55332,7/62,0.11290322580645161,0.25766283524904215,0.19247430012284217,8931
