name,type_cluster,scaffold,SSo,TUPOR_,TUPOR,SESY,ASER
GB_GA_mut_r_0.5_62.5k_3,dis,murcko,62491,2/62,0.03225806451612903,0.5601446608311597,0.0030404378230465185
