name,type_cluster,scaffold,USo,SSo,TUPOR_,TUPOR,SESY,ASER,CwASo
GB_GA_mut_r_0.5_62.5k_0,dis,murcko,14050,53484,11/106,0.10377358490566038,0.2626953855358612,0.02457807321698818,1283
