name,type_cluster,scaffold,SSo,TUPOR_,TUPOR,SESY,ASER
GB_GA_mut_r_0.5_62.5k_4,dis,murcko,56520,14/71,0.19718309859154928,0.35997876857749467,0.0024416135881104033
