name,type_cluster,scaffold,SSo,TUPOR_,TUPOR,SESY,ASER
GB_GA_mut_r_0.5_62.5k_0,dis,murcko,47264,8/106,0.07547169811320754,0.3068720379146919,0.007934157075152336
