name,type_cluster,scaffold,SSo,TUPOR_,TUPOR,SESY,ASER
GB_GA_mut_r_0.5_62.5k_3,dis,murcko,58251,12/62,0.1935483870967742,0.39506617912138847,0.07462532832054386
