name,type_cluster,scaffold,SSo,TUPOR_,TUPOR,SESY,ASER
GB_GA_mut_r_0.5_62.5k_1,dis,murcko,57042,5/96,0.052083333333333336,0.3770204410785036,0.001209635005785211
