name,type_cluster,scaffold,SSo,TUPOR_,TUPOR,SESY,ASER
GB_GA_mut_r_0.5_62.5k_0,dis,murcko,58035,22/106,0.20754716981132076,0.40868441457741017,0.03446196260877057
