name,type_cluster,scaffold,SSo,TUPOR_,TUPOR,SESY,ASER
GB_GA_mut_r_0.5_62.5k_2,dis,murcko,50408,1/102,0.00980392156862745,0.34718695445167436,3.9676241866370415e-05
