name,type_cluster,scaffold,USo,SSo,TUPOR_,TUPOR,SESY,ASER,CwASo
GB_GA_mut_r_0.5_62.5k_2,dis,murcko,17501,50408,1/102,0.00980392156862745,0.34718695445167436,3.967781613300004e-05,2
