name,type_cluster,scaffold,SSo,TUPOR_,TUPOR,SESY,ASER
GB_GA_mut_r_0.5_62.5k_4,dis,murcko,46139,5/71,0.07042253521126761,0.29248574958278245,0.019195935498122377
