name,type_cluster,scaffold,USo,SSo,TUPOR_,TUPOR,SESY,ASER,CwASo
GB_GA_mut_r_0.5_62.5k_1,dis,murcko,13025,52696,1/96,0.010416666666666666,0.2471724609078488,1.89771325552709e-05,1
