name,type_cluster,scaffold,USo,SSo,TUPOR_,TUPOR,SESY,ASER,CwASo
GB_GA_mut_r_0.5_62.5k_0,dis,murcko,14504,47264,8/106,0.07547169811320754,0.3068720379146919,0.00799761138006782,375
