name,type_cluster,scaffold,USo,SSo,TUPOR_,TUPOR,SESY,ASER,CwASo
GB_GA_mut_r_0.5_62.5k_4,dis,murcko,13495,46139,5/71,0.07042253521126761,0.29248574958278245,0.019195935498122377,869
