name,type_cluster,scaffold,SSo,TUPOR_,TUPOR,SESY,ASER
GB_GA_mut_r_0.5_62.5k_2,dis,murcko,57145,16/102,0.1568627450980392,0.3639688511680812,0.0013124507830956339
