name,type_cluster,scaffold,USo,SSo,TUPOR_,TUPOR,TUPOR_unique,TUPOR_1,TUPOR_2,SESY,ASER,CwASo
DrugEx_GT_epsilon_0.1_0,sim,csk,159254.0,822485.0,26/38,0.6842105,0.0429635,0.0004043,1.6943565,0.1936254,0.0081971,6742.0
DrugEx_GT_epsilon_0.1_1,sim,csk,113778.0,791168.0,26/38,0.6842105,0.0601356,0.0002041,0.6110936,0.1438102,0.0422211,33404.0
DrugEx_GT_epsilon_0.1_2,sim,csk,116779.0,881455.0,16/37,0.4324324,0.03703,6.62e-05,0.209033,0.1324844,0.0023223,2047.0
DrugEx_GT_epsilon_0.1_3,sim,csk,142125.0,843014.0,31/35,0.8857143,0.0623194,6.62e-05,0.268783,0.1685915,0.0155146,13079.0
DrugEx_GT_epsilon_0.1_4,sim,csk,151498.0,810360.0,13/35,0.3714286,0.0245171,1.93e-05,0.0833269,0.1869515,0.0002258,183.0
DrugEx_GT_epsilon_0.1_mean,sim,csk,136686.8,829696.4,-,0.6115993,0.0453931,0.000152,0.5733186,0.1650926,0.0136962,11091.0
