name,type_cluster,scaffold,SSo,TUPOR_,TUPOR,SESY,ASER
DrugEx_GT_epsilon_0.1_1,sim,csk,791168,26/38,0.6842105263157895,0.14381016421291054,0.042221121177802946
