name,type_cluster,scaffold,USo,SSo,TUPOR_,TUPOR,TUPOR_unique,TUPOR_1,TUPOR_2,SESY,ASER,CwASo
DrugEx_GT_epsilon_0.1_4,sim,csk,151498,810360,13/35,0.37142857142857144,0.024517061045596075,1.9250703391085442e-05,0.08332694463836178,0.18695147835529888,0.00022582555901081,183
