name,type_cluster,scaffold,SSo,TUPOR_,TUPOR,SESY,ASER
DrugEx_GT_epsilon_0.1_0,sim,csk,822485,26/38,0.6842105263157895,0.19362541566107588,0.008197109977689562
