name,type_cluster,scaffold,USo,SSo,TUPOR_,TUPOR,SESY,ASER,ASR,CwASo
DrugEx_GT_epsilon_0.1_1,sim,csk,113778,791168,26/38,0.6842105263157895,0.14381016421291054,0.04408232642353028,0.00022856740980378368,33404
