name,type_cluster,scaffold,USo,SSo,TUPOR_,TUPOR,TUPOR_unique,TUPOR_1,TUPOR_2,SESY,ASER,CwASo
DrugEx_GT_epsilon_0.1_3,sim,csk,142125,843014,31/35,0.8857142857142857,0.06231938685764543,6.619107155990292e-05,0.26878302987003433,0.16859150619088176,0.015514570339282621,13079
