name,type_cluster,scaffold,SSo,TUPOR_,TUPOR,SESY,ASER
DrugEx_GT_epsilon_0.1_4,sim,csk,810360,13/35,0.37142857142857144,0.18695147835529888,0.00022582555901081
