name,type_cluster,scaffold,SSo,TUPOR_,TUPOR,SESY,ASER
DrugEx_GT_epsilon_0.1_2,sim,csk,881455,16/37,0.43243243243243246,0.13248435824857763,0.0023222966572315094
