name,type_cluster,scaffold,USo,SSo,TUPOR_,TUPOR,TUPOR_unique,TUPOR_1,TUPOR_2,SESY,ASER,CwASo
DrugEx_GT_epsilon_0.1_2,sim,csk,116779,881455,16/37,0.43243243243243246,0.037029982482503915,6.622956177953314e-05,0.20903302689329997,0.13248435824857763,0.0023222966572315094,2047
