name,type_cluster,scaffold,USo,SSo,TUPOR_,TUPOR,TUPOR_unique,TUPOR_1,TUPOR_2,SESY,ASER,CwASo
DrugEx_GT_epsilon_0.1_1,sim,csk,113778,791168,26/38,0.6842105263157895,0.06013557333718201,0.00020409531756912101,0.6110936063784066,0.14381016421291054,0.042221121177802946,33404
