name,type_cluster,scaffold,SSo,TUPOR_,TUPOR,SESY,ASER
DrugEx_GT_epsilon_0.1_3,sim,csk,843014,31/35,0.8857142857142857,0.16859150619088176,0.015514570339282621
