name,type_cluster,scaffold,USo,SSo,TUPOR_,TUPOR,SESY,ASER,ACR,CwASo
DrugEx_GT_epsilon_0.1_0,sim,csk,159254,822485,26/38,0.6842105263157895,0.19362541566107588,0.008264857927067716,0.00016328786394352753,6742
