name,type_cluster,scaffold,USo,SSo,TUPOR_,TUPOR,SESY,ASER,ACR,CwASo
DrugEx_GT_epsilon_0.1_2,sim,csk,116779,881455,16/37,0.43243243243243246,0.13248435824857763,0.002327702272437822,0.00013702970975394604,2047
