name,type_cluster,scaffold,USo,SSo,TUPOR_,TUPOR,SESY,ASER,ASR,CwASo
DrugEx_GT_epsilon_0.1_4,sim,csk,151498,810360,13/35,0.37142857142857144,0.18695147835529888,0.00022587656771298124,8.581707759844208e-05,183
