name,type_cluster,scaffold,USo,SSo,TUPOR_,TUPOR,TUPOR_unique,TUPOR_1,TUPOR_2,SESY,ASER,CwASo
DrugEx_GT_epsilon_0.1_0,sim,csk,159254,822485,26/38,0.6842105263157895,0.04296347509737837,0.0004042946871851446,1.694356476657448,0.19362541566107588,0.008197109977689562,6742
