name,type_cluster,scaffold,SSo,TUPOR_,TUPOR,SESY,ASER
GB_GA_mut_r_0.01_125k_0,dis,csk,109595.0,13/42,0.3095238,0.0972307,0.0285974
GB_GA_mut_r_0.01_125k_1,dis,csk,108544.0,11/41,0.2682927,0.1005399,0.0023363
GB_GA_mut_r_0.01_125k_2,dis,csk,110938.0,7/45,0.1555556,0.1076187,0.0003697
GB_GA_mut_r_0.01_125k_3,dis,csk,125000.0,15/47,0.3191489,0.236744,0.0085688
GB_GA_mut_r_0.01_125k_4,dis,csk,105898.0,9/41,0.2195122,0.0905683,0.0334234
GB_GA_mut_r_0.01_125k_mean,dis,csk,111995.0,-,0.2544066,0.1265403,0.0146591
