name,type_cluster,scaffold,USo,SSo,TUPOR_,TUPOR,SESY,ASER,CwASo
GB_GA_mut_r_0.01_125k_4,dis,csk,9591,105898,9/41,0.21951219512195122,0.09056828268711402,0.03342343836913138,3425
