name,type_cluster,scaffold,SSo,TUPOR_,TUPOR,SESY,ASER
GB_GA_mut_r_0.01_125k_0,dis,csk,120657,22/42,0.5238095238095238,0.11354500774923958,0.04623851081992756
