name,type_cluster,scaffold,SSo,TUPOR_,TUPOR,SESY,ASER
GB_GA_mut_r_0.01_125k_1,dis,csk,119281,20/41,0.4878048780487805,0.1053562595887023,0.010781264409252101
