name,type_cluster,scaffold,USo,SSo,TUPOR_,TUPOR,SESY,ASER,CwASo
GB_GA_mut_r_0.01_125k_3,dis,csk,29593,125000,15/47,0.3191489361702128,0.236744,0.008568800529296906,1062
