name,type_cluster,scaffold,SSo,TUPOR_,TUPOR,SESY,ASER
GB_GA_mut_r_0.01_125k_4,dis,csk,118815,22/41,0.5365853658536586,0.09048520809662079,0.017026469721836468
