name,type_cluster,scaffold,USo,SSo,TUPOR_,TUPOR,SESY,ASER,CwASo
GB_GA_mut_r_0.01_125k_2,dis,csk,11939,110938,7/45,0.15555555555555556,0.10761866988768501,0.00036971243586390976,41
