name,type_cluster,scaffold,SSo,TUPOR_,TUPOR,SESY,ASER
GB_GA_mut_r_0.01_125k_0,dis,csk,109595,13/42,0.30952380952380953,0.09723071307997627,0.02780236324649847
