name,type_cluster,scaffold,SSo,TUPOR_,TUPOR,SESY,ASER
GB_GA_mut_r_0.01_125k_1,dis,csk,108544,11/41,0.2682926829268293,0.10053987323113207,0.002330852004716981
