name,type_cluster,scaffold,SSo,TUPOR_,TUPOR,SESY,ASER
GB_GA_mut_r_0.01_125k_3,dis,csk,121164,28/47,0.5957446808510638,0.10876993166287016,0.1498464890561553
