name,type_cluster,scaffold,USo,SSo,TUPOR_,TUPOR,SESY,ASER,CwASo
GB_GA_mut_r_0.01_125k_0,dis,csk,10656,109595,13/42,0.30952380952380953,0.09723071307997627,0.02859743965161242,3047
