name,type_cluster,scaffold,SSo,TUPOR_,TUPOR,SESY,ASER
GB_GA_mut_r_0.01_125k_2,dis,csk,118885,32/45,0.7111111111111111,0.0899188291205787,0.004777726374227195
