name,type_cluster,scaffold,USo,SSo,TUPOR_,TUPOR,TUPOR_unique,TUPOR_1,TUPOR_2,SESY,ASER,CwASo,KL_OS_IS,KL_OS_RS
DrugEx_RNN_epsilon_0.1_0,dis,csk,59829.0,816954.0,12/40,0.3,0.0501429,6.61e-05,0.0988662,0.0732342,0.0018165,1484.0,0.0160161449140313,0.0249180706869272
DrugEx_RNN_epsilon_0.1_1,dis,csk,68831.0,800534.0,9/23,0.3913043,0.05685,3.08e-05,0.0921577,0.0859814,0.0028206,2258.0,0.0165430424280643,0.0389063633350147
DrugEx_RNN_epsilon_0.1_2,dis,csk,73945.0,827443.0,6/40,0.15,0.0202853,3.37e-05,0.0623326,0.0893657,2.66e-05,22.0,0.0167201267287882,0.0451246780493376
DrugEx_RNN_epsilon_0.1_3,dis,csk,55848.0,768679.0,13/37,0.3513514,0.0629121,0.0001047,0.1579931,0.0726545,0.0014688,1129.0,0.0128278134212746,0.0217219998779122
DrugEx_RNN_epsilon_0.1_4,dis,csk,101550.0,774574.0,32/43,0.744186,0.0732827,0.0002921,0.689769,0.1311043,0.0191228,14812.0,0.0055758059372543,0.0101141785586274
DrugEx_RNN_epsilon_0.1_mean,dis,csk,72000.6,797636.8,-,0.3873683,0.0526946,0.0001055,0.2202237,0.090468,0.005051,3941.0,0.01353658668588254,0.02815705810156382
