name,type_cluster,scaffold,USo,SSo,TUPOR_,TUPOR,TUPOR_unique,TUPOR_1,TUPOR_2,SESY,ASER,CwASo
DrugEx_RNN_epsilon_0.1_0,dis,csk,"59,829.0","816,954.0",12/40,0.3,0.0501429,6.61e-05,0.0988662,0.0732342,0.0018165,"1,484.0"
DrugEx_RNN_epsilon_0.1_1,dis,csk,"68,831.0","800,534.0",9/23,0.3913043,0.05685,3.08e-05,0.0921577,0.0859814,0.0028206,"2,258.0"
DrugEx_RNN_epsilon_0.1_2,dis,csk,"73,945.0","827,443.0",6/40,0.15,0.0202853,3.37e-05,0.0623326,0.0893657,2.66e-05,22.0
DrugEx_RNN_epsilon_0.1_3,dis,csk,"55,848.0","768,679.0",13/37,0.3513514,0.0629121,0.0001047,0.1579931,0.0726545,0.0014688,"1,129.0"
DrugEx_RNN_epsilon_0.1_4,dis,csk,"101,550.0","774,574.0",32/43,0.744186,0.0732827,0.0002921,0.689769,0.1311043,0.0191228,"14,812.0"
DrugEx_RNN_epsilon_0.1_mean,dis,csk,"72,000.6","797,636.8",-,0.3873683,0.0526946,0.0001055,0.2202237,0.090468,0.005051,"3,941.0"
