name,type_cluster,scaffold,USo,SSo,TUPOR_,TUPOR,SESY,ASER,ASR,CwASo
DrugEx_RNN_epsilon_0.1_4,dis,csk,101550,774574,32/43,0.7441860465116279,0.13110432315053178,0.01949557887864884,0.0003152150357572056,14812
