name,type_cluster,scaffold,SSo,TUPOR_,TUPOR,SESY,ASER
DrugEx_RNN_epsilon_0.1_1,dis,csk,800534,9/23,0.391304347826087,0.0859813574439062,0.002820617237993639
