name,type_cluster,scaffold,SSo,TUPOR_,TUPOR,SESY,ASER
DrugEx_RNN_epsilon_0.1_4,dis,csk,774574,32/43,0.7441860465116279,0.13110432315053178,0.019122769419061315
