name,type_cluster,scaffold,USo,SSo,TUPOR_,TUPOR,SESY,ASER,ASR,CwASo
DrugEx_RNN_epsilon_0.1_0,dis,csk,59829,816954,12/40,0.3,0.0732342335064153,0.001819809435049726,0.00020061186619188526,1484
