name,type_cluster,scaffold,SSo,TUPOR_,TUPOR,SESY,ASER
DrugEx_RNN_epsilon_0.1_3,dis,csk,768679,13/37,0.35135135135135137,0.07265451508366952,0.001468753536912027
