name,type_cluster,scaffold,USo,SSo,TUPOR_,TUPOR,TUPOR_unique,TUPOR_1,TUPOR_2,SESY,ASER,CwASo
DrugEx_RNN_epsilon_0.1_2,dis,csk,73945,827443,6/40,0.15,0.02028534721752654,3.37183346768297e-05,0.062332556441954304,0.08936567231821406,2.6587934153772526e-05,22
