name,type_cluster,scaffold,USo,SSo,TUPOR_,TUPOR,TUPOR_unique,TUPOR_1,TUPOR_2,SESY,ASER,CwASo
DrugEx_RNN_epsilon_0.1_3,dis,csk,55848,768679,13/37,0.35135135135135137,0.06291207408525844,0.00010467237879460667,0.15799305434922145,0.07265451508366952,0.001468753536912027,1129
