name,type_cluster,scaffold,USo,SSo,TUPOR_,TUPOR,SESY,ASER,ACR,CwASo
DrugEx_RNN_epsilon_0.1_1,dis,csk,68831,800534,9/23,0.391304347826087,0.0859813574439062,0.002828595623568791,0.0001307721368167156,2258
