name,type_cluster,scaffold,USo,SSo,TUPOR_,TUPOR,TUPOR_unique,TUPOR_1,TUPOR_2,SESY,ASER,CwASo
DrugEx_RNN_epsilon_0.1_1,dis,csk,68831,800534,9/23,0.391304347826087,0.05685001639175473,3.0794661954449754e-05,0.09215771204290135,0.0859813574439062,0.002820617237993639,2258
