name,type_cluster,scaffold,USo,SSo,TUPOR_,TUPOR,TUPOR_unique,TUPOR_1,TUPOR_2,SESY,ASER,CwASo
DrugEx_RNN_epsilon_0.1_0,dis,csk,59829,816954,12/40,0.3,0.050142907285764426,6.609919285541169e-05,0.09886621523366065,0.0732342335064153,0.0018165037443968694,1484
