name,type_cluster,scaffold,USo,SSo,TUPOR_,TUPOR,SESY,ASER,ACR,CwASo
DrugEx_RNN_epsilon_0.1_2,dis,csk,73945,827443,6/40,0.15,0.08936567231821406,2.6588641090811087e-05,8.11479733293661e-05,22
