name,type_cluster,scaffold,USo,SSo,TUPOR_,TUPOR,TUPOR_unique,TUPOR_1,TUPOR_2,SESY,ASER,CwASo
DrugEx_RNN_epsilon_0.1_4,dis,csk,101550,774574,32/43,0.7441860465116279,0.07328272245313913,0.0002920735244657513,0.6897689862673733,0.13110432315053178,0.019122769419061315,14812
