name,type_cluster,scaffold,USo,SSo,TUPOR_,TUPOR,SESY,ASER,CwASo
GB_GA_mut_r_0.5_62.5k_0,dis,csk,4763.0,47264.0,10/42,0.2380952,0.1007744,0.0248049,1144.0
GB_GA_mut_r_0.5_62.5k_1,dis,csk,5294.0,47322.0,9/41,0.2195122,0.1118719,0.0019903,94.0
GB_GA_mut_r_0.5_62.5k_2,dis,csk,6445.0,50408.0,8/45,0.1777778,0.1278567,0.000675,34.0
GB_GA_mut_r_0.5_62.5k_3,dis,csk,14103.0,62491.0,17/47,0.3617021,0.2256805,0.0194457,1192.0
GB_GA_mut_r_0.5_62.5k_4,dis,csk,4761.0,46139.0,7/41,0.1707317,0.1031882,0.0310161,1388.0
GB_GA_mut_r_0.5_62.5k_mean,dis,csk,7073.2,50724.8,-,0.2335638,0.1338743,0.0155864,770.4
