name,type_cluster,scaffold,USo,SSo,TUPOR_,TUPOR,SESY,ASER,CwASo
GB_GA_mut_r_0.5_62.5k_0,dis,csk,"4,763.0","47,264.0",10/42,0.2380952,0.1007744,0.0248049,"1,144.0"
GB_GA_mut_r_0.5_62.5k_1,dis,csk,"5,294.0","47,322.0",9/41,0.2195122,0.1118719,0.0019903,94.0
GB_GA_mut_r_0.5_62.5k_2,dis,csk,"6,445.0","50,408.0",8/45,0.1777778,0.1278567,0.000675,34.0
GB_GA_mut_r_0.5_62.5k_3,dis,csk,"14,103.0","62,491.0",17/47,0.3617021,0.2256805,0.0194457,"1,192.0"
GB_GA_mut_r_0.5_62.5k_4,dis,csk,"4,761.0","46,139.0",7/41,0.1707317,0.1031882,0.0310161,"1,388.0"
GB_GA_mut_r_0.5_62.5k_mean,dis,csk,"7,073.2","50,724.8",-,0.2335638,0.1338743,0.0155864,770.4
