name,type_cluster,scaffold,USo,SSo,TUPOR_,TUPOR,SESY,ASER,CwASo
GB_GA_mut_r_0.5_62.5k_0,dis,csk,3335,53480,20/42,0.47619047619047616,0.062359760658189975,0.06410919654582355,3222
