name,type_cluster,scaffold,USo,SSo,TUPOR_,TUPOR,SESY,ASER,CwASo
GB_GA_mut_r_0.5_62.5k_4,dis,csk,4761,46139,7/41,0.17073170731707318,0.10318819220182492,0.03101606668007419,1388
