name,type_cluster,scaffold,SSo,TUPOR_,TUPOR,SESY,ASER
GB_GA_mut_r_0.5_62.5k_2,dis,csk,57135,29/45,0.6444444444444445,0.09167760567077973,0.00416557276625536
