name,type_cluster,scaffold,SSo,TUPOR_,TUPOR,SESY,ASER
GB_GA_mut_r_0.5_62.5k_0,dis,csk,58031,20/42,0.47619047619047616,0.10389274698006239,0.07420171977046751
