name,type_cluster,scaffold,SSo,TUPOR_,TUPOR,SESY,ASER
GB_GA_mut_r_0.5_62.5k_1,dis,csk,47322,9/41,0.21951219512195122,0.11187185664173112,0.0019903447107648005
