name,type_cluster,scaffold,USo,SSo,TUPOR_,TUPOR,SESY,ASER,CwASo
GB_GA_mut_r_0.5_62.5k_1,dis,csk,3278,52694,12/41,0.2926829268292683,0.062208221049834894,0.005131139723414401,269
