name,type_cluster,scaffold,SSo,TUPOR_,TUPOR,SESY,ASER
GB_GA_mut_r_0.5_62.5k_4,dis,csk,56503,19/41,0.4634146341463415,0.08753517512344478,0.012371024547369167
