name,type_cluster,scaffold,SSo,TUPOR_,TUPOR,SESY,ASER
GB_GA_mut_r_0.5_62.5k_4,dis,csk,46139,7/41,0.17073170731707318,0.10318819220182492,0.030083010034894556
