name,type_cluster,scaffold,USo,SSo,TUPOR_,TUPOR,SESY,ASER,CwASo
GB_GA_mut_r_0.5_62.5k_4,dis,csk,3044,53201,14/41,0.34146341463414637,0.05721696960583448,0.014183045160798368,744
