name,type_cluster,scaffold,USo,SSo,TUPOR_,TUPOR,SESY,ASER,CwASo
GB_GA_mut_r_0.5_62.5k_1,dis,csk,5294,47322,9/41,0.21951219512195122,0.11187185664173112,0.0019903447107648005,94
