name,type_cluster,scaffold,USo,SSo,TUPOR_,TUPOR,SESY,ASER,CwASo
GB_GA_mut_r_0.5_62.5k_3,dis,csk,3586,55324,19/47,0.40425531914893614,0.06481816209963126,0.5206838734504274,18943
