name,type_cluster,scaffold,SSo,TUPOR_,TUPOR,SESY,ASER
GB_GA_mut_r_0.5_62.5k_3,dis,csk,62491,17/47,0.3617021276595745,0.2256804979917108,0.019074746763533948
