name,type_cluster,scaffold,USo,SSo,TUPOR_,TUPOR,SESY,ASER,CwASo
GB_GA_mut_r_0.5_62.5k_2,dis,csk,6445,50408,8/45,0.17777777777777778,0.12785668941437867,0.0006749513637987851,34
