name,type_cluster,scaffold,SSo,TUPOR_,TUPOR,SESY,ASER
GB_GA_mut_r_0.5_62.5k_3,dis,csk,58239,22/47,0.46808510638297873,0.10254296948780027,0.21056336818970106
