name,type_cluster,scaffold,USo,SSo,TUPOR_,TUPOR,SESY,ASER,CwASo
DrugEx_GT_epsilon_0.1_125k_0,dis,murcko,97577.0,124884.0,20/106,0.1886792,0.7813411,0.0081128,1005.0
DrugEx_GT_epsilon_0.1_125k_1,dis,murcko,88398.0,124600.0,5/96,0.0520833,0.7094543,0.0001124,14.0
DrugEx_GT_epsilon_0.1_125k_2,dis,murcko,81283.0,124919.0,29/102,0.2843137,0.6506856,0.0006809,85.0
DrugEx_GT_epsilon_0.1_125k_3,dis,murcko,81359.0,124908.0,6/62,0.0967742,0.6513514,0.0241635,2947.0
DrugEx_GT_epsilon_0.1_125k_4,dis,murcko,94568.0,124914.0,18/71,0.2535211,0.7570649,0.0041399,515.0
DrugEx_GT_epsilon_0.1_125k_mean,dis,murcko,88637.0,124845.0,-,0.1750743,0.7099794,0.0074419,913.2
