name,type_cluster,scaffold,USo,SSo,TUPOR_,TUPOR,SESY,ASER,CwASo
DrugEx_GT_epsilon_0.1_125k_1,dis,murcko,88398,124600,5/96,0.052083333333333336,0.709454253611557,0.0001123721766490617,14
