name,type_cluster,scaffold,SSo,TUPOR_,TUPOR,SESY,ASER
DrugEx_GT_epsilon_0.1_125k_0,dis,murcko,124884,20/106,0.18867924528301888,0.7813410845264406,0.008112755188530744
