name,type_cluster,scaffold,USo,SSo,TUPOR_,TUPOR,SESY,ASER,CwASo
DrugEx_GT_epsilon_0.1_125k_4,dis,murcko,94568,124914,18/71,0.2535211267605634,0.7570648606241094,0.004139904661613036,515
