name,type_cluster,scaffold,SSo,TUPOR_,TUPOR,SESY,ASER
DrugEx_GT_epsilon_0.1_125k_1,dis,murcko,124600,5/96,0.052083333333333336,0.709454253611557,0.00011235955056179776
