name,type_cluster,scaffold,USo,SSo,TUPOR_,TUPOR,SESY,ASER,CwASo
DrugEx_GT_epsilon_0.1_125k_2,dis,murcko,81283,124919,29/102,0.28431372549019607,0.6506856442975048,0.0006809042408318246,85
