name,type_cluster,scaffold,SSo,TUPOR_,TUPOR,SESY,ASER
DrugEx_GT_epsilon_0.1_125k_4,dis,murcko,124914,18/71,0.2535211267605634,0.7570648606241094,0.004122836511519926
