name,type_cluster,scaffold,SSo,TUPOR_,TUPOR,SESY,ASER
DrugEx_GT_epsilon_0.1_125k_3,dis,murcko,124908,6/62,0.0967741935483871,0.6513513946264451,0.023593364716431295
