name,type_cluster,scaffold,USo,SSo,TUPOR_,TUPOR,SESY,ASER,CwASo
DrugEx_GT_epsilon_0.1_125k_3,dis,murcko,81359,124908,6/62,0.0967741935483871,0.6513513946264451,0.024163462090340353,2947
