name,type_cluster,scaffold,SSo,TUPOR_,TUPOR,SESY,ASER
Molpher_250k_0,sim,murcko,250060,57/172,0.3313953488372093,0.35689034631688393,0.012769990320242034
