name,type_cluster,scaffold,USo,SSo,TUPOR_,TUPOR,SESY,ASER,CwASo
Molpher_250k_1,sim,murcko,85806,250086,28/93,0.3010752688172043,0.34310597154578826,0.002059525908355104,514
