name,type_cluster,scaffold,SSo,TUPOR_,TUPOR,SESY,ASER
Molpher_250k_1,sim,murcko,250086,28/93,0.3010752688172043,0.34310597154578826,0.00205529297921515
