name,type_cluster,scaffold,SSo,TUPOR_,TUPOR,SESY,ASER
Molpher_250k_3,sim,murcko,250358,15/57,0.2631578947368421,0.34361993625128817,0.0034469214182077613
