name,type_cluster,scaffold,USo,SSo,TUPOR_,TUPOR,SESY,ASER,CwASo
Molpher_250k_3,sim,murcko,86028,250358,15/57,0.2631578947368421,0.34361993625128817,0.0034469214182077613,860
