name,type_cluster,scaffold,USo,SSo,TUPOR_,TUPOR,SESY,ASER,ACR,CwASo
DrugEx_RNN_epsilon_0.1_0,sim,csk,"77,097.0","908,759.0",40/46,0.8695652,0.0848377,0.2126925,0.0005191,"159,386.0"
DrugEx_RNN_epsilon_0.1_1,sim,csk,"65,910.0","932,005.0",26/44,0.5909091,0.0707185,0.041734,0.0003946,"37,338.0"
DrugEx_RNN_epsilon_0.1_2,sim,csk,"104,340.0","1,084,518.0",32/42,0.7619048,0.0962086,0.0250139,0.0003068,"26,466.0"
DrugEx_RNN_epsilon_0.1_3,sim,csk,"61,919.0","906,701.0",23/42,0.547619,0.0682904,0.0501092,0.0003716,"43,266.0"
DrugEx_RNN_epsilon_0.1_4,sim,csk,"54,176.0","881,210.0",22/42,0.5238095,0.0614791,0.0033875,0.0004062,"2,975.0"
DrugEx_RNN_epsilon_0.1_mean,sim,csk,"72,688.4","942,638.6",-,0.6587615,0.0763069,0.0665874,0.0003997,"53,886.2"
