name,type_cluster,scaffold,USo,SSo,TUPOR_,TUPOR,SESY,ASER,ACR,CwASo
DrugEx_RNN_epsilon_0.1_0,sim,csk,77097.0,908759.0,40/46,0.8695652,0.0848377,0.2126925,0.0005191,159386.0
DrugEx_RNN_epsilon_0.1_1,sim,csk,65910.0,932005.0,26/44,0.5909091,0.0707185,0.041734,0.0003946,37338.0
DrugEx_RNN_epsilon_0.1_2,sim,csk,104340.0,1084518.0,32/42,0.7619048,0.0962086,0.0250139,0.0003068,26466.0
DrugEx_RNN_epsilon_0.1_3,sim,csk,61919.0,906701.0,23/42,0.547619,0.0682904,0.0501092,0.0003716,43266.0
DrugEx_RNN_epsilon_0.1_4,sim,csk,54176.0,881210.0,22/42,0.5238095,0.0614791,0.0033875,0.0004062,2975.0
DrugEx_RNN_epsilon_0.1_mean,sim,csk,72688.4,942638.6,-,0.6587615,0.0763069,0.0665874,0.0003997,53886.2
