name,type_cluster,scaffold,USo,SSo,TUPOR_,TUPOR,SESY,ASER,ACR,CwASo
DrugEx_RNN_epsilon_0.1_4,sim,csk,54176,881210,22/42,0.5238095238095238,0.061479102597564714,0.0033874760172391215,0.00040624884588396054,2975
