name,type_cluster,scaffold,USo,SSo,TUPOR_,TUPOR,SESY,ASER,ACR,CwASo
DrugEx_RNN_epsilon_0.1_0,sim,csk,77097,908759,40/46,0.8695652173913043,0.08483767423486314,0.2126924775779218,0.0005190962534227909,159386
