name,type_cluster,scaffold,SSo,TUPOR_,TUPOR,SESY,ASER
DrugEx_RNN_epsilon_0.1_4,sim,csk,881210,22/42,0.5238095238095238,0.061479102597564714,0.003376039763506996
