name,type_cluster,scaffold,SSo,TUPOR_,TUPOR,SESY,ASER
DrugEx_RNN_epsilon_0.1_1,sim,csk,932005,26/44,0.5909090909090909,0.07071850472905188,0.040062016834673635
