name,type_cluster,scaffold,USo,SSo,TUPOR_,TUPOR,SESY,ASER,ACR,CwASo
DrugEx_RNN_epsilon_0.1_3,sim,csk,61919,906701,23/42,0.5476190476190477,0.06829042870803054,0.050109157029770625,0.00037159105596484425,43266
