name,type_cluster,scaffold,USo,SSo,TUPOR_,TUPOR,SESY,ASER,ACR,CwASo
DrugEx_RNN_epsilon_0.1_1,sim,csk,65910,932005,26/44,0.5909090909090909,0.07071850472905188,0.04173396358645172,0.0003946329913180742,37338
