name,type_cluster,scaffold,SSo,TUPOR_,TUPOR,SESY,ASER
DrugEx_RNN_epsilon_0.1_3,sim,csk,906701,23/42,0.5476190476190477,0.06829042870803054,0.050109157029770625
