name,type_cluster,scaffold,SSo,TUPOR_,TUPOR,SESY,ASER
DrugEx_RNN_epsilon_0.1_2,sim,csk,1084518,32/42,0.7619047619047619,0.09620863830752463,0.02440346771561191
