name,type_cluster,scaffold,SSo,TUPOR_,TUPOR,SESY,ASER
DrugEx_RNN_epsilon_0.1_0,sim,csk,908759,40/46,0.8695652173913043,0.08483767423486314,0.17538863439041594
