name,type_cluster,scaffold,SSo,TUPOR_,TUPOR,SESY,ASER
GB_GA_log_p_mut_r_0.01_500k_1,sim,murcko,436612,9/93,0.0967741935483871,0.21229375280569476,0.005354868853810706
