name,type_cluster,scaffold,USo,SSo,TUPOR_,TUPOR,SESY,ASER,ACR,CwASo
DrugEx_GT_epsilon_0.1_100k_0,sim,murcko,"84,120.0","99,945.0",52/172,0.3023256,0.8416629,0.0224762,0.0006185,"2,197.0"
DrugEx_GT_epsilon_0.1_100k_1,sim,murcko,"68,046.0","99,868.0",35/93,0.3763441,0.6813594,0.0026203,0.0005146,261.0
DrugEx_GT_epsilon_0.1_100k_2,sim,murcko,"64,156.0","99,854.0",21/65,0.3230769,0.642498,0.0015045,0.0003274,150.0
DrugEx_GT_epsilon_0.1_100k_3,sim,murcko,"68,595.0","99,924.0",17/57,0.2982456,0.6864717,0.0008514,0.0002479,85.0
DrugEx_GT_epsilon_0.1_100k_4,sim,murcko,"71,380.0","99,952.0",5/50,0.1,0.7141428,0.0003603,7.01e-05,36.0
DrugEx_GT_epsilon_0.1_100k_mean,sim,murcko,"71,259.4","99,908.6",-,0.2799984,0.713227,0.0055625,0.0003557,545.8
