name,type_cluster,scaffold,SSo,TUPOR_,TUPOR,SESY,ASER
GB_GA_log_p_mut_r_0.01_4,sim,csk,898715,18/42,0.42857142857142855,0.05032296111670552,0.0008356375491674223
