name,type_cluster,scaffold,SSo,TUPOR_,TUPOR,SESY,ASER
GB_GA_log_p_mut_r_0.5_62.5k_0,dis,csk,47264,10/42,0.23809523809523808,0.10077437373053487,0.024204468517264727
