name,type_cluster,scaffold,SSo,TUPOR_,TUPOR,SESY,ASER
GB_GA_mut_r_0.5_500k_0,sim,murcko,499946.0,12/115,0.1043478,0.3455233,0.0027543
GB_GA_mut_r_0.5_500k_1,sim,murcko,499988.0,13/100,0.13,0.3679728,0.0030941
GB_GA_mut_r_0.5_500k_2,sim,murcko,499969.0,5/58,0.0862069,0.4182059,0.0033142
GB_GA_mut_r_0.5_500k_3,sim,murcko,499984.0,8/51,0.1568627,0.3781081,0.0055162
GB_GA_mut_r_0.5_500k_4,sim,murcko,499994.0,5/40,0.125,0.3647044,0.001324
GB_GA_mut_r_0.5_500k_mean,sim,murcko,499976.2,-,0.1204835,0.3749029,0.0032006
