name,type_cluster,scaffold,SSo,TUPOR_,TUPOR,SESY,ASER
GB_GA_mut_r_0.5_500k_0,sim,murcko,478058,48/115,0.41739130434782606,0.3026766626643629,0.022206510507093283
