name,type_cluster,scaffold,SSo,TUPOR_,TUPOR,SESY,ASER
GB_GA_mut_r_0.5_500k_2,sim,murcko,499969,5/58,0.08620689655172414,0.4182059287675836,0.003314205480739806
