name,type_cluster,scaffold,SSo,TUPOR_,TUPOR,SESY,ASER
GB_GA_mut_r_0.5_500k_0,sim,murcko,499946,12/115,0.10434782608695652,0.34552331651818396,0.0027542974641261257
