name,type_cluster,scaffold,USo,SSo,TUPOR_,TUPOR,SESY,ASER,ACR,CwASo
GB_GA_mut_r_0.5_500k_0,sim,murcko,172743,499946,12/115,0.10434782608695652,0.34552331651818396,0.002761904570881864,6.947218507390103e-05,1377
