name,type_cluster,scaffold,SSo,TUPOR_,TUPOR,SESY,ASER
GB_GA_mut_r_0.5_500k_2,sim,murcko,476415,21/58,0.3620689655172414,0.26635391412948795,0.0014546141494285445
