name,type_cluster,scaffold,USo,SSo,TUPOR_,TUPOR,SESY,ASER,ACR,CwASo
GB_GA_mut_r_0.5_500k_2,sim,murcko,209090,499969,5/58,0.08620689655172414,0.4182059287675836,0.0033252259628505838,2.391371930076285e-05,1657
