name,type_cluster,scaffold,SSo,TUPOR_,TUPOR,SESY,ASER
GB_GA_mut_r_0.5_500k_3,sim,murcko,475696,27/51,0.5294117647058824,0.26602494029800544,0.004084541387777068
