name,type_cluster,scaffold,USo,SSo,TUPOR_,TUPOR,SESY,ASER,ACR,CwASo
GB_GA_mut_r_0.5_500k_3,sim,murcko,189048,499984,8/51,0.1568627450980392,0.37810809945918267,0.00554677349937453,4.231908590774439e-05,2758
