name,type_cluster,scaffold,USo,SSo,TUPOR_,TUPOR,SESY,ASER,ACR,CwASo
GB_GA_mut_r_0.5_500k_4,sim,murcko,182350,499994,5/40,0.125,0.3647043764525174,0.001325771230363766,2.7420548959390168e-05,662
