name,type_cluster,scaffold,SSo,TUPOR_,TUPOR,SESY,ASER
GB_GA_mut_r_0.5_500k_3,sim,murcko,499984,8/51,0.1568627450980392,0.37810809945918267,0.005516176517648565
