name,type_cluster,scaffold,SSo,TUPOR_,TUPOR,SESY,ASER
addcarbon_250k_1,dis,csk,250000,3/41,0.07317073170731707,0.003872,0.0011292738208699413
