name,type_cluster,scaffold,SSo,TUPOR_,TUPOR,SESY,ASER
addcarbon_250k_4,dis,csk,250000,8/41,0.1951219512195122,0.003704,0.0064007085060987885
