name,type_cluster,scaffold,SSo,TUPOR_,TUPOR,SESY,ASER
addcarbon_250k_0,dis,csk,250000,3/42,0.07142857142857142,0.003676,0.0007405480055240879
