name,type_cluster,scaffold,USo,SSo,TUPOR_,TUPOR,SESY,ASER,CwASo
addcarbon_250k_2,dis,csk,859,250000,10/45,0.2222222222222222,0.003436,0.005854070691424088,1455
