name,type_cluster,scaffold,USo,SSo,TUPOR_,TUPOR,SESY,ASER,CwASo
addcarbon_250k_0,dis,csk,919,250000,3/42,0.07142857142857142,0.003676,0.0007405480055240879,185
