name,type_cluster,scaffold,USo,SSo,TUPOR_,TUPOR,SESY,ASER,CwASo
addcarbon_250k_1,dis,csk,968,250000,3/41,0.07317073170731707,0.003872,0.0011292738208699413,282
