name,type_cluster,scaffold,SSo,TUPOR_,TUPOR,SESY,ASER
DrugEx_RNN_epsilon_0.6_250k_0,dis,murcko,"247,237.0",34/106,0.3207547,0.5882332,0.0083361
DrugEx_RNN_epsilon_0.6_250k_1,dis,murcko,"246,236.0",13/96,0.1354167,0.5669074,0.0008285
DrugEx_RNN_epsilon_0.6_250k_2,dis,murcko,"244,535.0",43/102,0.4215686,0.5281739,0.0008342
DrugEx_RNN_epsilon_0.6_250k_3,dis,murcko,"248,320.0",9/62,0.1451613,0.5590327,0.029909
DrugEx_RNN_epsilon_0.6_250k_4,dis,murcko,"243,564.0",25/71,0.3521127,0.5038922,0.0064583
DrugEx_RNN_epsilon_0.6_250k_mean,dis,murcko,"245,978.4",-,0.2750028,0.5492479,0.0092732
