name,type_cluster,scaffold,USo,SSo,TUPOR_,TUPOR,SESY,ASER,CwASo
DrugEx_RNN_epsilon_0.6_250k_2,dis,murcko,129157,244535,43/102,0.4215686274509804,0.528173881039524,0.0008349329393322993,204
