name,type_cluster,scaffold,USo,SSo,TUPOR_,TUPOR,SESY,ASER,CwASo
DrugEx_RNN_epsilon_0.6_250k_0,dis,murcko,145433,247237,34/106,0.32075471698113206,0.5882331528047986,0.008406206153946553,2061
