name,type_cluster,scaffold,SSo,TUPOR_,TUPOR,SESY,ASER
DrugEx_RNN_epsilon_0.6_250k_0,dis,murcko,247237,34/106,0.32075471698113206,0.5882331528047986,0.008336130918915857
