name,type_cluster,scaffold,USo,SSo,TUPOR_,TUPOR,SESY,ASER,CwASo
DrugEx_RNN_epsilon_0.6_250k_3,dis,murcko,138819,248320,9/62,0.14516129032258066,0.559032699742268,0.030831115889627343,7427
