name,type_cluster,scaffold,USo,SSo,TUPOR_,TUPOR,SESY,ASER,CwASo
DrugEx_RNN_epsilon_0.6_250k_4,dis,murcko,122730,243564,25/71,0.352112676056338,0.5038922008178549,0.006500241744527689,1573
