name,type_cluster,scaffold,SSo,TUPOR_,TUPOR,SESY,ASER
DrugEx_RNN_epsilon_0.6_250k_3,dis,murcko,248320,9/62,0.14516129032258066,0.559032699742268,0.029908988402061857
