name,type_cluster,scaffold,SSo,TUPOR_,TUPOR,SESY,ASER
DrugEx_RNN_epsilon_0.6_250k_1,dis,murcko,246236,13/96,0.13541666666666666,0.5669073571695447,0.0008291604344150354
