name,type_cluster,scaffold,SSo,TUPOR_,TUPOR,SESY,ASER
GB_GA_mut_r_0.01_62.5k_0,sim,murcko,"60,646.0",51/172,0.2965116,0.5380404,0.062164
GB_GA_mut_r_0.01_62.5k_1,sim,murcko,"59,938.0",14/93,0.1505376,0.3729354,0.006807
GB_GA_mut_r_0.01_62.5k_2,sim,murcko,"59,672.0",16/65,0.2461538,0.3741621,0.0118984
GB_GA_mut_r_0.01_62.5k_3,sim,murcko,"59,718.0",10/57,0.1754386,0.3800362,0.0150206
GB_GA_mut_r_0.01_62.5k_4,sim,murcko,"59,804.0",3/50,0.06,0.3866965,0.0004682
GB_GA_mut_r_0.01_62.5k_mean,sim,murcko,"59,955.6",-,0.1857283,0.4103741,0.0192716
