name,type_cluster,scaffold,USo,SSo,TUPOR_,TUPOR,SESY,ASER,CwASo
GB_GA_mut_r_0.01_62.5k_0,sim,murcko,45793.0,62500.0,10/172,0.0581395,0.732688,0.003162,197.0
GB_GA_mut_r_0.01_62.5k_1,sim,murcko,16876.0,54526.0,5/93,0.0537634,0.3095037,0.0054026,293.0
GB_GA_mut_r_0.01_62.5k_2,sim,murcko,17416.0,55679.0,3/65,0.0461538,0.312793,0.0078742,435.0
GB_GA_mut_r_0.01_62.5k_3,sim,murcko,19639.0,56225.0,3/57,0.0526316,0.349293,0.0008901,50.0
GB_GA_mut_r_0.01_62.5k_4,sim,murcko,19092.0,56174.0,0/50,0.0,0.3398725,0.0,0.0
GB_GA_mut_r_0.01_62.5k_mean,sim,murcko,23763.2,57020.8,-,0.0421377,0.4088301,0.0034658,195.0
