name,type_cluster,scaffold,SSo,TUPOR_,TUPOR,SESY,ASER
GB_GA_mut_r_0.01_62.5k_1,sim,murcko,54526,5/93,0.053763440860215055,0.3095037229945347,0.005402614644220309
