name,type_cluster,scaffold,SSo,TUPOR_,TUPOR,SESY,ASER
GB_GA_mut_r_0.01_62.5k_1,sim,murcko,59938,14/93,0.15053763440860216,0.3729353665454303,0.006807033935066235
