name,type_cluster,scaffold,SSo,TUPOR_,TUPOR,SESY,ASER
GB_GA_mut_r_0.01_62.5k_2,sim,murcko,55679,3/65,0.046153846153846156,0.3127929740117459,0.007812640313224017
