name,type_cluster,scaffold,SSo,TUPOR_,TUPOR,SESY,ASER
GB_GA_mut_r_0.01_62.5k_2,sim,murcko,59672,16/65,0.24615384615384617,0.3741620860705188,0.011898377798632525
