name,type_cluster,scaffold,SSo,TUPOR_,TUPOR,SESY,ASER
GB_GA_mut_r_0.01_62.5k_0,sim,murcko,60646,51/172,0.29651162790697677,0.5380404313557365,0.062164033901658804
