name,type_cluster,scaffold,USo,SSo,TUPOR_,TUPOR,SESY,ASER,CwASo
GB_GA_mut_r_0.01_62.5k_3,sim,murcko,19639,56225,3/57,0.05263157894736842,0.3492930191196087,0.0008900756564307966,50
