name,type_cluster,scaffold,USo,SSo,TUPOR_,TUPOR,SESY,ASER,CwASo
GB_GA_mut_r_0.01_62.5k_0,sim,murcko,45793,62500,10/172,0.05813953488372093,0.732688,0.0031619665184662053,197
