name,type_cluster,scaffold,SSo,TUPOR_,TUPOR,SESY,ASER
GB_GA_log_p_mut_r_0.01_500k_2,sim,csk,446303,19/42,0.4523809523809524,0.060721079625277,0.026251223944271044
