name,type_cluster,scaffold,SSo,TUPOR_,TUPOR,SESY,ASER
GB_GA_log_p_mut_r_0.01_500k_3,sim,csk,450158,12/42,0.2857142857142857,0.07296993500059978,0.02576428720582551
