name,type_cluster,scaffold,SSo,TUPOR_,TUPOR,SESY,ASER
GB_GA_log_p_mut_r_0.01_500k_4,sim,csk,449426,18/42,0.42857142857142855,0.06461797937814012,0.0008566482580002048
