name,type_cluster,scaffold,USo,SSo,TUPOR_,TUPOR,SESY,ASER,CwASo
GB_GA_mut_r_0.01_250k_0,sim,csk,"72,131.0","250,000.0",25/46,0.5434783,0.288524,0.020679,"5,065.0"
GB_GA_mut_r_0.01_250k_1,sim,csk,"16,148.0","218,218.0",16/44,0.3636364,0.0739994,0.0131767,"2,838.0"
GB_GA_mut_r_0.01_250k_2,sim,csk,"17,413.0","223,006.0",17/42,0.4047619,0.0780831,0.0268919,"5,840.0"
GB_GA_mut_r_0.01_250k_3,sim,csk,"20,749.0","225,026.0",8/42,0.1904762,0.0922071,0.0260215,"5,707.0"
GB_GA_mut_r_0.01_250k_4,sim,csk,"18,476.0","224,600.0",16/42,0.3809524,0.0822618,0.00086,193.0
GB_GA_mut_r_0.01_250k_mean,sim,csk,"28,983.4","228,170.0",-,0.376661,0.1230151,0.0175258,"3,928.6"
