name,type_cluster,scaffold,USo,SSo,TUPOR_,TUPOR,SESY,ASER,CwASo
GB_GA_mut_r_0.01_250k_0,sim,csk,72131.0,250000.0,25/46,0.5434783,0.288524,0.020679,5065.0
GB_GA_mut_r_0.01_250k_1,sim,csk,16148.0,218218.0,16/44,0.3636364,0.0739994,0.0131767,2838.0
GB_GA_mut_r_0.01_250k_2,sim,csk,17413.0,223006.0,17/42,0.4047619,0.0780831,0.0268919,5840.0
GB_GA_mut_r_0.01_250k_3,sim,csk,20749.0,225026.0,8/42,0.1904762,0.0922071,0.0260215,5707.0
GB_GA_mut_r_0.01_250k_4,sim,csk,18476.0,224600.0,16/42,0.3809524,0.0822618,0.00086,193.0
GB_GA_mut_r_0.01_250k_mean,sim,csk,28983.4,228170.0,-,0.376661,0.1230151,0.0175258,3928.6
