name,type_cluster,scaffold,USo,SSo,TUPOR_,TUPOR,SESY,ASER,CwASo
GB_GA_mut_r_0.01_250k_4,sim,csk,18476,224600,16/42,0.38095238095238093,0.08226179875333926,0.0008600444727660011,193
