name,type_cluster,scaffold,SSo,TUPOR_,TUPOR,SESY,ASER
GB_GA_mut_r_0.01_250k_3,sim,csk,225026,8/42,0.19047619047619047,0.09220712273248424,0.025361513780629792
