name,type_cluster,scaffold,SSo,TUPOR_,TUPOR,SESY,ASER
GB_GA_mut_r_0.01_250k_3,sim,csk,238836,30/42,0.7142857142857143,0.07502219095948684,0.06118005660788156
