name,type_cluster,scaffold,SSo,TUPOR_,TUPOR,SESY,ASER
GB_GA_mut_r_0.01_250k_4,sim,csk,239170,29/42,0.6904761904761905,0.07742191746456495,0.007099552619475686
