name,type_cluster,scaffold,SSo,TUPOR_,TUPOR,SESY,ASER
GB_GA_mut_r_0.01_250k_2,sim,csk,238595,34/42,0.8095238095238095,0.0735472243760347,0.0383536955929504
