name,type_cluster,scaffold,USo,SSo,TUPOR_,TUPOR,SESY,ASER,CwASo
GB_GA_mut_r_0.01_250k_3,sim,csk,20749,225026,8/42,0.19047619047619047,0.09220712273248424,0.026021457329278356,5707
