name,type_cluster,scaffold,USo,SSo,TUPOR_,TUPOR,SESY,ASER,CwASo
GB_GA_mut_r_0.01_250k_0,sim,csk,72131,250000,25/46,0.5434782608695652,0.288524,0.020678955641292587,5065
