name,type_cluster,scaffold,SSo,TUPOR_,TUPOR,SESY,ASER
GB_GA_mut_r_0.01_250k_0,sim,csk,242519,42/46,0.9130434782608695,0.1367233082768773,0.13247209496987866
