name,type_cluster,scaffold,USo,SSo,TUPOR_,TUPOR,SESY,ASER,CwASo
GB_GA_mut_r_0.01_250k_1,sim,csk,16148,218218,16/44,0.36363636363636365,0.07399939510031253,0.013176710929519919,2838
