name,type_cluster,scaffold,USo,SSo,TUPOR_,TUPOR,SESY,ASER,CwASo
GB_GA_mut_r_0.01_250k_2,sim,csk,17413,223006,17/42,0.40476190476190477,0.07808310090311471,0.026891870734829577,5840
