name,type_cluster,scaffold,USo,SSo,TUPOR_,TUPOR,SESY,ASER,ACR,CwASo
DrugEx_GT_epsilon_0.6_500k_0,dis,csk,158552.0,497008.0,32/42,0.7619048,0.319013,0.0279741,0.0002019,13525.0
DrugEx_GT_epsilon_0.6_500k_1,dis,csk,132903.0,498530.0,26/41,0.6341463,0.2665898,0.0061272,0.0001957,3036.0
DrugEx_GT_epsilon_0.6_500k_2,dis,csk,139637.0,497480.0,39/45,0.8666667,0.2806887,0.0140319,0.0002794,6884.0
DrugEx_GT_epsilon_0.6_500k_3,dis,csk,141279.0,498879.0,34/47,0.7234043,0.2831929,0.0303607,0.0002407,14700.0
DrugEx_GT_epsilon_0.6_500k_4,dis,csk,141596.0,496658.0,30/41,0.7317073,0.2850976,0.0190428,0.0002119,9281.0
DrugEx_GT_epsilon_0.6_500k_mean,dis,csk,142793.4,497711.0,-,0.7435659,0.2869164,0.0195073,0.0002259,9485.2
