name,type_cluster,scaffold,USo,SSo,TUPOR_,TUPOR,SESY,ASER,ACR,CwASo
DrugEx_GT_epsilon_0.6_500k_0,dis,csk,"158,552.0","497,008.0",32/42,0.7619048,0.319013,0.0279741,0.0002019,"13,525.0"
DrugEx_GT_epsilon_0.6_500k_1,dis,csk,"132,903.0","498,530.0",26/41,0.6341463,0.2665898,0.0061272,0.0001957,"3,036.0"
DrugEx_GT_epsilon_0.6_500k_2,dis,csk,"139,637.0","497,480.0",39/45,0.8666667,0.2806887,0.0140319,0.0002794,"6,884.0"
DrugEx_GT_epsilon_0.6_500k_3,dis,csk,"141,279.0","498,879.0",34/47,0.7234043,0.2831929,0.0303607,0.0002407,"14,700.0"
DrugEx_GT_epsilon_0.6_500k_4,dis,csk,"141,596.0","496,658.0",30/41,0.7317073,0.2850976,0.0190428,0.0002119,"9,281.0"
DrugEx_GT_epsilon_0.6_500k_mean,dis,csk,"142,793.4","497,711.0",-,0.7435659,0.2869164,0.0195073,0.0002259,"9,485.2"
