name,type_cluster,scaffold,SSo,TUPOR_,TUPOR,SESY,ASER
DrugEx_GT_epsilon_0.6_500k_1,dis,csk,498530,26/41,0.6341463414634146,0.26658977393537,0.006127218493059452
