name,type_cluster,scaffold,USo,SSo,TUPOR_,TUPOR,SESY,ASER,ACR,CwASo
DrugEx_GT_epsilon_0.6_500k_0,dis,csk,158552,497008,32/42,0.7619047619047619,0.3190129736342272,0.027974096297077665,0.00020186727226848347,13525
