name,type_cluster,scaffold,SSo,TUPOR_,TUPOR,SESY,ASER
DrugEx_GT_epsilon_0.6_500k_2,dis,csk,497480,39/45,0.8666666666666667,0.28068867090134275,0.013837742220792796
