name,type_cluster,scaffold,SSo,TUPOR_,TUPOR,SESY,ASER
DrugEx_GT_epsilon_0.6_500k_0,dis,csk,497008,32/42,0.7619047619047619,0.3190129736342272,0.027974096297077665
