name,type_cluster,scaffold,SSo,TUPOR_,TUPOR,SESY,ASER
DrugEx_GT_epsilon_0.6_500k_3,dis,csk,498879,34/47,0.723404255319149,0.2831929185233293,0.02946606291305106
