name,type_cluster,scaffold,USo,SSo,TUPOR_,TUPOR,SESY,ASER,ACR,CwASo
DrugEx_GT_epsilon_0.6_500k_2,dis,csk,139637,497480,39/45,0.8666666666666667,0.28068867090134275,0.01403191220474688,0.00027937362999469906,6884
