name,type_cluster,scaffold,USo,SSo,TUPOR_,TUPOR,SESY,ASER,ACR,CwASo
DrugEx_GT_epsilon_0.6_500k_4,dis,csk,141596,496658,30/41,0.7317073170731707,0.28509759230697984,0.019042753351101917,0.00021191529039458627,9281
