name,type_cluster,scaffold,USo,SSo,TUPOR_,TUPOR,SESY,ASER,ACR,CwASo
DrugEx_GT_epsilon_0.6_500k_3,dis,csk,141279,498879,34/47,0.723404255319149,0.2831929185233293,0.030360672395952738,0.00024071648553931113,14700
