name,type_cluster,scaffold,SSo,TUPOR_,TUPOR,SESY,ASER
DrugEx_GT_epsilon_0.6_500k_4,dis,csk,496658,30/41,0.7317073170731707,0.28509759230697984,0.019042753351101917
