name,type_cluster,scaffold,USo,SSo,TUPOR_,TUPOR,TUPOR_unique,TUPOR_set,SESY,ASER,CwASo
REINVENT_0,sim,murcko,"622,980.0","967,931.0",16/115,0.1391304,0.0022333,0.0014374,0.6436203,0.0003926,380.0
REINVENT_1,sim,murcko,"643,336.0","965,714.0",16/100,0.16,0.002487,0.0016568,0.6661765,0.0004453,430.0
REINVENT_2,sim,murcko,"617,810.0","962,000.0",4/58,0.0689655,0.0011163,0.0007169,0.6422141,4.05e-05,39.0
REINVENT_3,sim,murcko,"652,900.0","962,078.0",10/51,0.1960784,0.0030032,0.0020381,0.6786352,0.0001611,155.0
REINVENT_4,sim,murcko,"632,765.0","963,991.0",1/40,0.025,0.0003951,0.0002593,0.6564014,1e-06,1.0
REINVENT_mean,sim,murcko,"633,958.2","964,342.8",-,0.1178349,0.001847,0.0012217,0.6574095,0.0002081,201.0
