name,type_cluster,scaffold,USo,SSo,TUPOR_,TUPOR,TUPOR_unique,TUPOR_1,TUPOR_2,SESY,ASER,CwASo
REINVENT_4,sim,murcko,632765,963991,1/40,0.025,0.0003950913846372666,1.0892217873403383e-06,0.017230535606660227,0.6564013564441992,1.0373540831812746e-06,1
