name,type_cluster,scaffold,USo,SSo,TUPOR_,TUPOR,TUPOR_unique,TUPOR_1,TUPOR_2,SESY,ASER,CwASo
REINVENT_0,sim,murcko,622980,967931,16/115,0.1391304347826087,0.0022333049982761677,6.985765649033642e-05,0.3784341116552155,0.6436202580555845,0.00039258996767331555,380
