name,type_cluster,scaffold,USo,SSo,TUPOR_,TUPOR,SESY,ASER,ASR,CwASo
REINVENT_4,sim,murcko,632765,963991,1/40,0.025,0.6564013564441992,1.0373551592858847e-06,1.580368036108249e-06,1
