name,type_cluster,scaffold,USo,SSo,TUPOR_,TUPOR,SESY,ASER,ASR,CwASo
REINVENT_0,sim,murcko,622980,967931,16/115,0.1391304347826087,0.6436202580555845,0.0003927441550884656,2.5683667113990535e-05,380
