name,type_cluster,scaffold,USo,SSo,TUPOR_,TUPOR,TUPOR_unique,TUPOR_set,SESY,ASER,CwASo
REINVENT_2,sim,murcko,617810,962000,4/58,0.06896551724137931,0.0011162900769068047,0.0007168972686214066,0.6422141372141372,4.054054054054054e-05,39
