name,type_cluster,scaffold,USo,SSo,TUPOR_,TUPOR,TUPOR_unique,TUPOR_1,TUPOR_2,SESY,ASER,CwASo
REINVENT_1,sim,murcko,643336,965714,16/100,0.16,0.0024870363231654998,3.910060328420216e-05,0.2515482571444548,0.6661765284545942,0.0004452664039249716,430
