name,type_cluster,scaffold,USo,SSo,TUPOR_,TUPOR,TUPOR_unique,TUPOR_1,TUPOR_2,SESY,ASER,CwASo
REINVENT_3,sim,murcko,652900,962078,10/51,0.19607843137254902,0.003003192393514306,1.2839854124583025e-05,0.16437530897922073,0.6786352042142113,0.00016110959818226795,155
