name,type_cluster,scaffold,USo,SSo,TUPOR_,TUPOR,SESY,ASER,ACR,CwASo
REINVENT_2,sim,murcko,489299,794330,12/58,0.20689655172413793,0.6159895761207559,0.00014101921638643295,2.4525482998730807e-05,112
