name,type_cluster,scaffold,USo,SSo,TUPOR_,TUPOR,SESY,ASER,ASR,CwASo
REINVENT_1,sim,murcko,643336,965714,16/100,0.16,0.6661765284545942,0.0004454647544142449,2.4870981782005846e-05,430
