name,type_cluster,scaffold,USo,SSo,TUPOR_,TUPOR,TUPOR_unique,TUPOR_set,SESY,ASER,CwASo
REINVENT_4,sim,murcko,632765,963991,1/40,0.025,0.0003950913846372666,0.0002593385207953186,0.6564013564441992,1.0373540831812746e-06,1
