name,type_cluster,scaffold,USo,SSo,TUPOR_,TUPOR,TUPOR_unique,TUPOR_set,SESY,ASER,CwASo
REINVENT_1,sim,murcko,643336,965714,16/100,0.16,0.0024870363231654998,0.001656805223906871,0.6661765284545942,0.0004452664039249716,430
