name,type_cluster,scaffold,USo,SSo,TUPOR_,TUPOR,SESY,ASER,ASR,CwASo
REINVENT_3,sim,murcko,652900,962078,10/51,0.19607843137254902,0.6786352042142113,0.00016113555866737773,1.5316515798986046e-05,155
