name,type_cluster,scaffold,USo,SSo,TUPOR_,TUPOR,TUPOR_unique,TUPOR_set,SESY,ASER,CwASo
REINVENT_3,sim,murcko,652900,962078,10/51,0.19607843137254902,0.003003192393514306,0.002038072083267147,0.6786352042142113,0.00016110959818226795,155
