name,type_cluster,scaffold,USo,SSo,TUPOR_,TUPOR,SESY,ASER,ACR,CwASo
addcarbon_500k_4,dis,csk,926,500000,8/41,0.1951219512195122,0.001852,0.006287282943833069,0.008714596949891068,3124
