name,type_cluster,scaffold,USo,SSo,TUPOR_,TUPOR,SESY,ASER,ACR,CwASo
addcarbon_500k_2,dis,csk,859,500000,10/45,0.2222222222222222,0.001718,0.005957279006275161,0.011778563015312132,2961
