name,type_cluster,scaffold,USo,SSo,TUPOR_,TUPOR,SESY,ASER,ACR,CwASo
addcarbon_500k_0,dis,csk,919,500000,3/42,0.07142857142857142,0.001838,0.0007004903432402681,0.0032751091703056767,350
