name,type_cluster,scaffold,USo,SSo,TUPOR_,TUPOR,SESY,ASER,ACR,CwASo
addcarbon_500k_1,dis,csk,968,500000,3/41,0.07317073170731707,0.001936,0.0011433056550580764,0.0031088082901554403,571
