name,type_cluster,scaffold,SSo,TUPOR_,TUPOR,SESY,ASER
addcarbon_500k_0,dis,csk,500000,3/42,0.07142857142857142,0.001838,0.0007004903432402681
