name,type_cluster,scaffold,USo,SSo,TUPOR_,TUPOR,SESY,ASER,ACR,CwASo
addcarbon_500k_3,dis,csk,978,500000,6/47,0.1276595744680851,0.001956,0.006050387027583889,0.006172839506172839,3007
