name,type_cluster,scaffold,SSo,TUPOR_,TUPOR,SESY,ASER
addcarbon_500k_3,dis,csk,500000,6/47,0.1276595744680851,0.001956,0.006050387027583889
