name,type_cluster,scaffold,SSo,TUPOR_,TUPOR,SESY,ASER
addcarbon_500k_1,dis,csk,500000,3/41,0.07317073170731707,0.001936,0.0011433056550580764
