name,type_cluster,scaffold,USo,SSo,TUPOR_,TUPOR,SESY,ASER,ACR,CwASo
DrugEx_RNN_epsilon_0.6_0,sim,csk,"125,602.0","911,118.0",43/46,0.9347826,0.1378548,0.1268821,0.0003425,"102,588.0"
DrugEx_RNN_epsilon_0.6_1,sim,csk,"101,810.0","895,678.0",39/44,0.8863636,0.1136681,0.0333061,0.0003832,"28,870.0"
DrugEx_RNN_epsilon_0.6_2,sim,csk,"115,392.0","904,265.0",36/42,0.8571429,0.1276086,0.0264529,0.0003121,"23,304.0"
DrugEx_RNN_epsilon_0.6_3,sim,csk,"82,431.0","889,922.0",34/42,0.8095238,0.0926272,0.0489094,0.0004126,"41,496.0"
DrugEx_RNN_epsilon_0.6_4,sim,csk,"84,938.0","891,566.0",34/42,0.8095238,0.0952683,0.0055649,0.0004005,"4,934.0"
DrugEx_RNN_epsilon_0.6_mean,sim,csk,"102,034.6","898,509.8",-,0.8594673,0.1134054,0.0482231,0.0003702,"40,238.4"
