name,type_cluster,scaffold,USo,SSo,TUPOR_,TUPOR,SESY,ASER,ACR,CwASo
DrugEx_RNN_epsilon_0.6_3,sim,csk,82431,889922,34/42,0.8095238095238095,0.09262721901470017,0.04890939221570296,0.00041263638239256284,41496
