name,type_cluster,scaffold,USo,SSo,TUPOR_,TUPOR,SESY,ASER,ACR,CwASo
DrugEx_RNN_epsilon_0.6_0,sim,csk,125602,911118,43/46,0.9347826086956522,0.13785481134167035,0.1268821194018775,0.00034246848095317736,102588
