name,type_cluster,scaffold,SSo,TUPOR_,TUPOR,SESY,ASER
DrugEx_RNN_epsilon_0.6_2,sim,csk,904265,36/42,0.8571428571428571,0.12760861030781906,0.025771206449436836
