name,type_cluster,scaffold,USo,SSo,TUPOR_,TUPOR,SESY,ASER,ACR,CwASo
DrugEx_RNN_epsilon_0.6_2,sim,csk,115392,904265,36/42,0.8571428571428571,0.12760861030781906,0.026452930379437908,0.0003120773951940081,23304
