name,type_cluster,scaffold,SSo,TUPOR_,TUPOR,SESY,ASER
DrugEx_RNN_epsilon_0.6_4,sim,csk,891566,34/42,0.8095238095238095,0.09526832562031302,0.005534082726348919
