name,type_cluster,scaffold,SSo,TUPOR_,TUPOR,SESY,ASER
DrugEx_RNN_epsilon_0.6_3,sim,csk,889922,34/42,0.8095238095238095,0.09262721901470017,0.04890939221570296
