name,type_cluster,scaffold,USo,SSo,TUPOR_,TUPOR,SESY,ASER,ACR,CwASo
DrugEx_RNN_epsilon_0.6_4,sim,csk,84938,891566,34/42,0.8095238095238095,0.09526832562031302,0.005564879228360808,0.00040045227551116557,4934
