name,type_cluster,scaffold,USo,SSo,TUPOR_,TUPOR,SESY,ASER,ACR,CwASo
DrugEx_RNN_epsilon_0.6_1,sim,csk,101810,895678,39/44,0.8863636363636364,0.11366808160968563,0.033306107004088564,0.00038321329258826187,28870
