name,type_cluster,scaffold,SSo,TUPOR_,TUPOR,SESY,ASER
DrugEx_RNN_epsilon_0.6_1,sim,csk,895678,39/44,0.8863636363636364,0.11366808160968563,0.03223256572116318
