name,type_cluster,scaffold,USo,SSo,TUPOR_,TUPOR,TUPOR_unique,TUPOR_set,SESY,ASER,CwASo
Molpher_0,sim,murcko,226199.0,855964.0,37/115,0.3217391,0.0142237,0.0037588,0.2642623,0.0073029,6251.0
Molpher_1,sim,murcko,210341.0,818235.0,30/100,0.3,0.0142626,0.0036664,0.2570667,0.0103931,8504.0
Molpher_2,sim,murcko,210002.0,804690.0,16/58,0.2758621,0.0131362,0.0034282,0.2609725,0.0019647,1581.0
Molpher_3,sim,murcko,204392.0,801639.0,17/51,0.3333333,0.0163085,0.0041581,0.2549676,0.0026895,2156.0
Molpher_4,sim,murcko,227231.0,901751.0,15/40,0.375,0.016503,0.0041586,0.2519886,0.0012099,1091.0
Molpher_mean,sim,murcko,215633.0,836455.8,-,0.3211869,0.0148868,0.003834,0.2578516,0.004712,3916.6
