name,type_cluster,scaffold,uniq_scaffolds,set_size,TUPOR_,TUPOR,SESY,ASER,tRS
Molpher_0,sim,murcko,291949.0,1107575.0,48/132,0.3636364,0.263593,0.0052457,5810.0
Molpher_1,sim,murcko,269063.0,1037830.0,30/116,0.2586207,0.2592554,0.0083482,8664.0
Molpher_2,sim,murcko,260028.0,989126.0,14/62,0.2258065,0.2628866,0.0005025,497.0
Molpher_3,sim,murcko,249748.0,981771.0,18/53,0.3396226,0.2543852,0.0024222,2378.0
Molpher_4,sim,murcko,281697.0,1123493.0,13/45,0.2888889,0.2507332,0.0003222,362.0
Molpher_mean,sim,murcko,270497.0,1047959.0,-,0.295315,0.2581707,0.0033681,3542.2
