name,type_cluster,scaffold,uniq_scaffolds,set_size,TUPOR_,TUPOR,SESY,ASER,tRS
Molpher_2,sim,murcko,260028,989126,14/62,0.22580645161290322,0.2628866292059859,0.000502463791266229,497
