name,type_cluster,scaffold,uniq_scaffolds,set_size,TUPOR_,TUPOR,TUPOR_unique,TUPOR_set,SESY,ASER,tRS
Molpher_3,sim,murcko,204392,801639,17/51,0.3333333333333333,0.00010274374730909234,2.619633026836269e-05,0.2549676350576756,0.002689489907551903,2156
