name,type_cluster,scaffold,uniq_scaffolds,set_size,TUPOR_,TUPOR,SESY,ASER,tRS
Molpher_0,sim,murcko,291949,1107575,48/132,0.36363636363636365,0.2635929846737241,0.005245694422499605,5810
