name,type_cluster,scaffold,USo,SSo,TUPOR_,TUPOR,SESY,ASER,ACR,CwASo
Molpher_2,sim,murcko,210002,804690,16/58,0.27586206896551724,0.260972548434801,0.0019685995300762413,7.619555589420247e-05,1581
