name,type_cluster,scaffold,USo,SSo,TUPOR_,TUPOR,SESY,ASER,ASR,CwASo
Molpher_4,sim,murcko,227231,901751,15/40,0.375,0.25198863100789465,0.001211333910687718,6.601647771283713e-05,1091
