name,type_cluster,scaffold,uniq_scaffolds,set_size,TUPOR_,TUPOR,SESY,ASER,tRS
Molpher_1,sim,murcko,269063,1037830,30/116,0.25862068965517243,0.25925536937648747,0.008348188046211808,8664
