name,type_cluster,scaffold,uniq_scaffolds,set_size,TUPOR_,TUPOR,TUPOR_unique,TUPOR_set,SESY,ASER,tRS
Molpher_1,sim,murcko,210341,818235,30/100,0.3,0.0003365962888832895,8.652770903224624e-05,0.2570667351066625,0.010393102226133079,8504
