name,type_cluster,scaffold,USo,SSo,TUPOR_,TUPOR,TUPOR_unique,TUPOR_1,TUPOR_2,SESY,ASER,CwASo
Molpher_1,sim,murcko,210341,818235,30/100,0.3,0.014262554613698708,8.652770903224624e-05,0.18200324845551705,0.2570667351066625,0.010393102226133079,8504
