name,type_cluster,scaffold,USo,SSo,TUPOR_,TUPOR,TUPOR_unique,TUPOR_set,SESY,ASER,CwASo
Molpher_0,sim,murcko,226199,855964,37/115,0.3217391304347826,0.014223720283236558,0.0037587927814111645,0.26426228205859126,0.007302877223808478,6251
