name,type_cluster,scaffold,USo,SSo,TUPOR_,TUPOR,TUPOR_unique,TUPOR_1,TUPOR_2,SESY,ASER,CwASo
Molpher_4,sim,murcko,227231,901751,15/40,0.375,0.016503029956299976,1.746601888991529e-05,0.09922052345935851,0.25198863100789465,0.0012098683561204812,1091
