name,type_cluster,scaffold,uniq_scaffolds,set_size,TUPOR_,TUPOR,TUPOR_unique,TUPOR_set,SESY,ASER,tRS
Molpher_2,sim,murcko,210002,804690,16/58,0.27586206896551724,0.00017733821254247497,4.628040526208208e-05,0.260972548434801,0.0019647317600566677,1581
