name,type_cluster,scaffold,uniq_scaffolds,set_size,TUPOR_,TUPOR,SESY,ASER,tRS
Molpher_3,sim,murcko,249748,981771,18/53,0.33962264150943394,0.2543851875844774,0.0024221534349659953,2378
