name,type_cluster,scaffold,uniq_scaffolds,set_size,TUPOR_,TUPOR,TUPOR_unique,TUPOR_set,SESY,ASER,tRS
Molpher_4,sim,murcko,227231,901751,15/40,0.375,6.931272581645992e-05,1.746601888991529e-05,0.25198863100789465,0.0012098683561204812,1091
