name,type_cluster,scaffold,uniq_scaffolds,set_size,TUPOR_,TUPOR,SESY,ASER,tRS
Molpher_4,sim,murcko,281697,1123493,13/45,0.28888888888888886,0.2507332043902365,0.0003222093951631207,362
