name,type_cluster,scaffold,USo,SSo,TUPOR_,TUPOR,TUPOR_unique,TUPOR_set,SESY,ASER,CwASo
Molpher_2,sim,murcko,210002,804690,16/58,0.27586206896551724,0.013136163892035183,0.0034281781675616356,0.260972548434801,0.0019647317600566677,1581
