name,type_cluster,scaffold,USo,SSo,TUPOR_,TUPOR,SESY,ASER,ASR,CwASo
Molpher_3,sim,murcko,204392,801639,17/51,0.3333333333333333,0.2549676350576756,0.002696742770015122,8.318042813455657e-05,2156
