name,type_cluster,scaffold,USo,SSo,TUPOR_,TUPOR,TUPOR_unique,TUPOR_1,TUPOR_2,SESY,ASER,CwASo
Molpher_0,sim,murcko,226199,855964,37/115,0.3217391304347826,0.014223720283236558,0.0001826773291765826,0.3593167754992505,0.26426228205859126,0.007302877223808478,6251
