name,type_cluster,scaffold,SSo,TUPOR_,TUPOR,SESY,ASER
DrugEx_GT_epsilon_0.6_62.5k_3,dis,murcko,62359,11/62,0.1774193548387097,0.7334947641880082,0.012331820587244824
