name,type_cluster,scaffold,USo,SSo,TUPOR_,TUPOR,SESY,ASER,CwASo
DrugEx_GT_epsilon_0.6_62.5k_3,dis,murcko,45740,62359,11/62,0.1774193548387097,0.7334947641880082,0.01248579314823835,769
