name,type_cluster,scaffold,USo,SSo,TUPOR_,TUPOR,SESY,ASER,CwASo
DrugEx_GT_epsilon_0.6_62.5k_2,dis,murcko,45860,62221,45/102,0.4411764705882353,0.737050192057344,0.0027558420628525384,171
