name,type_cluster,scaffold,USo,SSo,TUPOR_,TUPOR,SESY,ASER,CwASo
DrugEx_GT_epsilon_0.6_62.5k_0,dis,murcko,47874,62128,39/106,0.36792452830188677,0.7705704352304918,0.011823719097097814,726
