name,type_cluster,scaffold,SSo,TUPOR_,TUPOR,SESY,ASER
DrugEx_GT_epsilon_0.6_62.5k_0,dis,murcko,62128,39/106,0.36792452830188677,0.7705704352304918,0.011685552407932011
