name,type_cluster,scaffold,USo,SSo,TUPOR_,TUPOR,SESY,ASER,CwASo
DrugEx_GT_epsilon_0.6_62.5k_4,dis,murcko,44662,62085,28/71,0.39436619718309857,0.7193686075541597,0.003069714839647791,190
