name,type_cluster,scaffold,USo,SSo,TUPOR_,TUPOR,SESY,ASER,ACR,CwASo
DrugEx_RNN_epsilon_0.6_100k_0,dis,murcko,"55,041.0","99,261.0",4/92,0.0434783,0.5545078,0.0006452,7.27e-05,64.0
DrugEx_RNN_epsilon_0.6_100k_1,dis,murcko,"49,582.0","98,948.0",12/34,0.3529412,0.5010915,0.0004449,0.0002421,44.0
DrugEx_RNN_epsilon_0.6_100k_2,dis,murcko,"56,170.0","99,107.0",0/64,0.0,0.5667612,0.0,0.0,0.0
DrugEx_RNN_epsilon_0.6_100k_3,dis,murcko,"58,951.0","99,270.0",20/76,0.2631579,0.5938451,0.0044521,0.0003394,440.0
DrugEx_RNN_epsilon_0.6_100k_4,dis,murcko,"62,163.0","98,991.0",23/98,0.2346939,0.6279662,0.0020143,0.0003701,199.0
DrugEx_RNN_epsilon_0.6_100k_mean,dis,murcko,"56,381.4","99,115.4",-,0.1788542,0.5688343,0.0015113,0.0002049,149.4
