name,type_cluster,scaffold,USo,SSo,TUPOR_,TUPOR,SESY,ASER,ASR,CwASo
DrugEx_RNN_epsilon_0.6_100k_1,dis,murcko,49582,98948,12/34,0.35294117647058826,0.5010914823947932,0.00044487583919760573,0.00024208190437764778,44
