name,type_cluster,scaffold,SSo,TUPOR_,TUPOR,SESY,ASER
DrugEx_GT_epsilon_0.6_500k_0,dis,murcko,"497,090.0",53/106,0.5,0.6662576,0.0114486
DrugEx_GT_epsilon_0.6_500k_1,dis,murcko,"498,590.0",12/96,0.125,0.5826892,0.0007401
DrugEx_GT_epsilon_0.6_500k_2,dis,murcko,"497,513.0",74/102,0.7254902,0.6305684,0.0024582
DrugEx_GT_epsilon_0.6_500k_3,dis,murcko,"498,924.0",17/62,0.2741935,0.6276246,0.0121942
DrugEx_GT_epsilon_0.6_500k_4,dis,murcko,"496,736.0",32/71,0.4507042,0.603399,0.0031586
DrugEx_GT_epsilon_0.6_500k_mean,dis,murcko,"497,770.6",-,0.4150776,0.6221078,0.006
