name,type_cluster,scaffold,USo,SSo,TUPOR_,TUPOR,SESY,ASER,ACR,CwASo
DrugEx_GT_epsilon_0.6_500k_0,dis,murcko,331190.0,497090.0,53/106,0.5,0.6662576,0.0115812,0.0001601,5691.0
DrugEx_GT_epsilon_0.6_500k_1,dis,murcko,290523.0,498590.0,12/96,0.125,0.5826892,0.0007406,4.13e-05,369.0
DrugEx_GT_epsilon_0.6_500k_2,dis,murcko,313716.0,497513.0,74/102,0.7254902,0.6305684,0.0024643,0.0002359,1223.0
DrugEx_GT_epsilon_0.6_500k_3,dis,murcko,313137.0,498924.0,17/62,0.2741935,0.6276246,0.0123448,5.43e-05,6084.0
DrugEx_GT_epsilon_0.6_500k_4,dis,murcko,299730.0,496736.0,32/71,0.4507042,0.603399,0.0031686,0.0001068,1569.0
DrugEx_GT_epsilon_0.6_500k_mean,dis,murcko,309659.2,497770.6,-,0.4150776,0.6221078,0.0060599,0.0001197,2987.2
