name,type_cluster,scaffold,USo,SSo,TUPOR_,TUPOR,SESY,ASER,ACR,CwASo
DrugEx_GT_epsilon_0.6_500k_1,dis,murcko,290523,498590,12/96,0.125,0.5826891834974628,0.0007406351799703344,4.130652539834981e-05,369
