name,type_cluster,scaffold,SSo,TUPOR_,TUPOR,SESY,ASER
DrugEx_GT_epsilon_0.6_500k_2,dis,murcko,497513,74/102,0.7254901960784313,0.6305684474576544,0.00246428499466038
