name,type_cluster,scaffold,USo,SSo,TUPOR_,TUPOR,SESY,ASER,ACR,CwASo
DrugEx_GT_epsilon_0.6_500k_3,dis,murcko,313137,498924,17/62,0.27419354838709675,0.627624648243019,0.012344777209642074,5.4292284108329075e-05,6084
