name,type_cluster,scaffold,USo,SSo,TUPOR_,TUPOR,SESY,ASER,ACR,CwASo
DrugEx_GT_epsilon_0.6_500k_4,dis,murcko,299730,496736,32/71,0.4507042253521127,0.6033989885975649,0.003168627957840486,0.00010677415264699798,1569
