name,type_cluster,scaffold,SSo,TUPOR_,TUPOR,SESY,ASER
DrugEx_GT_epsilon_0.6_500k_4,dis,murcko,496736,32/71,0.4507042253521127,0.6033989885975649,0.003168627957840486
