name,type_cluster,scaffold,USo,SSo,TUPOR_,TUPOR,SESY,ASER,ACR,CwASo
DrugEx_GT_epsilon_0.6_500k_2,dis,murcko,313716,497513,74/102,0.7254901960784313,0.6305684474576544,0.00246428499466038,0.00023593778894408275,1223
