name,type_cluster,scaffold,USo,SSo,TUPOR_,TUPOR,SESY,ASER,ACR,CwASo
DrugEx_GT_epsilon_0.6_500k_0,dis,murcko,331190,497090,53/106,0.5,0.6662576193445855,0.011581220149003152,0.00016005459975780418,5691
