name,type_cluster,scaffold,USo,SSo,TUPOR_,TUPOR,SESY,ASER,CwASo
addcarbon_250k_1,dis,csk,942,250000,1/23,0.043478260869565216,0.003768,0.0036895628329740126,919
