name,type_cluster,scaffold,USo,SSo,TUPOR_,TUPOR,SESY,ASER,CwASo
addcarbon_250k_4,dis,csk,931,250000,2/43,0.046511627906976744,0.003724,0.0034639575815715853,863
