name,type_cluster,scaffold,USo,SSo,TUPOR_,TUPOR,SESY,ASER,CwASo
addcarbon_250k_3,dis,csk,887,250000,1/37,0.02702702702702703,0.003548,0.00040416328196591424,101
