name,type_cluster,scaffold,SSo,TUPOR_,TUPOR,SESY,ASER
DrugEx_GT_epsilon_0.6_250k_1,sim,csk,249960,31/38,0.8157894736842105,0.3614458313330133,0.029136661865898545
