name,type_cluster,scaffold,SSo,TUPOR_,TUPOR,SESY,ASER
DrugEx_GT_epsilon_0.6_250k_2,sim,csk,249899,26/37,0.7027027027027027,0.36619194154438395,0.011160508845573612
