name,type_cluster,scaffold,USo,SSo,TUPOR_,TUPOR,SESY,ASER,CwASo
DrugEx_GT_epsilon_0.6_250k_0,sim,csk,106844,249960,35/38,0.9210526315789473,0.4274443911025764,0.01747901622528148,4294
