name,type_cluster,scaffold,SSo,TUPOR_,TUPOR,SESY,ASER
DrugEx_GT_epsilon_0.6_250k_0,sim,csk,249960,35/38,0.9210526315789473,0.4274443911025764,0.017178748599775966
