name,type_cluster,scaffold,USo,SSo,TUPOR_,TUPOR,SESY,ASER,CwASo
DrugEx_GT_epsilon_0.6_250k_1,sim,csk,90347,249960,31/38,0.8157894736842105,0.3614458313330133,0.030011084692822147,7283
