name,type_cluster,scaffold,SSo,TUPOR_,TUPOR,SESY,ASER
DrugEx_GT_epsilon_0.6_250k_3,sim,csk,249649,32/35,0.9142857142857143,0.3402617274653614,0.01953943336444368
