name,type_cluster,scaffold,USo,SSo,TUPOR_,TUPOR,SESY,ASER,CwASo
DrugEx_GT_epsilon_0.6_250k_2,sim,csk,91511,249899,26/37,0.7027027027027027,0.36619194154438395,0.011286471611832787,2789
