name,type_cluster,scaffold,USo,SSo,TUPOR_,TUPOR,SESY,ASER,CwASo
DrugEx_GT_epsilon_0.6_250k_4,sim,csk,89251,249891,26/35,0.7428571428571429,0.35715972163863446,0.008312115917701982,2060
