name,type_cluster,scaffold,USo,SSo,TUPOR_,TUPOR,SESY,ASER,CwASo
GB_GA_mut_r_0.01_62.5k_0,dis,csk,6705.0,54756.0,12/42,0.2857143,0.1224523,0.0285714,1521.0
GB_GA_mut_r_0.01_62.5k_1,dis,csk,6743.0,54271.0,11/41,0.2682927,0.1242468,0.0024197,131.0
GB_GA_mut_r_0.01_62.5k_2,dis,csk,7401.0,55438.0,6/45,0.1333333,0.1335005,0.0004331,24.0
GB_GA_mut_r_0.01_62.5k_3,dis,csk,18180.0,62500.0,12/47,0.2553191,0.29088,0.0089758,556.0
GB_GA_mut_r_0.01_62.5k_4,dis,csk,5978.0,52976.0,7/41,0.1707317,0.1128436,0.0330935,1697.0
GB_GA_mut_r_0.01_62.5k_mean,dis,csk,9001.4,55988.2,-,0.2226782,0.1567846,0.0146987,785.8
