name,type_cluster,scaffold,USo,SSo,TUPOR_,TUPOR,SESY,ASER,CwASo
GB_GA_mut_r_0.01_62.5k_1,dis,csk,6743,54271,11/41,0.2682926829268293,0.12424683532641742,0.0024196527521241225,131
