name,type_cluster,scaffold,USo,SSo,TUPOR_,TUPOR,SESY,ASER,CwASo
GB_GA_mut_r_0.01_62.5k_3,dis,csk,18180,62500,12/47,0.2553191489361702,0.29088,0.008975849154074648,556
