name,type_cluster,scaffold,SSo,TUPOR_,TUPOR,SESY,ASER
GB_GA_mut_r_0.01_62.5k_1,dis,csk,59648,20/41,0.4878048780487805,0.13393575643776823,0.010427843347639486
