name,type_cluster,scaffold,SSo,TUPOR_,TUPOR,SESY,ASER
GB_GA_mut_r_0.01_62.5k_4,dis,csk,52976,7/41,0.17073170731707318,0.11284355179704017,0.03203337360314105
