name,type_cluster,scaffold,USo,SSo,TUPOR_,TUPOR,SESY,ASER,CwASo
GB_GA_mut_r_0.01_62.5k_4,dis,csk,5978,52976,7/41,0.17073170731707318,0.11284355179704017,0.033093469061409156,1697
