name,type_cluster,scaffold,SSo,TUPOR_,TUPOR,SESY,ASER
GB_GA_mut_r_0.01_62.5k_2,dis,csk,59457,29/45,0.6444444444444445,0.11603343592848614,0.004675647947256
