name,type_cluster,scaffold,USo,SSo,TUPOR_,TUPOR,SESY,ASER,CwASo
GB_GA_mut_r_0.01_62.5k_0,dis,csk,6705,54756,12/42,0.2857142857142857,0.12245233399079553,0.02857142857142857,1521
