name,type_cluster,scaffold,SSo,TUPOR_,TUPOR,SESY,ASER
GB_GA_mut_r_0.01_62.5k_3,dis,csk,60569,26/47,0.5531914893617021,0.1389819874853473,0.15083623635853324
