name,type_cluster,scaffold,SSo,TUPOR_,TUPOR,SESY,ASER
GB_GA_mut_r_0.01_62.5k_0,dis,csk,60342,19/42,0.4523809523809524,0.1449570779887972,0.046468463093699244
