name,type_cluster,scaffold,SSo,TUPOR_,TUPOR,SESY,ASER
GB_GA_mut_r_0.01_62.5k_4,dis,csk,59418,19/41,0.4634146341463415,0.11590763741627116,0.017351644282877242
