name,type_cluster,scaffold,USo,SSo,TUPOR_,TUPOR,SESY,ASER,ASR,CwASo
DrugEx_RNN_epsilon_0.1_500k_0,sim,murcko,225843.0,499989.0,11/115,0.0956522,0.4516959,0.0083758,4.87e-05,4153.0
DrugEx_RNN_epsilon_0.1_500k_1,sim,murcko,214662.0,499982.0,12/100,0.12,0.4293395,0.0029649,5.59e-05,1478.0
DrugEx_RNN_epsilon_0.1_500k_2,sim,murcko,207937.0,499169.0,2/58,0.0344828,0.4165663,0.0001964,9.6e-06,98.0
DrugEx_RNN_epsilon_0.1_500k_3,sim,murcko,261345.0,499865.0,5/51,0.0980392,0.5228312,9e-05,1.91e-05,45.0
DrugEx_RNN_epsilon_0.1_500k_4,sim,murcko,221392.0,499989.0,2/40,0.05,0.4427937,4e-06,9e-06,2.0
DrugEx_RNN_epsilon_0.1_500k_mean,sim,murcko,226235.8,499798.8,-,0.0796348,0.4526453,0.0023262,2.85e-05,1155.2
