name,type_cluster,scaffold,SSo,TUPOR_,TUPOR,SESY,ASER
DrugEx_RNN_epsilon_0.1_500k_0,sim,murcko,499918,11/115,0.09565217391304348,0.45174208570205515,0.00830536207938102
