name,type_cluster,scaffold,USo,SSo,TUPOR_,TUPOR,SESY,ASER,ASR,CwASo
DrugEx_RNN_epsilon_0.1_500k_2,sim,murcko,207937,499169,2/58,0.034482758620689655,0.4165663332458546,0.0001963648458836518,9.618390362372857e-06,98
