name,type_cluster,scaffold,USo,SSo,TUPOR_,TUPOR,SESY,ASER,ASR,CwASo
DrugEx_RNN_epsilon_0.1_500k_3,sim,murcko,261345,499865,5/51,0.09803921568627451,0.5228311644143919,9.003241166820055e-05,1.9132164995790924e-05,45
