name,type_cluster,scaffold,SSo,TUPOR_,TUPOR,SESY,ASER
DrugEx_RNN_epsilon_0.1_500k_3,sim,murcko,499772,5/51,0.09803921568627451,0.5228724298280015,9.004105872277759e-05
