name,type_cluster,scaffold,USo,SSo,TUPOR_,TUPOR,SESY,ASER,ASR,CwASo
DrugEx_RNN_epsilon_0.1_500k_0,sim,murcko,225843,499989,11/115,0.09565217391304348,0.45169593731062085,0.008375753273259706,4.870877466435226e-05,4153
