name,type_cluster,scaffold,SSo,TUPOR_,TUPOR,SESY,ASER
DrugEx_RNN_epsilon_0.1_500k_2,sim,murcko,499083,2/58,0.034482758620689655,0.4165900261078819,0.00019636012446827482
