name,type_cluster,scaffold,USo,SSo,TUPOR_,TUPOR,SESY,ASER,ACR,CwASo
DrugEx_RNN_epsilon_0.1_500k_4,sim,murcko,221392,499989,2/40,0.05,0.44279374146231215,4.000104002704071e-06,9.033831699715435e-06,2
