name,type_cluster,scaffold,USo,SSo,TUPOR_,TUPOR,SESY,ASER,ACR,CwASo
DrugEx_RNN_epsilon_0.1_500k_1,sim,murcko,214662,499982,12/100,0.12,0.4293394562204239,0.0029648708937139922,5.590496156533892e-05,1478
