name,type_cluster,scaffold,USo,SSo,TUPOR_,TUPOR,SESY,ASER,ACR,CwASo
GB_GA_mut_r_0.01_500k_0,dis,murcko,"217,839.0","499,996.0",2/92,0.0217391,0.4356815,1.2e-05,9.2e-06,6.0
GB_GA_mut_r_0.01_500k_1,dis,murcko,"215,906.0","499,947.0",5/34,0.1470588,0.4318578,4.4e-05,2.32e-05,22.0
GB_GA_mut_r_0.01_500k_2,dis,murcko,"238,903.0","499,982.0",4/64,0.0625,0.4778232,0.0003321,1.67e-05,166.0
GB_GA_mut_r_0.01_500k_3,dis,murcko,"233,974.0","499,991.0",6/76,0.0789474,0.4679564,0.0008207,2.56e-05,410.0
GB_GA_mut_r_0.01_500k_4,dis,murcko,"235,587.0","499,977.0",10/98,0.1020408,0.4711957,0.0006044,4.24e-05,302.0
GB_GA_mut_r_0.01_500k_mean,dis,murcko,"228,441.8","499,978.6",-,0.0824572,0.4569029,0.0003626,2.34e-05,181.2
