name,type_cluster,scaffold,SSo,TUPOR_,TUPOR,SESY,ASER
GB_GA_mut_r_0.01_500k_0,dis,murcko,499996,2/92,0.021739130434782608,0.4356814854518836,1.2000096000768006e-05
