name,type_cluster,scaffold,USo,SSo,TUPOR_,TUPOR,SESY,ASER,ASR,CwASo
GB_GA_mut_r_0.01_500k_0,dis,murcko,217839,499996,2/92,0.021739130434782608,0.4356814854518836,1.2000240004800095e-05,9.181176751424231e-06,6
