name,type_cluster,scaffold,SSo,TUPOR_,TUPOR,SESY,ASER
GB_GA_mut_r_0.01_500k_3,dis,murcko,485464,22/76,0.2894736842105263,0.28431562381556613,0.021970733154260666
