name,type_cluster,scaffold,SSo,TUPOR_,TUPOR,SESY,ASER
GB_GA_mut_r_0.01_500k_0,dis,murcko,486596,14/92,0.15217391304347827,0.26586326233672286,0.003010711144357948
