name,type_cluster,scaffold,SSo,TUPOR_,TUPOR,SESY,ASER
GB_GA_mut_r_0.01_500k_1,dis,murcko,484589,12/34,0.35294117647058826,0.2703012243364996,0.00027445938723330495
