name,type_cluster,scaffold,SSo,TUPOR_,TUPOR,SESY,ASER
GB_GA_mut_r_0.01_500k_2,dis,murcko,487086,9/64,0.140625,0.30646744106790175,0.0010983686659029413
