name,type_cluster,scaffold,USo,SSo,TUPOR_,TUPOR,SESY,ASER,ACR,CwASo
GB_GA_mut_r_0.01_500k_3,dis,murcko,233974,499991,6/76,0.07894736842105263,0.46795642321561787,0.0008206877363230387,2.5644532585652738e-05,410
