name,type_cluster,scaffold,SSo,TUPOR_,TUPOR,SESY,ASER
GB_GA_mut_r_0.01_500k_4,dis,murcko,480842,25/98,0.25510204081632654,0.26205489537103666,0.005209611473207415
