name,type_cluster,scaffold,USo,SSo,TUPOR_,TUPOR,SESY,ASER,ACR,CwASo
GB_GA_mut_r_0.01_500k_4,dis,murcko,235587,499977,10/98,0.10204081632653061,0.47119567500105003,0.0006043928553559814,4.2448965730949966e-05,302
