name,type_cluster,scaffold,SSo,TUPOR_,TUPOR,SESY,ASER
GB_GA_mut_r_0.01_500k_1,dis,murcko,499947,5/34,0.14705882352941177,0.431857776924354,4.400466449443641e-05
