name,type_cluster,scaffold,SSo,TUPOR_,TUPOR,SESY,ASER
Molpher_500k_2,sim,csk,500062,23/37,0.6216216216216216,0.13719498782151013,0.013344345301182654
