name,type_cluster,scaffold,USo,SSo,TUPOR_,TUPOR,SESY,ASER,ACR,CwASo
Molpher_500k_3,sim,csk,68262,500005,26/35,0.7428571428571429,0.13652263477365226,0.012670405408416017,0.0003810305410633683,6256
