name,type_cluster,scaffold,USo,SSo,TUPOR_,TUPOR,SESY,ASER,ASR,CwASo
Molpher_500k_0,sim,csk,71512,501638,29/38,0.7631578947368421,0.14255698332263506,0.014861660718765426,0.0004056908635619658,7346
