name,type_cluster,scaffold,USo,SSo,TUPOR_,TUPOR,SESY,ASER,ASR,CwASo
Molpher_500k_1,sim,csk,68598,500042,27/38,0.7105263157894737,0.13718447650397367,0.022223312502172042,0.00039375246095288093,10871
