name,type_cluster,scaffold,SSo,TUPOR_,TUPOR,SESY,ASER
Molpher_500k_0,sim,csk,501638,29/38,0.7631578947368421,0.14255698332263506,0.014644026170266208
