name,type_cluster,scaffold,SSo,TUPOR_,TUPOR,SESY,ASER
Molpher_500k_3,sim,csk,500005,26/35,0.7428571428571429,0.13652263477365226,0.012511874881251188
