name,type_cluster,scaffold,SSo,TUPOR_,TUPOR,SESY,ASER
Molpher_500k_4,sim,csk,499980,20/35,0.5714285714285714,0.1343153726149046,0.004156166246649866
