name,type_cluster,scaffold,SSo,TUPOR_,TUPOR,SESY,ASER
Molpher_500k_1,sim,csk,500042,27/38,0.7105263157894737,0.13718447650397367,0.021740173825398668
