name,type_cluster,scaffold,USo,SSo,TUPOR_,TUPOR,SESY,ASER,ASR,CwASo
Molpher_500k_4,sim,csk,67155,499980,20/35,0.5714285714285714,0.1343153726149046,0.004173512056589449,0.0002979072019066061,2078
