name,type_cluster,scaffold,USo,SSo,TUPOR_,TUPOR,SESY,ASER,CwASo
DrugEx_RNN_epsilon_0.6_125k_3,sim,murcko,71059,122571,17/57,0.2982456140350877,0.5797374582894812,0.0041288800412888,504
