name,type_cluster,scaffold,SSo,TUPOR_,TUPOR,SESY,ASER
DrugEx_RNN_epsilon_0.6_125k_3,sim,murcko,122571,17/57,0.2982456140350877,0.5797374582894812,0.004111902489169542
