name,type_cluster,scaffold,SSo,TUPOR_,TUPOR,SESY,ASER
DrugEx_RNN_epsilon_0.6_125k_1,sim,murcko,123414,40/93,0.43010752688172044,0.6085776330076005,0.004302591278137002
