name,type_cluster,scaffold,SSo,TUPOR_,TUPOR,SESY,ASER
DrugEx_RNN_epsilon_0.6_125k_2,sim,murcko,123923,25/65,0.38461538461538464,0.636903561082285,0.003002784252784253
