name,type_cluster,scaffold,SSo,TUPOR_,TUPOR,SESY,ASER
GB_GA_mut_r_0.01_500k_0,sim,murcko,"485,055.0",80/172,0.4651163,0.4025626,0.0612838
GB_GA_mut_r_0.01_500k_1,sim,murcko,"479,504.0",44/93,0.4731183,0.2594264,0.0070573
GB_GA_mut_r_0.01_500k_2,sim,murcko,"477,274.0",29/65,0.4461538,0.2602425,0.0115866
GB_GA_mut_r_0.01_500k_3,sim,murcko,"477,476.0",23/57,0.4035088,0.2647651,0.0154667
GB_GA_mut_r_0.01_500k_4,sim,murcko,"478,518.0",10/50,0.2,0.2684664,0.0004932
GB_GA_mut_r_0.01_500k_mean,sim,murcko,"479,565.4",-,0.3975794,0.2910926,0.0191775
