name,type_cluster,scaffold,USo,SSo,TUPOR_,TUPOR,SESY,ASER,ACR,CwASo
GB_GA_mut_r_0.01_500k_0,sim,murcko,272750.0,500000.0,11/172,0.0639535,0.5455,0.0034841,4.03e-05,1736.0
GB_GA_mut_r_0.01_500k_1,sim,murcko,92690.0,436612.0,9/93,0.0967742,0.2122938,0.0053837,9.71e-05,2338.0
GB_GA_mut_r_0.01_500k_2,sim,murcko,95077.0,446303.0,4/65,0.0615385,0.2130324,0.007713,4.21e-05,3416.0
GB_GA_mut_r_0.01_500k_3,sim,murcko,110484.0,450158.0,3/57,0.0526316,0.2454338,0.0008582,2.72e-05,386.0
GB_GA_mut_r_0.01_500k_4,sim,murcko,105386.0,449426.0,0/50,0.0,0.2344902,0.0,0.0,0.0
GB_GA_mut_r_0.01_500k_mean,sim,murcko,135277.4,456499.8,-,0.0549795,0.29015,0.0034878,4.13e-05,1575.2
