name,type_cluster,scaffold,USo,SSo,TUPOR_,TUPOR,SESY,ASER,ACR,CwASo
GB_GA_mut_r_0.01_500k_0,sim,murcko,272750,500000,11/172,0.06395348837209303,0.5455,0.0034840967840341665,4.033159907457313e-05,1736
