name,type_cluster,scaffold,SSo,TUPOR_,TUPOR,SESY,ASER
GB_GA_mut_r_0.01_500k_0,sim,murcko,485055,80/172,0.46511627906976744,0.4025625959942687,0.06128377194338786
