name,type_cluster,scaffold,SSo,TUPOR_,TUPOR,SESY,ASER
GB_GA_mut_r_0.01_500k_2,sim,murcko,477274,29/65,0.4461538461538462,0.26024254411512043,0.011586635768971282
