name,type_cluster,scaffold,SSo,TUPOR_,TUPOR,SESY,ASER
GB_GA_mut_r_0.01_500k_1,sim,murcko,479504,44/93,0.4731182795698925,0.25942640728753047,0.007057292535620141
