name,type_cluster,scaffold,SSo,TUPOR_,TUPOR,SESY,ASER
GB_GA_mut_r_0.01_500k_3,sim,murcko,477476,23/57,0.40350877192982454,0.26476514002798046,0.015466745972572443
