name,type_cluster,scaffold,USo,SSo,TUPOR_,TUPOR,SESY,ASER,ACR,CwASo
GB_GA_mut_r_0.01_500k_1,sim,murcko,92690,436612,9/93,0.0967741935483871,0.21229375280569476,0.005383697849744631,9.710728196717773e-05,2338
