name,type_cluster,scaffold,USo,SSo,TUPOR_,TUPOR,SESY,ASER,ACR,CwASo
GB_GA_mut_r_0.01_500k_3,sim,murcko,110484,450158,3/57,0.05263157894736842,0.2454338254568396,0.0008582126054978967,2.715399027887148e-05,386
