name,type_cluster,scaffold,SSo,TUPOR_,TUPOR,SESY,ASER
GB_GA_mut_r_0.01_500k_2,sim,murcko,446303,4/65,0.06153846153846154,0.21303240175396534,0.007713028379699562
