name,type_cluster,scaffold,USo,SSo,TUPOR_,TUPOR,SESY,ASER,CwASo
GB_GA_mut_r_0.01_62.5k_0,sim,csk,"26,409.0","62,500.0",19/46,0.4130435,0.422544,0.0200085,"1,226.0"
GB_GA_mut_r_0.01_62.5k_1,sim,csk,"6,315.0","54,526.0",13/44,0.2954545,0.1158163,0.0132496,713.0
GB_GA_mut_r_0.01_62.5k_2,sim,csk,"6,874.0","55,679.0",11/42,0.2619048,0.1234577,0.0263032,"1,427.0"
GB_GA_mut_r_0.01_62.5k_3,sim,csk,"7,975.0","56,225.0",8/42,0.1904762,0.1418408,0.0257603,"1,412.0"
GB_GA_mut_r_0.01_62.5k_4,sim,csk,"7,302.0","56,174.0",8/42,0.1904762,0.129989,0.0007661,43.0
GB_GA_mut_r_0.01_62.5k_mean,sim,csk,"10,975.0","57,020.8",-,0.270271,0.1867296,0.0172175,964.2
