name,type_cluster,scaffold,SSo,TUPOR_,TUPOR,SESY,ASER
GB_GA_mut_r_0.01_62.5k_3,sim,csk,59718,23/42,0.5476190476190477,0.12391573729863693,0.0596972437121136
