name,type_cluster,scaffold,SSo,TUPOR_,TUPOR,SESY,ASER
GB_GA_mut_r_0.01_62.5k_0,sim,csk,60646,40/46,0.8695652173913043,0.21425980278996143,0.13278699337136826
