name,type_cluster,scaffold,USo,SSo,TUPOR_,TUPOR,SESY,ASER,CwASo
GB_GA_mut_r_0.01_62.5k_4,sim,csk,7302,56174,8/42,0.19047619047619047,0.12998896286538256,0.0007660650977178386,43
