name,type_cluster,scaffold,USo,SSo,TUPOR_,TUPOR,SESY,ASER,CwASo
GB_GA_mut_r_0.01_62.5k_2,sim,csk,6874,55679,11/42,0.2619047619047619,0.12345767704161353,0.026303177763031777,1427
