name,type_cluster,scaffold,SSo,TUPOR_,TUPOR,SESY,ASER
GB_GA_mut_r_0.01_62.5k_3,sim,csk,56225,8/42,0.19047619047619047,0.14184081814139618,0.02511338372610049
