name,type_cluster,scaffold,SSo,TUPOR_,TUPOR,SESY,ASER
GB_GA_mut_r_0.01_62.5k_2,sim,csk,59672,30/42,0.7142857142857143,0.12057581445233946,0.03894623944228449
