name,type_cluster,scaffold,USo,SSo,TUPOR_,TUPOR,SESY,ASER,CwASo
GB_GA_mut_r_0.01_62.5k_1,sim,csk,6315,54526,13/44,0.29545454545454547,0.11581630781645454,0.0132495865311356,713
