name,type_cluster,scaffold,SSo,TUPOR_,TUPOR,SESY,ASER
GB_GA_log_p_mut_r_0.01_250k_1,sim,csk,218218,16/44,0.36363636363636365,0.07399939510031253,0.013005343280572639
