name,type_cluster,scaffold,SSo,TUPOR_,TUPOR,SESY,ASER
GB_GA_log_p_mut_r_0.01_250k_2,sim,csk,223006,17/42,0.40476190476190477,0.07808310090311471,0.02618763620709757
