name,type_cluster,scaffold,USo,SSo,TUPOR_,TUPOR,SESY,ASER,ACR,CwASo
addcarbon_500k_4,dis,csk,931,500000,2/43,0.046511627906976744,0.001862,0.0035002087280434154,0.002152852529601722,1744
