name,type_cluster,scaffold,USo,SSo,TUPOR_,TUPOR,SESY,ASER,ASR,CwASo
addcarbon_500k_1,dis,csk,942,500000,1/23,0.043478260869565216,0.001884,0.003647254121477449,0.0010626992561105207,1817
