name,type_cluster,scaffold,USo,SSo,TUPOR_,TUPOR,SESY,ASER,ASR,CwASo
addcarbon_500k_0,dis,csk,766,500000,2/40,0.05,0.001532,0.0018353623838872814,0.002617801047120419,916
