name,type_cluster,scaffold,USo,SSo,TUPOR_,TUPOR,SESY,ASER,ACR,CwASo
DrugEx_GT_epsilon_0.6_500k_0,sim,murcko,"368,548.0","498,276.0",124/172,0.7209302,0.7396463,0.0301493,0.0003366,"14,583.0"
DrugEx_GT_epsilon_0.6_500k_1,sim,murcko,"301,794.0","498,293.0",64/93,0.688172,0.6056557,0.0056692,0.0002121,"2,809.0"
DrugEx_GT_epsilon_0.6_500k_2,sim,murcko,"307,099.0","494,623.0",46/65,0.7076923,0.6208749,0.0041394,0.0001498,"2,039.0"
DrugEx_GT_epsilon_0.6_500k_3,sim,murcko,"329,571.0","498,958.0",30/57,0.5263158,0.6605185,0.0023303,9.1e-05,"1,160.0"
DrugEx_GT_epsilon_0.6_500k_4,sim,murcko,"300,840.0","498,736.0",20/50,0.4,0.6032049,0.0005156,6.65e-05,257.0
DrugEx_GT_epsilon_0.6_500k_mean,sim,murcko,"321,570.4","497,777.2",-,0.6086221,0.6459801,0.0085607,0.0001712,"4,169.6"
