name,type_cluster,scaffold,USo,SSo,TUPOR_,TUPOR,SESY,ASER,ACR,CwASo
DrugEx_GT_epsilon_0.6_500k_0,sim,murcko,368548.0,498276.0,124/172,0.7209302,0.7396463,0.0301493,0.0003366,14583.0
DrugEx_GT_epsilon_0.6_500k_1,sim,murcko,301794.0,498293.0,64/93,0.688172,0.6056557,0.0056692,0.0002121,2809.0
DrugEx_GT_epsilon_0.6_500k_2,sim,murcko,307099.0,494623.0,46/65,0.7076923,0.6208749,0.0041394,0.0001498,2039.0
DrugEx_GT_epsilon_0.6_500k_3,sim,murcko,329571.0,498958.0,30/57,0.5263158,0.6605185,0.0023303,9.1e-05,1160.0
DrugEx_GT_epsilon_0.6_500k_4,sim,murcko,300840.0,498736.0,20/50,0.4,0.6032049,0.0005156,6.65e-05,257.0
DrugEx_GT_epsilon_0.6_500k_mean,sim,murcko,321570.4,497777.2,-,0.6086221,0.6459801,0.0085607,0.0001712,4169.6
