name,type_cluster,scaffold,USo,SSo,TUPOR_,TUPOR,SESY,ASER,ACR,CwASo
DrugEx_GT_epsilon_0.6_500k_1,sim,murcko,301794,498293,64/93,0.6881720430107527,0.6056557085891233,0.005669204252811392,0.0002121101647167998,2809
