name,type_cluster,scaffold,USo,SSo,TUPOR_,TUPOR,SESY,ASER,ACR,CwASo
DrugEx_GT_epsilon_0.6_500k_3,sim,murcko,329571,498958,30/57,0.5263157894736842,0.660518520596924,0.0023302624759440576,9.103571331033164e-05,1160
