name,type_cluster,scaffold,USo,SSo,TUPOR_,TUPOR,SESY,ASER,ACR,CwASo
DrugEx_GT_epsilon_0.6_500k_2,sim,murcko,307099,494623,46/65,0.7076923076923077,0.6208748885514827,0.004139395514267617,0.00014981127036700504,2039
