name,type_cluster,scaffold,USo,SSo,TUPOR_,TUPOR,SESY,ASER,ACR,CwASo
DrugEx_GT_epsilon_0.6_500k_0,sim,murcko,368548,498276,124/172,0.7209302325581395,0.7396463004439306,0.030149288908460532,0.0003365687360215404,14583
