name,type_cluster,scaffold,SSo,TUPOR_,TUPOR,SESY,ASER
DrugEx_GT_epsilon_0.6_500k_3,sim,murcko,498958,30/57,0.5263157894736842,0.660518520596924,0.002324844976931926
