name,type_cluster,scaffold,SSo,TUPOR_,TUPOR,SESY,ASER
DrugEx_GT_epsilon_0.6_500k_2,sim,murcko,494623,46/65,0.7076923076923077,0.6208748885514827,0.0041223315535266255
