name,type_cluster,scaffold,SSo,TUPOR_,TUPOR,SESY,ASER
DrugEx_GT_epsilon_0.6_500k_1,sim,murcko,498293,64/93,0.6881720430107527,0.6056557085891233,0.005669204252811392
