name,type_cluster,scaffold,SSo,TUPOR_,TUPOR,SESY,ASER
DrugEx_GT_epsilon_0.6_500k_0,sim,murcko,498276,124/172,0.7209302325581395,0.7396463004439306,0.030149288908460532
