name,type_cluster,scaffold,SSo,TUPOR_,TUPOR,SESY,ASER
GB_GA_log_p_mut_r_0.01_125k_3,sim,csk,112560,8/42,0.19047619047619047,0.11455223880597015,0.025355366027007817
