name,type_cluster,scaffold,SSo,TUPOR_,TUPOR,SESY,ASER
GB_GA_log_p_mut_r_0.01_125k_4,sim,csk,112275,14/42,0.3333333333333333,0.10378980182587397,0.0008550434201736807
