name,type_cluster,scaffold,SSo,TUPOR_,TUPOR,SESY,ASER
GB_GA_mut_r_0.01_250k_3,dis,csk,242851,21/37,0.5675675675675675,0.0885522398507727,0.028544251413418105
