name,type_cluster,scaffold,SSo,TUPOR_,TUPOR,SESY,ASER
GB_GA_mut_r_0.01_250k_3,dis,csk,249995,16/37,0.43243243243243246,0.2486369727394548,0.002240044800896018
