name,type_cluster,scaffold,USo,SSo,TUPOR_,TUPOR,SESY,ASER,CwASo
GB_GA_mut_r_0.01_250k_1,dis,csk,57834,249969,13/23,0.5652173913043478,0.23136468922146347,0.0015225029949236545,380
