name,type_cluster,scaffold,SSo,TUPOR_,TUPOR,SESY,ASER
GB_GA_mut_r_0.01_250k_2,dis,csk,243652,18/40,0.45,0.10000738758557287,0.0022244841002741615
