name,type_cluster,scaffold,USo,SSo,TUPOR_,TUPOR,SESY,ASER,CwASo
GB_GA_mut_r_0.01_250k_3,dis,csk,62158,249995,16/37,0.43243243243243246,0.2486369727394548,0.0022450738669392827,560
