name,type_cluster,scaffold,SSo,TUPOR_,TUPOR,SESY,ASER
GB_GA_mut_r_0.01_250k_4,dis,csk,240480,33/43,0.7674418604651163,0.09125914836992681,0.03500083166999335
