name,type_cluster,scaffold,SSo,TUPOR_,TUPOR,SESY,ASER
GB_GA_mut_r_0.01_250k_1,dis,csk,249969,13/23,0.5652173913043478,0.23136468922146347,0.0015201885033744183
