name,type_cluster,scaffold,SSo,TUPOR_,TUPOR,SESY,ASER
GB_GA_mut_r_0.01_250k_1,dis,csk,242352,16/23,0.6956521739130435,0.08973724169802601,0.002030104971281442
