name,type_cluster,scaffold,USo,SSo,TUPOR_,TUPOR,SESY,ASER,CwASo
GB_GA_mut_r_0.01_250k_4,dis,csk,64886,249987,29/43,0.6744186046511628,0.2595574969898435,0.009298137949968508,2303
