name,type_cluster,scaffold,SSo,TUPOR_,TUPOR,SESY,ASER
GB_GA_log_p_mut_r_0.01_0,dis,csk,877616,14/42,0.3333333333333333,0.04615572186468797,0.027582678529106123
