name,type_cluster,scaffold,SSo,TUPOR_,TUPOR,SESY,ASER
GB_GA_log_p_mut_r_0.01_1,dis,csk,867659,16/41,0.3902439024390244,0.048957021133878634,0.0022451216434106027
