name,type_cluster,scaffold,USo,SSo,TUPOR_,TUPOR,SESY,ASER,CwASo
DrugEx_RNN_epsilon_0.6_62.5k_4,dis,csk,9688,60827,22/41,0.5365853658536586,0.15927137619806994,0.026789331532748144,1587
