name,type_cluster,scaffold,SSo,TUPOR_,TUPOR,SESY,ASER
DrugEx_RNN_epsilon_0.6_62.5k_2,dis,csk,61033,34/45,0.7555555555555555,0.1835892058394639,0.005046450280995527
