name,type_cluster,scaffold,SSo,TUPOR_,TUPOR,SESY,ASER
DrugEx_RNN_epsilon_0.6_62.5k_3,dis,csk,61998,28/47,0.5957446808510638,0.20936159230942933,0.09978181044116864
