name,type_cluster,scaffold,SSo,TUPOR_,TUPOR,SESY,ASER
DrugEx_RNN_epsilon_0.6_62.5k_0,dis,csk,61795,26/42,0.6190476190476191,0.22168460231410309,0.034015697062869166
