name,type_cluster,scaffold,USo,SSo,TUPOR_,TUPOR,SESY,ASER,CwASo
DrugEx_RNN_epsilon_0.6_62.5k_3,dis,csk,12980,61998,28/47,0.5957446808510638,0.20936159230942933,0.09978181044116864,5625
