name,type_cluster,scaffold,USo,SSo,TUPOR_,TUPOR,SESY,ASER,ACR,CwASo
DrugEx_RNN_epsilon_0.6_10k_0,dis,murcko,7732.0,9887.0,11/106,0.1037736,0.782037,0.0088776,0.0014247,87.0
DrugEx_RNN_epsilon_0.6_10k_1,dis,murcko,7509.0,9832.0,5/96,0.0520833,0.7637307,0.0006106,0.0006663,6.0
DrugEx_RNN_epsilon_0.6_10k_2,dis,murcko,7015.0,9807.0,6/102,0.0588235,0.7153054,0.0008164,0.000856,8.0
DrugEx_RNN_epsilon_0.6_10k_3,dis,murcko,7533.0,9930.0,5/62,0.0806452,0.7586103,0.0354536,0.0006642,340.0
DrugEx_RNN_epsilon_0.6_10k_4,dis,murcko,6929.0,9753.0,10/71,0.1408451,0.7104481,0.0065015,0.0014453,63.0
DrugEx_RNN_epsilon_0.6_10k_mean,dis,murcko,7343.6,9841.8,-,0.0872341,0.7460263,0.0104519,0.0010113,100.8
