name,type_cluster,scaffold,USo,SSo,TUPOR_,TUPOR,SESY,ASER,ACR,CwASo
DrugEx_RNN_epsilon_0.6_10k_3,dis,murcko,7533,9930,5/62,0.08064516129032258,0.7586102719033233,0.035453597497393116,0.0006641870350690755,340
