name,type_cluster,scaffold,SSo,TUPOR_,TUPOR,SESY,ASER
GB_GA_new_mut_r_0.01_2,dis,csk,950738,39/45,0.8666666666666667,0.04042964518090157,0.004819413971041443
