name,type_cluster,scaffold,SSo,TUPOR_,TUPOR,SESY,ASER
GB_GA_new_mut_r_0.01_3,dis,csk,968998,37/47,0.7872340425531915,0.04946965834810805,0.14885582839180267
