name,type_cluster,scaffold,USo,SSo,TUPOR_,TUPOR,SESY,ASER,ACR,CwASo
DrugEx_GT_epsilon_0.6_10k_0,dis,murcko,"8,463.0","9,941.0",18/106,0.1698113,0.8513228,0.0114978,0.0021314,113.0
DrugEx_GT_epsilon_0.6_10k_1,dis,murcko,"7,894.0","9,971.0",2/96,0.0208333,0.7916959,0.000301,0.0002534,3.0
DrugEx_GT_epsilon_0.6_10k_2,dis,murcko,"8,215.0","9,949.0",15/102,0.1470588,0.8257111,0.0022162,0.0018293,22.0
DrugEx_GT_epsilon_0.6_10k_3,dis,murcko,"8,183.0","9,975.0",5/62,0.0806452,0.8203509,0.0129989,0.0006114,128.0
DrugEx_GT_epsilon_0.6_10k_4,dis,murcko,"8,076.0","9,923.0",13/71,0.1830986,0.8138668,0.0025258,0.0016123,25.0
DrugEx_GT_epsilon_0.6_10k_mean,dis,murcko,"8,166.2","9,951.8",-,0.1202894,0.8205895,0.0059079,0.0012876,58.2
