name,type_cluster,scaffold,USo,SSo,TUPOR_,TUPOR,TUPOR_unique,TUPOR_1,TUPOR_2,SESY,ASER,CwASo
DrugEx_RNN_epsilon_0.1_0,dis,murcko,"276,027.0","817,227.0",3/92,0.0326087,0.0011814,7.2e-06,0.021549,0.3377605,2.45e-05,20.0
DrugEx_RNN_epsilon_0.1_1,dis,murcko,"289,662.0","800,680.0",2/34,0.0588235,0.0020308,4.6e-06,0.0394317,0.36177,0.0002298,184.0
DrugEx_RNN_epsilon_0.1_2,dis,murcko,"320,272.0","827,641.0",0/64,0.0,0.0,0.0,0.0,0.3869697,0.0,0.0
DrugEx_RNN_epsilon_0.1_3,dis,murcko,"314,015.0","768,942.0",3/76,0.0394737,0.0012571,1.18e-05,0.048572,0.4083728,0.0011028,848.0
DrugEx_RNN_epsilon_0.1_4,dis,murcko,"358,322.0","775,010.0",4/98,0.0408163,0.0011391,1.6e-05,0.0585393,0.462345,0.00176,"1,364.0"
DrugEx_RNN_epsilon_0.1_mean,dis,murcko,"311,659.6","797,900.0",-,0.0343444,0.0011217,7.9e-06,0.0336184,0.3914436,0.0006234,483.2
