name,type_cluster,scaffold,USo,SSo,TUPOR_,TUPOR,TUPOR_unique,TUPOR_1,TUPOR_2,SESY,ASER,CwASo,KL_OS_IS,KL_OS_RS
DrugEx_RNN_epsilon_0.1_0,dis,murcko,276027.0,817227.0,3/92,0.0326087,0.0011814,7.2e-06,0.021549,0.3377605,2.45e-05,20.0,0.0861642445481492,0.1108753271259117
DrugEx_RNN_epsilon_0.1_1,dis,murcko,289662.0,800680.0,2/34,0.0588235,0.0020308,4.6e-06,0.0394317,0.36177,0.0002298,184.0,0.0907155553047626,0.0983281727520901
DrugEx_RNN_epsilon_0.1_2,dis,murcko,320272.0,827641.0,0/64,0.0,0.0,0.0,0.0,0.3869697,0.0,0.0,0.0990399962554405,0.0256325670717067
DrugEx_RNN_epsilon_0.1_3,dis,murcko,314015.0,768942.0,3/76,0.0394737,0.0012571,1.18e-05,0.048572,0.4083728,0.0011028,848.0,0.0946118770030139,0.0691853609817772
DrugEx_RNN_epsilon_0.1_4,dis,murcko,358322.0,775010.0,4/98,0.0408163,0.0011391,1.6e-05,0.0585393,0.462345,0.00176,1364.0,0.0756188713488618,0.0736046409683431
DrugEx_RNN_epsilon_0.1_mean,dis,murcko,311659.6,797900.0,-,0.0343444,0.0011217,7.9e-06,0.0336184,0.3914436,0.0006234,483.2,0.08923010889204559,0.07552521377996575
