name,type_cluster,scaffold,SSo,TUPOR_,TUPOR,SESY,ASER
DrugEx_RNN_epsilon_0.1_4,dis,murcko,775010,4/98,0.04081632653061224,0.4623450019999742,0.001759977290615605
