name,type_cluster,scaffold,SSo,TUPOR_,TUPOR,SESY,ASER
DrugEx_RNN_epsilon_0.1_3,dis,murcko,768942,3/76,0.039473684210526314,0.4083728031503026,0.001102813996374239
