name,type_cluster,scaffold,USo,SSo,TUPOR_,TUPOR,SESY,ASER,ACR,CwASo
DrugEx_RNN_epsilon_0.1_0,dis,murcko,276039,817293,3/92,0.03260869565217391,0.3377479068094306,2.447162698388421e-05,1.0868147632917445e-05,20
