name,type_cluster,scaffold,USo,SSo,TUPOR_,TUPOR,TUPOR_unique,TUPOR_1,TUPOR_2,SESY,ASER,CwASo
DrugEx_RNN_epsilon_0.1_0,dis,murcko,276027,817227,3/92,0.03260869565217391,0.0011813589124315344,7.182294781488258e-06,0.021548992191846302,0.3377604998366427,2.4473004440626656e-05,20
