name,type_cluster,scaffold,SSo,TUPOR_,TUPOR,SESY,ASER
DrugEx_RNN_epsilon_0.1_1,dis,murcko,800680,2/34,0.058823529411764705,0.3617699955038218,0.00022980466603387121
