name,type_cluster,scaffold,USo,SSo,TUPOR_,TUPOR,TUPOR_unique,TUPOR_1,TUPOR_2,SESY,ASER,CwASo
DrugEx_RNN_epsilon_0.1_1,dis,murcko,289662,800680,2/34,0.058823529411764705,0.0020307644569106304,4.628418785209043e-06,0.039431677710624176,0.3617699955038218,0.00022980466603387121,184
