name,type_cluster,scaffold,USo,SSo,TUPOR_,TUPOR,SESY,ASER,ACR,CwASo
DrugEx_RNN_epsilon_0.1_3,dis,murcko,314032,769032,3/76,0.039473684210526314,0.4083471168950057,0.0011039021901002885,9.553257820137631e-06,848
