name,type_cluster,scaffold,USo,SSo,TUPOR_,TUPOR,SESY,ASER,ACR,CwASo
DrugEx_RNN_epsilon_0.1_1,dis,murcko,289707,800896,2/34,0.058823529411764705,0.3617286139523733,0.0002297954820210013,6.903574325607083e-06,184
