name,type_cluster,scaffold,USo,SSo,TUPOR_,TUPOR,TUPOR_unique,TUPOR_1,TUPOR_2,SESY,ASER,CwASo
DrugEx_RNN_epsilon_0.1_3,dis,murcko,314015,768942,3/76,0.039473684210526314,0.0012570636501608623,1.1755728890099028e-05,0.04857204220295323,0.4083728031503026,0.001102813996374239,848
