name,type_cluster,scaffold,USo,SSo,TUPOR_,TUPOR,SESY,ASER,ACR,CwASo
DrugEx_RNN_epsilon_0.1_4,dis,murcko,358366,775136,4/98,0.04081632653061224,0.46232661107212153,0.0017627931742166944,1.116189774585475e-05,1364
