name,type_cluster,scaffold,USo,SSo,TUPOR_,TUPOR,TUPOR_unique,TUPOR_1,TUPOR_2,SESY,ASER,CwASo
DrugEx_RNN_epsilon_0.1_4,dis,murcko,358322,775010,4/98,0.04081632653061224,0.001139096302504793,1.601032666069615e-05,0.0585393088746323,0.4623450019999742,0.001759977290615605,1364
