name,type_cluster,scaffold,USo,SSo,TUPOR_,TUPOR,SESY,ASER,ACR,CwASo
GB_GA_mut_r_0.5_100k_3,sim,murcko,50600,99998,7/51,0.13725490196078433,0.5060101202024041,0.0056721041092584025,0.00013835906153025123,564
