name,type_cluster,scaffold,USo,SSo,TUPOR_,TUPOR,SESY,ASER,ACR,CwASo
GB_GA_mut_r_0.5_100k_4,sim,murcko,49214,99999,3/40,0.075,0.4921449214492145,0.0012215024480110536,6.0961980045111866e-05,122
