name,type_cluster,scaffold,USo,SSo,TUPOR_,TUPOR,SESY,ASER,ACR,CwASo
GB_GA_mut_r_0.5_0,dis,csk,"111,546.0","999,956.0",13/40,0.325,0.1115509,0.0106293,0.0001166,"10,517.0"
GB_GA_mut_r_0.5_1,dis,csk,"110,682.0","999,964.0",11/23,0.4782609,0.110686,0.0017321,9.94e-05,"1,729.0"
GB_GA_mut_r_0.5_2,dis,csk,"130,925.0","999,967.0",12/40,0.3,0.1309293,0.0007726,9.17e-05,772.0
GB_GA_mut_r_0.5_3,dis,csk,"109,292.0","999,975.0",17/37,0.4594595,0.1092947,0.0025325,0.0001556,"2,526.0"
GB_GA_mut_r_0.5_4,dis,csk,"107,130.0","999,991.0",29/43,0.6744186,0.107131,0.0059057,0.0002708,"5,871.0"
GB_GA_mut_r_0.5_mean,dis,csk,"113,915.0","999,970.6",-,0.4474278,0.1139184,0.0043144,0.0001468,"4,283.0"
