name,type_cluster,scaffold,SSo,TUPOR_,TUPOR,SESY,ASER
GB_GA_mut_r_0.5_1,dis,csk,952761,18/23,0.782608695652174,0.04398689702874068,0.0015176943640640202
