name,type_cluster,scaffold,USo,SSo,TUPOR_,TUPOR,SESY,ASER,ACR,CwASo
GB_GA_mut_r_0.5_4,dis,csk,107130,999991,29/43,0.6744186046511628,0.10713096417867761,0.005905725666921499,0.0002707724484365225,5871
