name,type_cluster,scaffold,USo,SSo,TUPOR_,TUPOR,SESY,ASER,ACR,CwASo
GB_GA_mut_r_0.5_3,dis,csk,109292,999975,17/37,0.4594594594594595,0.10929473236830921,0.0025324603062412215,0.0001555708075955159,2526
