name,type_cluster,scaffold,SSo,TUPOR_,TUPOR,SESY,ASER
GB_GA_mut_r_0.5_4,dis,csk,999991,29/43,0.6744186046511628,0.10713096417867761,0.005871052839475555
