name,type_cluster,scaffold,USo,SSo,TUPOR_,TUPOR,SESY,ASER,ACR,CwASo
GB_GA_mut_r_0.5_2,dis,csk,130925,999967,12/40,0.3,0.13092932066758203,0.000772621960678346,9.166392947988358e-05,772
