name,type_cluster,scaffold,SSo,TUPOR_,TUPOR,SESY,ASER
GB_GA_mut_r_0.5_3,dis,csk,952978,26/37,0.7027027027027027,0.041987328143986535,0.03248343613388767
