name,type_cluster,scaffold,USo,SSo,TUPOR_,TUPOR,SESY,ASER,ACR,CwASo
GB_GA_mut_r_0.5_1,dis,csk,110682,999964,11/23,0.4782608695652174,0.11068598469544903,0.0017320570807475193,9.939369843951894e-05,1729
