name,type_cluster,scaffold,SSo,TUPOR_,TUPOR,SESY,ASER
GB_GA_mut_r_0.5_4,dis,csk,948296,36/43,0.8372093023255814,0.04488471953904688,0.02319528923458498
