name,type_cluster,scaffold,SSo,TUPOR_,TUPOR,SESY,ASER
DrugEx_GT_epsilon_0.6_250k_3,dis,csk,249803,21/37,0.5675675675675675,0.3896710607959072,0.008030327898383927
