name,type_cluster,scaffold,USo,SSo,TUPOR_,TUPOR,SESY,ASER,CwASo
DrugEx_GT_epsilon_0.6_250k_3,dis,csk,97341,249803,21/37,0.5675675675675675,0.3896710607959072,0.008095336101728431,2006
