name,type_cluster,scaffold,SSo,TUPOR_,TUPOR,SESY,ASER
DrugEx_GT_epsilon_0.6_250k_4,dis,csk,249944,35/43,0.813953488372093,0.404038504625036,0.018628172710687195
