name,type_cluster,scaffold,USo,SSo,TUPOR_,TUPOR,SESY,ASER,CwASo
DrugEx_GT_epsilon_0.6_250k_4,dis,csk,100987,249944,35/43,0.813953488372093,0.404038504625036,0.018981768370242326,4656
