name,type_cluster,scaffold,SSo,TUPOR_,TUPOR,SESY,ASER
DrugEx_GT_epsilon_0.6_250k_1,dis,csk,249673,16/23,0.6956521739130435,0.343285016801977,0.004433799409627793
