name,type_cluster,scaffold,USo,SSo,TUPOR_,TUPOR,SESY,ASER,CwASo
DrugEx_GT_epsilon_0.6_250k_1,dis,csk,85709,249673,16/23,0.6956521739130435,0.343285016801977,0.004453545537201387,1107
