name,type_cluster,scaffold,USo,SSo,TUPOR_,TUPOR,SESY,ASER,ASR,CwASo
DrugEx_RNN_epsilon_0.6_0,dis,csk,"75,791.0","886,338.0",18/40,0.45,0.0855103,0.0074015,0.0002376,"6,512.0"
DrugEx_RNN_epsilon_0.6_1,dis,csk,"68,725.0","884,332.0",17/23,0.7391304,0.077714,0.002428,0.0002474,"2,142.0"
DrugEx_RNN_epsilon_0.6_2,dis,csk,"80,797.0","899,324.0",11/40,0.275,0.0898419,0.0004428,0.0001362,398.0
DrugEx_RNN_epsilon_0.6_3,dis,csk,"90,765.0","881,222.0",27/37,0.7297297,0.102999,0.0167672,0.0002976,"14,532.0"
DrugEx_RNN_epsilon_0.6_4,dis,csk,"119,424.0","904,111.0",39/43,0.9069767,0.13209,0.0645567,0.0003267,"54,827.0"
DrugEx_RNN_epsilon_0.6_mean,dis,csk,"87,100.4","891,065.4",-,0.6201674,0.097631,0.0183192,0.0002491,"15,682.2"
