name,type_cluster,scaffold,USo,SSo,TUPOR_,TUPOR,TUPOR_unique,TUPOR_1,TUPOR_2,SESY,ASER,CwASo
DrugEx_RNN_epsilon_0.6_0,dis,csk,75791.0,886338.0,18/40,0.45,0.0593738,9.14e-05,0.1731583,0.0855103,0.0073471,6512.0
DrugEx_RNN_epsilon_0.6_1,dis,csk,68725.0,884332.0,17/23,0.7391304,0.107549,5.27e-05,0.1573378,0.077714,0.0024222,2142.0
DrugEx_RNN_epsilon_0.6_2,dis,csk,80797.0,899324.0,11/40,0.275,0.0340359,5.69e-05,0.1148854,0.0898419,0.0004426,398.0
DrugEx_RNN_epsilon_0.6_3,dis,csk,90765.0,881222.0,27/37,0.7297297,0.0803977,0.0001896,0.4651884,0.102999,0.0164907,14532.0
DrugEx_RNN_epsilon_0.6_4,dis,csk,119424.0,904111.0,39/43,0.9069767,0.0759459,0.000305,0.8469761,0.13209,0.0606419,54827.0
DrugEx_RNN_epsilon_0.6_mean,dis,csk,87100.4,891065.4,-,0.6201674,0.0714605,0.0001391,0.3515092,0.097631,0.0174689,15682.2
