name,type_cluster,scaffold,SSo,TUPOR_,TUPOR,SESY,ASER
DrugEx_RNN_epsilon_0.6_3,dis,csk,881222,27/37,0.7297297297297297,0.10299901727374033,0.016490736726954162
