name,type_cluster,scaffold,SSo,TUPOR_,TUPOR,SESY,ASER
DrugEx_RNN_epsilon_0.6_4,dis,csk,904111,39/43,0.9069767441860465,0.13208997567776523,0.06064189021038346
