name,type_cluster,scaffold,USo,SSo,TUPOR_,TUPOR,TUPOR_unique,TUPOR_1,TUPOR_2,SESY,ASER,CwASo
DrugEx_RNN_epsilon_0.6_1,dis,csk,68725,884332,17/23,0.7391304347826086,0.10754899014661458,5.265580957299334e-05,0.157337848387129,0.07771402595405345,0.0024221672403576936,2142
