name,type_cluster,scaffold,USo,SSo,TUPOR_,TUPOR,TUPOR_unique,TUPOR_1,TUPOR_2,SESY,ASER,CwASo
DrugEx_RNN_epsilon_0.6_3,dis,csk,90765,881222,27/37,0.7297297297297297,0.0803977006257621,0.00018963224716145096,0.46518840307051607,0.10299901727374033,0.016490736726954162,14532
