name,type_cluster,scaffold,USo,SSo,TUPOR_,TUPOR,TUPOR_unique,TUPOR_1,TUPOR_2,SESY,ASER,CwASo
DrugEx_RNN_epsilon_0.6_2,dis,csk,80797,899324,11/40,0.275,0.03403591717514264,5.687605356912525e-05,0.11488536250561535,0.08984192571309117,0.00044255462992203034,398
