name,type_cluster,scaffold,USo,SSo,TUPOR_,TUPOR,SESY,ASER,ASR,CwASo
DrugEx_RNN_epsilon_0.6_3,dis,csk,90765,881222,27/37,0.7297297297297297,0.10299901727374033,0.016767240881976255,0.00029756000793493357,14532
