name,type_cluster,scaffold,USo,SSo,TUPOR_,TUPOR,TUPOR_unique,TUPOR_1,TUPOR_2,SESY,ASER,CwASo
DrugEx_RNN_epsilon_0.6_0,dis,csk,75791,886338,18/40,0.45,0.05937380427755275,9.138725858532524e-05,0.17315829288600962,0.0855102680918566,0.007347084295156024,6512
