name,type_cluster,scaffold,USo,SSo,TUPOR_,TUPOR,SESY,ASER,ASR,CwASo
DrugEx_RNN_epsilon_0.6_0,dis,csk,75791,886338,18/40,0.45,0.0855102680918566,0.007401463471186348,0.0002375516344872184,6512
