name,type_cluster,scaffold,SSo,TUPOR_,TUPOR,SESY,ASER
DrugEx_RNN_epsilon_0.6_1,dis,csk,884332,17/23,0.7391304347826086,0.07771402595405345,0.0024221672403576936
