name,type_cluster,scaffold,USo,SSo,TUPOR_,TUPOR,SESY,ASER,ACR,CwASo
DrugEx_RNN_epsilon_0.6_4,dis,csk,119424,904111,39/43,0.9069767441860465,0.13208997567776523,0.06455673249466609,0.00032667420530217364,54827
