name,type_cluster,scaffold,USo,SSo,TUPOR_,TUPOR,SESY,ASER,ASR,CwASo
DrugEx_RNN_epsilon_0.6_2,dis,csk,80797,899324,11/40,0.275,0.08984192571309117,0.000442750571237232,0.00013616220632287773,398
