name,type_cluster,scaffold,USo,SSo,TUPOR_,TUPOR,TUPOR_unique,TUPOR_1,TUPOR_2,SESY,ASER,CwASo
DrugEx_RNN_epsilon_0.6_4,dis,csk,119424,904111,39/43,0.9069767441860465,0.0759459358408734,0.00030496358326860106,0.8469760690295212,0.13208997567776523,0.06064189021038346,54827
