name,type_cluster,scaffold,USo,SSo,TUPOR_,TUPOR,SESY,ASER,CwASo
DrugEx_GT_epsilon_0.6_250k_0,sim,murcko,187868.0,249982.0,63/115,0.5478261,0.7515261,0.0090376,2239.0
DrugEx_GT_epsilon_0.6_250k_1,sim,murcko,167935.0,249973.0,46/100,0.46,0.6718126,0.0107147,2650.0
DrugEx_GT_epsilon_0.6_250k_2,sim,murcko,169861.0,249921.0,19/58,0.3275862,0.6796588,0.0005885,147.0
DrugEx_GT_epsilon_0.6_250k_3,sim,murcko,161956.0,249671.0,27/51,0.5294118,0.6486777,0.0021917,546.0
DrugEx_GT_epsilon_0.6_250k_4,sim,murcko,163959.0,249895.0,15/40,0.375,0.6561116,0.0009453,236.0
DrugEx_GT_epsilon_0.6_250k_mean,sim,murcko,170315.8,249888.4,-,0.4479648,0.6815573,0.0046956,1163.6
