name,type_cluster,scaffold,USo,SSo,TUPOR_,TUPOR,SESY,ASER,CwASo
DrugEx_GT_epsilon_0.6_250k_0,sim,murcko,"187,868.0","249,982.0",63/115,0.5478261,0.7515261,0.0090376,"2,239.0"
DrugEx_GT_epsilon_0.6_250k_1,sim,murcko,"167,935.0","249,973.0",46/100,0.46,0.6718126,0.0107147,"2,650.0"
DrugEx_GT_epsilon_0.6_250k_2,sim,murcko,"169,861.0","249,921.0",19/58,0.3275862,0.6796588,0.0005885,147.0
DrugEx_GT_epsilon_0.6_250k_3,sim,murcko,"161,956.0","249,671.0",27/51,0.5294118,0.6486777,0.0021917,546.0
DrugEx_GT_epsilon_0.6_250k_4,sim,murcko,"163,959.0","249,895.0",15/40,0.375,0.6561116,0.0009453,236.0
DrugEx_GT_epsilon_0.6_250k_mean,sim,murcko,"170,315.8","249,888.4",-,0.4479648,0.6815573,0.0046956,"1,163.6"
