name,type_cluster,scaffold,USo,SSo,TUPOR_,TUPOR,SESY,ASER,CwASo
DrugEx_GT_epsilon_0.6_250k_2,sim,murcko,169861,249921,19/58,0.3275862068965517,0.6796587721720063,0.0005885320329577938,147
