name,type_cluster,scaffold,SSo,TUPOR_,TUPOR,SESY,ASER
DrugEx_GT_epsilon_0.6_250k_0,sim,murcko,249982,63/115,0.5478260869565217,0.7515261098799113,0.008956644878431248
