name,type_cluster,scaffold,USo,SSo,TUPOR_,TUPOR,SESY,ASER,CwASo
DrugEx_GT_epsilon_0.6_250k_0,sim,murcko,187868,249982,63/115,0.5478260869565217,0.7515261098799113,0.009037591374932895,2239
