name,type_cluster,scaffold,SSo,TUPOR_,TUPOR,SESY,ASER
DrugEx_GT_epsilon_0.6_250k_3,sim,murcko,249671,27/51,0.5294117647058824,0.6486776598002972,0.0021868779313576666
