name,type_cluster,scaffold,SSo,TUPOR_,TUPOR,SESY,ASER
DrugEx_RNN_epsilon_0.6_125k_0,sim,csk,"123,516.0",42/46,0.9130435,0.2218498,0.1124875
DrugEx_RNN_epsilon_0.6_125k_1,sim,csk,"123,097.0",35/44,0.7954545,0.1830589,0.0318123
DrugEx_RNN_epsilon_0.6_125k_2,sim,csk,"123,698.0",35/42,0.8333333,0.2037381,0.0254814
DrugEx_RNN_epsilon_0.6_125k_3,sim,csk,"122,374.0",29/42,0.6904762,0.1549757,0.0466602
DrugEx_RNN_epsilon_0.6_125k_4,sim,csk,"122,449.0",28/42,0.6666667,0.1576656,0.005439
DrugEx_RNN_epsilon_0.6_125k_mean,sim,csk,"123,026.8",-,0.7797948,0.1842576,0.0443761
