name,type_cluster,scaffold,USo,SSo,TUPOR_,TUPOR,SESY,ASER,CwASo
DrugEx_RNN_epsilon_0.6_125k_0,sim,csk,27402.0,123516.0,42/46,0.9130435,0.2218498,0.1267446,13894.0
DrugEx_RNN_epsilon_0.6_125k_1,sim,csk,22534.0,123097.0,35/44,0.7954545,0.1830589,0.0328576,3916.0
DrugEx_RNN_epsilon_0.6_125k_2,sim,csk,25202.0,123698.0,35/42,0.8333333,0.2037381,0.0261477,3152.0
DrugEx_RNN_epsilon_0.6_125k_3,sim,csk,18965.0,122374.0,29/42,0.6904762,0.1549757,0.048944,5710.0
DrugEx_RNN_epsilon_0.6_125k_4,sim,csk,19306.0,122449.0,28/42,0.6666667,0.1576656,0.0054687,666.0
DrugEx_RNN_epsilon_0.6_125k_mean,sim,csk,22681.8,123026.8,-,0.7797948,0.1842576,0.0480325,5467.6
