name,type_cluster,scaffold,SSo,TUPOR_,TUPOR,SESY,ASER
DrugEx_RNN_epsilon_0.6_125k_1,sim,csk,123097,35/44,0.7954545454545454,0.18305888851881036,0.03285758636024198
