name,type_cluster,scaffold,USo,SSo,TUPOR_,TUPOR,SESY,ASER,CwASo
DrugEx_RNN_epsilon_0.6_125k_1,sim,csk,22534,123097,35/44,0.7954545454545454,0.18305888851881036,0.03285758636024198,3916
