name,type_cluster,scaffold,SSo,TUPOR_,TUPOR,SESY,ASER
DrugEx_RNN_epsilon_0.6_125k_3,sim,csk,122374,29/42,0.6904761904761905,0.15497573013875496,0.04894397586230542
