name,type_cluster,scaffold,SSo,TUPOR_,TUPOR,SESY,ASER
DrugEx_RNN_epsilon_0.6_125k_0,sim,csk,123516,42/46,0.9130434782608695,0.22184980083551928,0.11248745101849153
