name,type_cluster,scaffold,SSo,TUPOR_,TUPOR,SESY,ASER
DrugEx_RNN_epsilon_0.6_125k_2,sim,csk,123698,35/42,0.8333333333333334,0.20373813642904492,0.02614769465598195
