name,type_cluster,scaffold,USo,SSo,TUPOR_,TUPOR,SESY,ASER,CwASo
DrugEx_RNN_epsilon_0.6_125k_0,sim,csk,27402,123516,42/46,0.9130434782608695,0.22184980083551928,0.12674463155206073,13894
