name,type_cluster,scaffold,USo,SSo,TUPOR_,TUPOR,SESY,ASER,ACR,CwASo
GB_GA_mut_r_0.5_2,sim,murcko,370706,999920,5/58,0.08620689655172414,0.3707356588527082,0.00329407798426107,1.348795929873402e-05,3283
