name,type_cluster,scaffold,SSo,TUPOR_,TUPOR,SESY,ASER
GB_GA_mut_r_0.5_2,sim,murcko,952897,23/58,0.39655172413793105,0.23184037729156456,0.0014093863240203295
