name,type_cluster,scaffold,USo,SSo,TUPOR_,TUPOR,SESY,ASER,ACR,CwASo
GB_GA_mut_r_0.5_0,sim,murcko,303704,999905,13/115,0.11304347826086956,0.303732854621189,0.002799078139510628,4.280666862040693e-05,2791
