name,type_cluster,scaffold,SSo,TUPOR_,TUPOR,SESY,ASER
GB_GA_mut_r_0.5_3,sim,murcko,951571,30/51,0.5882352941176471,0.23184397170573715,0.004085874832251088
