name,type_cluster,scaffold,USo,SSo,TUPOR_,TUPOR,SESY,ASER,ACR,CwASo
GB_GA_mut_r_0.5_3,sim,murcko,333358,999958,10/51,0.19607843137254902,0.3333720016240682,0.0055407623123582125,2.9998680058077444e-05,5510
