name,type_cluster,scaffold,SSo,TUPOR_,TUPOR,SESY,ASER
GB_GA_mut_r_0.5_0,sim,murcko,999905,13/115,0.11304347826086956,0.303732854621189,0.0027912651701911683
