name,type_cluster,scaffold,USo,SSo,TUPOR_,TUPOR,SESY,ASER,ACR,CwASo
GB_GA_mut_r_0.5_1,sim,murcko,323697,999981,15/100,0.15,0.32370315035985686,0.003017132861170764,4.634177989508221e-05,3008
