name,type_cluster,scaffold,SSo,TUPOR_,TUPOR,SESY,ASER
GB_GA_mut_r_0.5_0,sim,murcko,956531,59/115,0.5130434782608696,0.2649710255077985,0.022019150450952454
