name,type_cluster,scaffold,USo,SSo,TUPOR_,TUPOR,SESY,ASER,ACR,CwASo
DrugEx_RNN_epsilon_0.1_100k_0,dis,csk,14729.0,99956.0,6/40,0.15,0.1473548,0.0020752,0.0004075,207.0
DrugEx_RNN_epsilon_0.1_100k_1,dis,csk,17133.0,99949.0,6/23,0.2608696,0.1714174,0.0026886,0.0003503,268.0
DrugEx_RNN_epsilon_0.1_100k_2,dis,csk,17707.0,99968.0,2/40,0.05,0.1771267,2e-05,0.000113,2.0
DrugEx_RNN_epsilon_0.1_100k_3,dis,csk,14547.0,99943.0,6/37,0.1621622,0.145553,0.001483,0.0004126,148.0
DrugEx_RNN_epsilon_0.1_100k_4,dis,csk,24094.0,99918.0,26/43,0.6046512,0.2411377,0.0193114,0.0010803,1893.0
DrugEx_RNN_epsilon_0.1_100k_mean,dis,csk,17642.0,99946.8,-,0.2455366,0.1765179,0.0051156,0.0004727,503.6
