name,type_cluster,scaffold,USo,SSo,TUPOR_,TUPOR,SESY,ASER,ASR,CwASo
DrugEx_RNN_epsilon_0.1_100k_4,dis,csk,24094,99918,26/43,0.6046511627906976,0.24113773294101162,0.019311400153022188,0.0010802725610769488,1893
