name,type_cluster,scaffold,USo,SSo,TUPOR_,TUPOR,SESY,ASER,ACR,CwASo
DrugEx_RNN_epsilon_0.1_100k_1,dis,csk,17133,99949,6/23,0.2608695652173913,0.1714174228856717,0.0026885765592239244,0.0003503240497460151,268
