name,type_cluster,scaffold,USo,SSo,TUPOR_,TUPOR,SESY,ASER,ACR,CwASo
DrugEx_GT_epsilon_0.6_0,dis,csk,252886.0,907696.0,29/40,0.725,0.2786021,0.0075961,0.0001147,6843.0
DrugEx_GT_epsilon_0.6_1,dis,csk,251493.0,912123.0,17/23,0.7391304,0.2757227,0.0042963,6.76e-05,3902.0
DrugEx_GT_epsilon_0.6_2,dis,csk,244568.0,891157.0,17/40,0.425,0.2744387,0.0008974,6.95e-05,799.0
DrugEx_GT_epsilon_0.6_3,dis,csk,291620.0,914068.0,24/37,0.6486486,0.3190353,0.0079994,8.23e-05,7254.0
DrugEx_GT_epsilon_0.6_4,dis,csk,297673.0,912328.0,37/43,0.8604651,0.3262785,0.01914,0.0001243,17134.0
DrugEx_GT_epsilon_0.6_mean,dis,csk,267648.0,907474.4,-,0.6796488,0.2948155,0.0079859,9.17e-05,7186.4
