name,type_cluster,scaffold,USo,SSo,TUPOR_,TUPOR,TUPOR_unique,TUPOR_1,TUPOR_2,SESY,ASER,CwASo,metric_1,metric_2
DrugEx_GT_epsilon_0.6_0,dis,csk,"252,886.0","907,696.0",29/40,0.725,0.028669,0.0001438,0.9089393,0.2786021,0.0075389,"6,843.0",0.0001147,0.0075961
DrugEx_GT_epsilon_0.6_1,dis,csk,"251,493.0","912,123.0",17/23,0.7391304,0.0293897,5.11e-05,0.5582212,0.2757227,0.0042779,"3,902.0",6.76e-05,0.0042963
DrugEx_GT_epsilon_0.6_2,dis,csk,"244,568.0","891,157.0",17/40,0.425,0.0173776,8.87e-05,0.5423596,0.2744387,0.0008966,799.0,6.95e-05,0.0008974
DrugEx_GT_epsilon_0.6_3,dis,csk,"291,620.0","914,068.0",24/37,0.6486486,0.0222429,0.0001625,1.2808022,0.3190353,0.007936,"7,254.0",8.23e-05,0.0079994
DrugEx_GT_epsilon_0.6_4,dis,csk,"297,673.0","912,328.0",37/43,0.8604651,0.0289064,0.0002867,1.9848461,0.3262785,0.0187805,"17,134.0",0.0001243,0.01914
DrugEx_GT_epsilon_0.6_mean,dis,csk,"267,648.0","907,474.4",-,0.6796488,0.0253171,0.0001466,1.0550337,0.2948155,0.007886,"7,186.4",9.17e-05,0.0079859
