name,type_cluster,scaffold,USo,SSo,TUPOR_,TUPOR,SESY,ASER,ASR,CwASo
DrugEx_GT_epsilon_0.6_0,dis,csk,252886,907696,29/40,0.725,0.2786020870423578,0.0075961338864387416,0.00011468933033295499,6843
