name,type_cluster,scaffold,SSo,TUPOR_,TUPOR,SESY,ASER
DrugEx_GT_epsilon_0.6_1,dis,csk,912123,17/23,0.7391304347826086,0.27572268213826423,0.004277931814020697
