name,type_cluster,scaffold,USo,SSo,TUPOR_,TUPOR,SESY,ASER,ASR,CwASo
DrugEx_GT_epsilon_0.6_1,dis,csk,251493,912123,17/23,0.7391304347826086,0.27572268213826423,0.004296311140129991,6.760088437862857e-05,3902
