name,type_cluster,scaffold,SSo,TUPOR_,TUPOR,SESY,ASER
DrugEx_GT_epsilon_0.6_4,dis,csk,912328,37/43,0.8604651162790697,0.326278487561491,0.018780526301944038
