name,type_cluster,scaffold,USo,SSo,TUPOR_,TUPOR,TUPOR_unique,TUPOR_1,TUPOR_2,SESY,ASER,CwASo
DrugEx_GT_epsilon_0.6_1,dis,csk,251493,912123,17/23,0.7391304347826086,0.02938970209042036,5.1051467171976095e-05,0.5582211579774687,0.27572268213826423,0.004277931814020697,3902
