name,type_cluster,scaffold,USo,SSo,TUPOR_,TUPOR,TUPOR_unique,TUPOR_1,TUPOR_2,SESY,ASER,CwASo
DrugEx_GT_epsilon_0.6_3,dis,csk,291620,914068,24/37,0.6486486486486487,0.02224294110995983,0.00016250491269855256,1.280802233544646,0.31903534529159755,0.007935952248629205,7254
