name,type_cluster,scaffold,USo,SSo,TUPOR_,TUPOR,TUPOR_unique,TUPOR_1,TUPOR_2,SESY,ASER,CwASo
DrugEx_GT_epsilon_0.6_4,dis,csk,297673,912328,37/43,0.8604651162790697,0.028906387757004156,0.000286718587337928,1.9848460941544896,0.326278487561491,0.018780526301944038,17134
