name,type_cluster,scaffold,USo,SSo,TUPOR_,TUPOR,SESY,ASER,ACR,CwASo
DrugEx_GT_epsilon_0.6_3,dis,csk,291620,914068,24/37,0.6486486486486487,0.31903534529159755,0.007999435385867443,8.230565577031235e-05,7254
