name,type_cluster,scaffold,USo,SSo,TUPOR_,TUPOR,TUPOR_unique,TUPOR_1,TUPOR_2,SESY,ASER,CwASo
DrugEx_GT_epsilon_0.6_2,dis,csk,244568,891157,17/40,0.425,0.017377580059533545,8.870490833826139e-05,0.5423595505617977,0.27443873526213675,0.0008965872455695237,799
