name,type_cluster,scaffold,USo,SSo,TUPOR_,TUPOR,SESY,ASER,ACR,CwASo
DrugEx_GT_epsilon_0.6_4,dis,csk,297673,912328,37/43,0.8604651162790697,0.326278487561491,0.01913998529927591,0.000124312919136126,17134
