name,type_cluster,scaffold,SSo,TUPOR_,TUPOR,SESY,ASER
DrugEx_GT_epsilon_0.6_3,dis,csk,914068,24/37,0.6486486486486487,0.31903534529159755,0.007935952248629205
