name,type_cluster,scaffold,USo,SSo,TUPOR_,TUPOR,TUPOR_unique,TUPOR_set,SESY,ASER,CwASo
DrugEx_GT_0,sim,csk,"325,437.0","893,423.0",37/38,0.9736842,0.0299193,0.0108984,0.3642586,0.0214501,"19,164.0"
DrugEx_GT_1,sim,csk,"71,872.0","199,924.0",33/38,0.8684211,0.1208288,0.0434376,0.3594966,0.0252196,"5,042.0"
DrugEx_GT_2,sim,csk,"247,481.0","898,322.0",33/37,0.8918919,0.0360388,0.0099284,0.2754925,0.0131779,"11,838.0"
DrugEx_GT_3,sim,csk,"258,294.0","906,729.0",32/35,0.9142857,0.0353971,0.0100833,0.2848635,0.0211144,"19,145.0"
DrugEx_GT_4,sim,csk,"256,363.0","899,269.0",30/35,0.8571429,0.0334347,0.0095316,0.2850793,0.0074016,"6,656.0"
DrugEx_GT_mean,sim,csk,"231,889.4","759,533.4",-,0.9010851,0.0511238,0.0167758,0.3138381,0.0176727,"12,369.0"
