name,type_cluster,scaffold,USo,SSo,TUPOR_,TUPOR,TUPOR_unique,TUPOR_set,SESY,ASER,CwASo
DrugEx_GT_1,sim,csk,71872,199924,33/38,0.868421052631579,0.12082884191779537,0.043437558903962455,0.3594966087113103,0.025219583441707848,5042
