name,type_cluster,scaffold,USo,SSo,TUPOR_,TUPOR,TUPOR_unique,TUPOR_set,SESY,ASER,CwASo
DrugEx_GT_2,sim,csk,247481,898322,33/37,0.8918918918918919,0.036038802651189056,0.009928420899097339,0.27549252940482366,0.013177902801000087,11838
