name,type_cluster,scaffold,USo,SSo,TUPOR_,TUPOR,TUPOR_unique,TUPOR_set,SESY,ASER,CwASo
DrugEx_GT_4,sim,csk,256363,899269,30/35,0.8571428571428571,0.033434733449946255,0.00953155126155641,0.28507932554107834,0.007401567272973938,6656
