name,type_cluster,scaffold,USo,SSo,TUPOR_,TUPOR,SESY,ASER,CwASo
GB_GA_mut_r_0.5_250k_0,sim,csk,"12,954.0","226,850.0",37/46,0.8043478,0.0571038,0.3769097,"62,097.0"
GB_GA_mut_r_0.5_250k_1,sim,csk,"7,415.0","211,725.0",29/44,0.6590909,0.0350218,0.0177912,"3,701.0"
GB_GA_mut_r_0.5_250k_2,sim,csk,"7,310.0","212,791.0",30/42,0.7142857,0.034353,0.0366244,"7,518.0"
GB_GA_mut_r_0.5_250k_3,sim,csk,"7,824.0","214,342.0",23/42,0.547619,0.0365024,0.0925782,"18,162.0"
GB_GA_mut_r_0.5_250k_4,sim,csk,"7,872.0","214,564.0",21/42,0.5,0.0366884,0.0033388,714.0
GB_GA_mut_r_0.5_250k_mean,sim,csk,"8,675.0","216,054.4",-,0.6450687,0.0399339,0.1054485,"18,438.4"
