name,type_cluster,scaffold,SSo,TUPOR_,TUPOR,SESY,ASER
GB_GA_mut_r_0.5_250k_4,sim,csk,231769,30/42,0.7142857142857143,0.05277668713244653,0.007438440861374904
