name,type_cluster,scaffold,SSo,TUPOR_,TUPOR,SESY,ASER
GB_GA_mut_r_0.5_250k_1,sim,csk,231959,36/44,0.8181818181818182,0.0506253260274445,0.024055975409447358
