name,type_cluster,scaffold,SSo,TUPOR_,TUPOR,SESY,ASER
GB_GA_mut_r_0.5_250k_0,sim,csk,249982,29/46,0.6304347826086957,0.2015145090446512,0.050111608035778576
