name,type_cluster,scaffold,SSo,TUPOR_,TUPOR,SESY,ASER
GB_GA_mut_r_0.5_250k_3,sim,csk,231926,30/42,0.7142857142857143,0.05268921983736192,0.0688409233979804
