name,type_cluster,scaffold,SSo,TUPOR_,TUPOR,SESY,ASER
GB_GA_mut_r_0.5_250k_2,sim,csk,231331,34/42,0.8095238095238095,0.05250485235441856,0.043249715775231165
