name,type_cluster,scaffold,SSo,TUPOR_,TUPOR,SESY,ASER
GB_GA_mut_r_0.5_250k_0,sim,csk,235089,43/46,0.9347826086956522,0.09060398402307211,0.17835798357217905
