name,type_cluster,scaffold,USo,SSo,TUPOR_,TUPOR,SESY,ASER,CwASo
GB_GA_mut_r_0.5_250k_1,sim,csk,7415,211725,29/44,0.6590909090909091,0.03502184437359783,0.01779121639810791,3701
