name,type_cluster,scaffold,USo,SSo,TUPOR_,TUPOR,SESY,ASER,CwASo
GB_GA_mut_r_0.5_250k_2,sim,csk,14278,195606,20/42,0.47619047619047616,0.07299367095078883,0.026646862157466842,5077
