name,type_cluster,scaffold,USo,SSo,TUPOR_,TUPOR,SESY,ASER,CwASo
GB_GA_mut_r_0.5_250k_0,sim,csk,12954,226850,37/46,0.8043478260869565,0.057103813092351775,0.3769096769102839,62097
