name,type_cluster,scaffold,USo,SSo,TUPOR_,TUPOR,SESY,ASER,CwASo
GB_GA_mut_r_0.5_250k_2,sim,csk,7310,212791,30/42,0.7142857142857143,0.03435295665700147,0.036624397753235935,7518
