name,type_cluster,scaffold,SSo,TUPOR_,TUPOR,SESY,ASER
GB_GA_mut_r_0.5_250k_4,sim,csk,197434,16/42,0.38095238095238093,0.0733105746730553,0.0008567155856335386
