name,type_cluster,scaffold,USo,SSo,TUPOR_,TUPOR,SESY,ASER,CwASo
GB_GA_mut_r_0.5_250k_1,sim,csk,12599,190507,20/44,0.45454545454545453,0.06613405281695686,0.012823307371275154,2412
