name,type_cluster,scaffold,USo,SSo,TUPOR_,TUPOR,SESY,ASER,CwASo
GB_GA_mut_r_0.5_250k_3,sim,csk,7824,214342,23/42,0.5476190476190477,0.036502412033105974,0.09257824446936487,18162
