name,type_cluster,scaffold,SSo,TUPOR_,TUPOR,SESY,ASER
GB_GA_mut_r_0.5_250k_1,sim,csk,190507,20/44,0.45454545454545453,0.06613405281695686,0.01266095209099928
