name,type_cluster,scaffold,USo,SSo,TUPOR_,TUPOR,SESY,ASER,CwASo
GB_GA_mut_r_0.5_250k_3,sim,csk,16253,203238,13/42,0.30952380952380953,0.07997028114821048,0.04756995809472756,9229
