name,type_cluster,scaffold,USo,SSo,TUPOR_,TUPOR,TUPOR_unique,TUPOR_1,TUPOR_2,SESY,ASER,CwASo
DrugEx_GT_epsilon_0.1_desired_0,dis,csk,"107,798.0","663,654.0",20/40,0.5,0.046383,0.0001356,0.3654698,0.162431,0.0055631,"3,692.0"
DrugEx_GT_epsilon_0.1_desired_1,dis,csk,"79,974.0","612,158.0",13/23,0.5652174,0.0706751,5.82e-05,0.2022616,0.1306427,0.0006273,384.0
DrugEx_GT_epsilon_0.1_desired_2,dis,csk,"97,212.0","691,712.0",9/40,0.225,0.0231453,6.05e-05,0.1470382,0.1405383,0.0001301,90.0
DrugEx_GT_epsilon_0.1_desired_3,dis,csk,"80,623.0","646,340.0",17/37,0.4594595,0.0569886,0.0001628,0.3547144,0.1247378,0.0056147,"3,629.0"
DrugEx_GT_epsilon_0.1_desired_4,dis,csk,"92,283.0","524,972.0",30/43,0.6976744,0.0756016,0.000404,0.8670487,0.1757865,0.0019639,"1,031.0"
DrugEx_GT_epsilon_0.1_desired_mean,dis,csk,"91,578.0","627,767.2",-,0.4894703,0.0545587,0.0001642,0.3873065,0.1468273,0.0027798,"1,765.2"
