name,type_cluster,scaffold,USo,SSo,TUPOR_,TUPOR,TUPOR_unique,TUPOR_1,TUPOR_2,SESY,ASER,CwASo
DrugEx_GT_epsilon_0.1_desired_0,dis,csk,107798.0,663654.0,20/40,0.5,0.046383,0.0001356,0.3654698,0.162431,0.0055631,3692.0
DrugEx_GT_epsilon_0.1_desired_1,dis,csk,79974.0,612158.0,13/23,0.5652174,0.0706751,5.82e-05,0.2022616,0.1306427,0.0006273,384.0
DrugEx_GT_epsilon_0.1_desired_2,dis,csk,97212.0,691712.0,9/40,0.225,0.0231453,6.05e-05,0.1470382,0.1405383,0.0001301,90.0
DrugEx_GT_epsilon_0.1_desired_3,dis,csk,80623.0,646340.0,17/37,0.4594595,0.0569886,0.0001628,0.3547144,0.1247378,0.0056147,3629.0
DrugEx_GT_epsilon_0.1_desired_4,dis,csk,92283.0,524972.0,30/43,0.6976744,0.0756016,0.000404,0.8670487,0.1757865,0.0019639,1031.0
DrugEx_GT_epsilon_0.1_desired_mean,dis,csk,91578.0,627767.2,-,0.4894703,0.0545587,0.0001642,0.3873065,0.1468273,0.0027798,1765.2
