name,type_cluster,scaffold,USo,SSo,TUPOR_,TUPOR,SESY,ASER,ACR,CwASo
DrugEx_GT_epsilon_0.1_0,sim,murcko,"659,083.0","922,458.0",89/172,0.5174419,0.7144856,0.0231299,0.0001351,"20,854.0"
DrugEx_GT_epsilon_0.1_1,sim,murcko,"470,104.0","865,969.0",55/93,0.5913978,0.5428647,0.002453,0.000117,"2,119.0"
DrugEx_GT_epsilon_0.1_2,sim,murcko,"434,373.0","871,031.0",28/65,0.4307692,0.4986883,0.0016951,6.45e-05,"1,474.0"
DrugEx_GT_epsilon_0.1_3,sim,murcko,"476,905.0","890,073.0",25/57,0.4385965,0.5358044,0.0007162,5.24e-05,637.0
DrugEx_GT_epsilon_0.1_4,sim,murcko,"518,033.0","890,944.0",8/50,0.16,0.5814428,0.000247,1.54e-05,220.0
DrugEx_GT_epsilon_0.1_mean,sim,murcko,"511,699.6","888,095.0",-,0.4276411,0.5746572,0.0056482,7.69e-05,"5,060.8"
