name,type_cluster,scaffold,USo,SSo,TUPOR_,TUPOR,SESY,ASER,ACR,CwASo
DrugEx_GT_epsilon_0.1_3,sim,murcko,476905,890073,25/57,0.43859649122807015,0.5358043666081321,0.000716184188631897,5.242408991779903e-05,637
