name,type_cluster,scaffold,SSo,TUPOR_,TUPOR,SESY,ASER
DrugEx_GT_epsilon_0.1_1,sim,murcko,865969,55/93,0.5913978494623656,0.5428646983898961,0.002452972159518435
