name,type_cluster,scaffold,SSo,TUPOR_,TUPOR,SESY,ASER
DrugEx_GT_epsilon_0.1_2,sim,murcko,871031,28/65,0.4307692307692308,0.49868833600641077,0.0016922474630638863
