name,type_cluster,scaffold,SSo,TUPOR_,TUPOR,SESY,ASER
DrugEx_GT_epsilon_0.1_0,sim,murcko,922458,89/172,0.5174418604651163,0.7144856459589488,0.023129888509811403
