name,type_cluster,scaffold,USo,SSo,TUPOR_,TUPOR,SESY,ASER,ACR,CwASo
DrugEx_GT_epsilon_0.1_0,sim,murcko,659083,922458,89/172,0.5174418604651163,0.7144856459589488,0.023129888509811403,0.00013505434040370627,20854
