name,type_cluster,scaffold,SSo,TUPOR_,TUPOR,SESY,ASER
DrugEx_GT_epsilon_0.1_3,sim,murcko,890073,25/57,0.43859649122807015,0.5358043666081321,0.000716184188631897
