name,type_cluster,scaffold,USo,SSo,TUPOR_,TUPOR,SESY,ASER,ACR,CwASo
DrugEx_GT_epsilon_0.1_1,sim,murcko,470104,865969,55/93,0.5913978494623656,0.5428646983898961,0.002452972159518435,0.00011700907777699772,2119
