name,type_cluster,scaffold,USo,SSo,TUPOR_,TUPOR,SESY,ASER,ACR,CwASo
DrugEx_GT_epsilon_0.1_2,sim,murcko,434373,871031,28/65,0.4307692307692308,0.49868833600641077,0.001695116018846378,6.446488390565104e-05,1474
