name,type_cluster,scaffold,USo,SSo,TUPOR_,TUPOR,SESY,ASER,ACR,CwASo
DrugEx_GT_epsilon_0.1_4,sim,murcko,518033,890944,8/50,0.16,0.5814428291789383,0.0002469900889613393,1.544327011244631e-05,220
