name,type_cluster,scaffold,SSo,TUPOR_,TUPOR,SESY,ASER
GB_GA_log_p_mut_r_0.5_125k_4,sim,csk,98808,13/42,0.30952380952380953,0.09210792648368553,0.0009007367824467654
