name,type_cluster,scaffold,USo,SSo,TUPOR_,TUPOR,SESY,ASER,CwASo
GB_GA_mut_r_0.5_500k_0,sim,murcko,239094.0,499962.0,22/172,0.127907,0.4782243,0.0175127,8605.0
GB_GA_mut_r_0.5_500k_1,sim,murcko,83499.0,380569.0,6/93,0.0645161,0.2194057,0.0041875,1587.0
GB_GA_mut_r_0.5_500k_2,sim,murcko,91935.0,391105.0,4/65,0.0615385,0.2350648,0.0035255,1374.0
GB_GA_mut_r_0.5_500k_3,sim,murcko,102369.0,406640.0,3/57,0.0526316,0.2517436,0.0004158,169.0
GB_GA_mut_r_0.5_500k_4,sim,murcko,95926.0,395229.0,0/50,0.0,0.2427099,0.0,0.0
GB_GA_mut_r_0.5_500k_mean,sim,murcko,122564.6,414701.0,-,0.0613186,0.2854297,0.0051283,2347.0
