name,type_cluster,scaffold,USo,SSo,TUPOR_,TUPOR,SESY,ASER,ACR,CwASo
GB_GA_mut_r_0.5_500k_0,sim,murcko,99650.0,453777.0,62/172,0.3604651,0.2196013,0.1720446,0.0006226,66610.0
GB_GA_mut_r_0.5_500k_1,sim,murcko,69128.0,423740.0,26/93,0.2795699,0.1631378,0.0036238,0.0003763,1530.0
GB_GA_mut_r_0.5_500k_2,sim,murcko,70494.0,425563.0,15/65,0.2307692,0.1656488,0.0106464,0.0002128,4483.0
GB_GA_mut_r_0.5_500k_3,sim,murcko,73495.0,428519.0,14/57,0.245614,0.1715093,0.0027448,0.0001905,1173.0
GB_GA_mut_r_0.5_500k_4,sim,murcko,73594.0,428988.0,5/50,0.1,0.1715526,3.03e-05,6.79e-05,13.0
GB_GA_mut_r_0.5_500k_mean,sim,murcko,77272.2,432117.4,-,0.2432837,0.1782899,0.037818,0.000294,14761.8
