name,type_cluster,scaffold,USo,SSo,TUPOR_,TUPOR,SESY,ASER,ACR,CwASo
GB_GA_mut_r_0.5_500k_2,sim,murcko,70494,425563,15/65,0.23076923076923078,0.1656487993552071,0.010646432981856179,0.0002128293534244243,4483
