name,type_cluster,scaffold,USo,SSo,TUPOR_,TUPOR,SESY,ASER,ACR,CwASo
GB_GA_mut_r_0.5_500k_3,sim,murcko,73495,428519,14/57,0.24561403508771928,0.1715093146394909,0.0027448484366298033,0.00019052544195098051,1173
