name,type_cluster,scaffold,USo,SSo,TUPOR_,TUPOR,SESY,ASER,ACR,CwASo
GB_GA_mut_r_0.5_500k_1,sim,murcko,69128,423740,26/93,0.27956989247311825,0.1631377731627885,0.003623789109684754,0.00037625539058203816,1530
