name,type_cluster,scaffold,USo,SSo,TUPOR_,TUPOR,SESY,ASER,ACR,CwASo
GB_GA_mut_r_0.5_500k_0,sim,murcko,99650,453777,62/172,0.36046511627906974,0.21960125788658305,0.17204462157156988,0.0006225649676667871,66610
