name,type_cluster,scaffold,USo,SSo,TUPOR_,TUPOR,SESY,ASER,CwASo
GB_GA_mut_r_0.5_500k_2,sim,murcko,91935,391105,4/65,0.06153846153846154,0.2350647524322113,0.003525508620048187,1374
