name,type_cluster,scaffold,USo,SSo,TUPOR_,TUPOR,SESY,ASER,ACR,CwASo
GB_GA_mut_r_0.5_500k_4,sim,murcko,73594,428988,5/50,0.1,0.17155258422147007,3.030479631680168e-05,6.794493742271263e-05,13
