name,type_cluster,scaffold,USo,SSo,TUPOR_,TUPOR,SESY,ASER,CwASo
GB_GA_mut_r_0.5_500k_0,sim,murcko,239094,499962,22/172,0.12790697674418605,0.4782243450502238,0.017512724963722914,8605
