name,type_cluster,scaffold,SSo,TUPOR_,TUPOR,SESY,ASER
GB_GA_mut_r_0.5_500k_0,sim,murcko,470223,96/172,0.5581395348837209,0.3451511304210981,0.08014282585071339
