name,type_cluster,scaffold,SSo,TUPOR_,TUPOR,SESY,ASER
GB_GA_mut_r_0.5_500k_2,sim,murcko,462315,38/65,0.5846153846153846,0.2384348333928166,0.011775521019218499
