name,type_cluster,scaffold,SSo,TUPOR_,TUPOR,SESY,ASER
GB_GA_mut_r_0.5_500k_3,sim,murcko,463736,28/57,0.49122807017543857,0.24295073058809322,0.010704366277364707
