name,type_cluster,scaffold,SSo,TUPOR_,TUPOR,SESY,ASER
GB_GA_mut_r_0.5_500k_1,sim,murcko,464148,48/93,0.5161290322580645,0.23548523315838912,0.007015003834983669
