name,type_cluster,scaffold,SSo,TUPOR_,TUPOR,SESY,ASER
GB_GA_mut_r_0.5_500k_1,sim,murcko,380569,6/93,0.06451612903225806,0.21940567939059671,0.004187533972589727
