name,type_cluster,scaffold,SSo,TUPOR_,TUPOR,SESY,ASER
GB_GA_mut_r_0.5_500k_3,sim,murcko,406640,3/57,0.05263157894736842,0.2517435569545544,0.0004157738190424409
