name,type_cluster,scaffold,SSo,TUPOR_,TUPOR,SESY,ASER
GB_GA_mut_r_0.01_0,dis,murcko,"965,034.0",45/106,0.4245283,0.2938622,0.0241318
GB_GA_mut_r_0.01_1,dis,murcko,"954,314.0",15/96,0.15625,0.240445,0.001467
GB_GA_mut_r_0.01_2,dis,murcko,"950,738.0",38/102,0.372549,0.2111276,0.0018438
GB_GA_mut_r_0.01_3,dis,murcko,"968,998.0",18/62,0.2903226,0.2529696,0.0587401
GB_GA_mut_r_0.01_4,dis,murcko,"950,214.0",29/71,0.4084507,0.2262101,0.0043453
GB_GA_mut_r_0.01_mean,dis,murcko,"957,859.6",-,0.3304201,0.2449229,0.0181056
