name,type_cluster,scaffold,SSo,TUPOR_,TUPOR,SESY,ASER
GB_GA_mut_r_0.01_3,dis,murcko,968998,18/62,0.2903225806451613,0.25296956237267776,0.05874005931900788
