name,type_cluster,scaffold,SSo,TUPOR_,TUPOR,SESY,ASER
GB_GA_mut_r_0.01_2,dis,murcko,887418,1/102,0.00980392156862745,0.2019307699415608,5.409243044051523e-05
