name,type_cluster,scaffold,USo,SSo,TUPOR_,TUPOR,SESY,ASER,ACR,CwASo
GB_GA_mut_r_0.01_1,dis,murcko,176983,867659,3/96,0.03125,0.20397759949473238,9.221062289428398e-05,1.695106791727879e-05,80
