name,type_cluster,scaffold,SSo,TUPOR_,TUPOR,SESY,ASER
GB_GA_mut_r_0.01_2,dis,murcko,950738,38/102,0.37254901960784315,0.21112756616439018,0.001843830792500142
