name,type_cluster,scaffold,USo,SSo,TUPOR_,TUPOR,SESY,ASER,ACR,CwASo
GB_GA_mut_r_0.01_4,dis,murcko,150343,848496,7/71,0.09859154929577464,0.177187635533933,0.023116389835106863,4.6562366964665814e-05,19171
