name,type_cluster,scaffold,SSo,TUPOR_,TUPOR,SESY,ASER
GB_GA_mut_r_0.01_3,dis,murcko,999999,4/62,0.06451612903225806,0.3626883626883627,0.000584000584000584
