name,type_cluster,scaffold,SSo,TUPOR_,TUPOR,SESY,ASER
GB_GA_mut_r_0.01_0,dis,murcko,965034,45/106,0.42452830188679247,0.293862185166533,0.024131792247734277
