name,type_cluster,scaffold,SSo,TUPOR_,TUPOR,SESY,ASER
GB_GA_mut_r_0.01_4,dis,murcko,848496,7/71,0.09859154929577464,0.177187635533933,0.023116389835106863
