name,type_cluster,scaffold,SSo,TUPOR_,TUPOR,SESY,ASER
GB_GA_mut_r_0.01_0,dis,murcko,877616,11/106,0.10377358490566038,0.20069369747133142,0.011417294124081602
