name,type_cluster,scaffold,USo,SSo,TUPOR_,TUPOR,SESY,ASER,ACR,CwASo
GB_GA_mut_r_0.01_0,dis,murcko,176132,877616,11/106,0.10377358490566038,0.20069369747133142,0.011549154214634462,6.245706077072014e-05,10020
