name,type_cluster,scaffold,SSo,TUPOR_,TUPOR,SESY,ASER
DrugEx_RNN_epsilon_0.1_500k_0,dis,csk,494978.0,30/42,0.7142857,0.1147708,0.051671
DrugEx_RNN_epsilon_0.1_500k_1,dis,csk,492972.0,23/41,0.5609756,0.0836437,0.00868
DrugEx_RNN_epsilon_0.1_500k_2,dis,csk,484446.0,27/45,0.6,0.0676216,0.0018764
DrugEx_RNN_epsilon_0.1_500k_3,dis,csk,497917.0,34/47,0.7234043,0.0863558,0.1333355
DrugEx_RNN_epsilon_0.1_500k_4,dis,csk,493734.0,28/41,0.6829268,0.0911503,0.0279705
DrugEx_RNN_epsilon_0.1_500k_mean,dis,csk,492809.4,-,0.6563185,0.0887084,0.0447067
