name,type_cluster,scaffold,USo,SSo,TUPOR_,TUPOR,SESY,ASER,ACR,CwASo
DrugEx_RNN_epsilon_0.1_500k_0,dis,csk,56809.0,494978.0,30/42,0.7142857,0.1147708,0.0544863,0.0005284,25576.0
DrugEx_RNN_epsilon_0.1_500k_1,dis,csk,41234.0,492972.0,23/41,0.5609756,0.0836437,0.008756,0.0005581,4279.0
DrugEx_RNN_epsilon_0.1_500k_2,dis,csk,32759.0,484446.0,27/45,0.6,0.0676216,0.0018799,0.0008249,909.0
DrugEx_RNN_epsilon_0.1_500k_3,dis,csk,42998.0,497917.0,34/47,0.7234043,0.0863558,0.153849,0.0007914,66390.0
DrugEx_RNN_epsilon_0.1_500k_4,dis,csk,45004.0,493734.0,28/41,0.6829268,0.0911503,0.0287754,0.0006226,13810.0
DrugEx_RNN_epsilon_0.1_500k_mean,dis,csk,43760.8,492809.4,-,0.6563185,0.0887084,0.0495493,0.0006651,22192.8
