name,type_cluster,scaffold,USo,SSo,TUPOR_,TUPOR,SESY,ASER,ACR,CwASo
DrugEx_RNN_epsilon_0.1_500k_1,dis,csk,41234,492972,23/41,0.5609756097560976,0.08364369578799608,0.008756008373355051,0.0005581034189900755,4279
