name,type_cluster,scaffold,SSo,TUPOR_,TUPOR,SESY,ASER
DrugEx_RNN_epsilon_0.1_500k_3,dis,csk,497917,34/47,0.723404255319149,0.08635575808819543,0.15384900597181636
