name,type_cluster,scaffold,USo,SSo,TUPOR_,TUPOR,SESY,ASER,ACR,CwASo
DrugEx_RNN_epsilon_0.1_500k_0,dis,csk,56809,494978,30/42,0.7142857142857143,0.1147707574882116,0.05448634645783358,0.0005283643600626992,25576
