name,type_cluster,scaffold,SSo,TUPOR_,TUPOR,SESY,ASER
DrugEx_RNN_epsilon_0.1_500k_4,dis,csk,493734,28/41,0.6829268292682927,0.09115029550324669,0.02797052663985061
