name,type_cluster,scaffold,USo,SSo,TUPOR_,TUPOR,SESY,ASER,ACR,CwASo
DrugEx_RNN_epsilon_0.1_500k_2,dis,csk,32759,484446,27/45,0.6,0.06762157185733807,0.0018798975052581291,0.0008248808505438104,909
