name,type_cluster,scaffold,USo,SSo,TUPOR_,TUPOR,SESY,ASER,ACR,CwASo
DrugEx_RNN_epsilon_0.1_500k_4,dis,csk,45004,493734,28/41,0.6829268292682927,0.09115029550324669,0.028775389436660803,0.0006225542511561721,13810
