name,type_cluster,scaffold,SSo,TUPOR_,TUPOR,SESY,ASER
DrugEx_RNN_epsilon_0.1_500k_1,dis,csk,492972,23/41,0.5609756097560976,0.08364369578799608,0.008680006166678838
