name,type_cluster,scaffold,SSo,TUPOR_,TUPOR,SESY,ASER
DrugEx_RNN_epsilon_0.1_500k_0,dis,csk,494978,30/42,0.7142857142857143,0.1147707574882116,0.051670983356836064
