name,type_cluster,scaffold,USo,SSo,TUPOR_,TUPOR,SESY,ASER,ACR,CwASo
DrugEx_RNN_epsilon_0.1_500k_3,dis,csk,42998,497917,34/47,0.723404255319149,0.08635575808819543,0.15384900597181636,0.0007913602085466903,66390
