name,type_cluster,scaffold,SSo,TUPOR_,TUPOR,SESY,ASER
GB_GA_log_p_mut_r_0.01_125k_3,dis,csk,124996,14/37,0.3783783783783784,0.30787385196326283,0.0021520688662037186
