name,type_cluster,scaffold,SSo,TUPOR_,TUPOR,SESY,ASER
GB_GA_log_p_mut_r_0.01_125k_4,dis,csk,124991,24/43,0.5581395348837209,0.32110311942459857,0.00908065380707411
