name,type_cluster,scaffold,USo,SSo,TUPOR_,TUPOR,SESY,ASER,CwASo
GB_GA_mut_r_0.01_125k_0,sim,murcko,"74,220.0","125,000.0",9/115,0.0782609,0.59376,0.0022049,275.0
GB_GA_mut_r_0.01_125k_1,sim,murcko,"73,808.0","124,996.0",14/100,0.14,0.5904829,0.0026712,333.0
GB_GA_mut_r_0.01_125k_2,sim,murcko,"76,474.0","124,999.0",3/58,0.0517241,0.6117969,0.0016267,203.0
GB_GA_mut_r_0.01_125k_3,sim,murcko,"71,588.0","124,998.0",8/51,0.1568627,0.5727132,0.0029366,366.0
GB_GA_mut_r_0.01_125k_4,sim,murcko,"71,370.0","124,992.0",4/40,0.1,0.5709965,0.0006244,78.0
GB_GA_mut_r_0.01_125k_mean,sim,murcko,"73,492.0","124,997.0",-,0.1053696,0.5879499,0.0020128,251.0
