name,type_cluster,scaffold,SSo,TUPOR_,TUPOR,SESY,ASER
GB_GA_mut_r_0.01_125k_3,sim,murcko,121103,21/51,0.4117647058823529,0.34430195783754325,0.0034846370444993106
