name,type_cluster,scaffold,USo,SSo,TUPOR_,TUPOR,SESY,ASER,CwASo
GB_GA_mut_r_0.01_125k_3,sim,murcko,71588,124998,8/51,0.1568627450980392,0.5727131634106146,0.0029366454843057963,366
