name,type_cluster,scaffold,SSo,TUPOR_,TUPOR,SESY,ASER
GB_GA_mut_r_0.01_125k_2,sim,murcko,121347,16/58,0.27586206896551724,0.35269104304185517,0.001829464263640634
