name,type_cluster,scaffold,USo,SSo,TUPOR_,TUPOR,SESY,ASER,CwASo
GB_GA_mut_r_0.01_125k_2,sim,murcko,76474,124999,3/58,0.05172413793103448,0.611796894375155,0.0016266547004711689,203
