name,type_cluster,scaffold,SSo,TUPOR_,TUPOR,SESY,ASER
GB_GA_log_p_mut_r_0.01_125k_2,sim,murcko,124999,3/58,0.05172413793103448,0.611796894375155,0.0016240129921039367
