name,type_cluster,scaffold,SSo,TUPOR_,TUPOR,SESY,ASER
GB_GA_log_p_mut_r_0.01_125k_3,sim,murcko,124998,8/51,0.1568627450980392,0.5727131634106146,0.00292804684874958
