name,type_cluster,scaffold,USo,SSo,TUPOR_,TUPOR,SESY,ASER,ACR,CwASo
DrugEx_GT_epsilon_0.1_100k_0,dis,murcko,"79,218.0","99,907.0",19/106,0.1792453,0.7929174,0.0081229,0.0002399,805.0
DrugEx_GT_epsilon_0.1_100k_1,dis,murcko,"71,980.0","99,676.0",4/96,0.0416667,0.7221397,0.0001104,5.56e-05,11.0
DrugEx_GT_epsilon_0.1_100k_2,dis,murcko,"66,354.0","99,934.0",25/102,0.245098,0.6639782,0.0006809,0.0003769,68.0
DrugEx_GT_epsilon_0.1_100k_3,dis,murcko,"66,497.0","99,928.0",6/62,0.0967742,0.6654491,0.0238315,9.02e-05,"2,326.0"
DrugEx_GT_epsilon_0.1_100k_4,dis,murcko,"76,720.0","99,931.0",18/71,0.2535211,0.7677297,0.0041702,0.0002347,415.0
DrugEx_GT_epsilon_0.1_100k_mean,dis,murcko,"72,153.8","99,875.2",-,0.1632611,0.7224428,0.0073832,0.0001995,725.0
