name,type_cluster,scaffold,SSo,TUPOR_,TUPOR,SESY,ASER
GB_GA_new_mut_r_0.01_2,sim,csk,954807,36/42,0.8571428571428571,0.04284949733296886,0.03814907096407965
