name,type_cluster,scaffold,USo,SSo,TUPOR_,TUPOR,SESY,ASER,CwASo
DrugEx_RNN_epsilon_0.1_250k_0,sim,murcko,132505,244247,25/172,0.14534883720930233,0.5425041044516412,0.08983860820211233,20134
