name,type_cluster,scaffold,SSo,TUPOR_,TUPOR,SESY,ASER
DrugEx_RNN_epsilon_0.1_250k_0,sim,murcko,244247,25/172,0.14534883720930233,0.5425041044516412,0.08243294697580728
