name,type_cluster,scaffold,USo,SSo,TUPOR_,TUPOR,SESY,ASER,CwASo
DrugEx_RNN_epsilon_0.1_250k_1,sim,murcko,128997,245712,7/93,0.07526881720430108,0.524992674350459,0.004225962285125757,1034
