name,type_cluster,scaffold,USo,SSo,TUPOR_,TUPOR,SESY,ASER,CwASo
DrugEx_RNN_epsilon_0.1_250k_3,sim,murcko,121170,246637,2/57,0.03508771929824561,0.49128881716855133,0.001827878807573105,450
