name,type_cluster,scaffold,SSo,TUPOR_,TUPOR,SESY,ASER
DrugEx_RNN_epsilon_0.1_250k_1,sim,murcko,245712,7/93,0.07526881720430108,0.524992674350459,0.0042081786807319135
