name,type_cluster,scaffold,USo,SSo,TUPOR_,TUPOR,SESY,ASER,CwASo
DrugEx_RNN_epsilon_0.1_250k_2,sim,murcko,125375,247232,9/65,0.13846153846153847,0.5071147747864354,0.0020752269779507134,512
