name,type_cluster,scaffold,SSo,TUPOR_,TUPOR,SESY,ASER
DrugEx_RNN_epsilon_0.1_250k_3,sim,murcko,246637,2/57,0.03508771929824561,0.49128881716855133,0.0018245437626957838
