name,type_cluster,scaffold,SSo,TUPOR_,TUPOR,SESY,ASER
Molpher_62.5k_1,dis,csk,71008,7/23,0.30434782608695654,0.17600833708877872,0.0009294727354664263
