name,type_cluster,scaffold,SSo,TUPOR_,TUPOR,SESY,ASER
Molpher_62.5k_3,dis,csk,62662,9/37,0.24324324324324326,0.19353036928281894,0.003973700169161533
