name,type_cluster,scaffold,USo,SSo,TUPOR_,TUPOR,SESY,ASER,CwASo
Molpher_62.5k_3,dis,csk,12127,62662,9/37,0.24324324324324326,0.19353036928281894,0.003989553458414112,249
