name,type_cluster,scaffold,USo,SSo,TUPOR_,TUPOR,SESY,ASER,ASR,CwASo,median_OS_IS
DrugEx_GT_epsilon_0.6_0,sim,csk,315586.0,903941.0,36/38,0.9473684,0.3491223,0.0175391,0.0001141,15581.0,0.5571428571428572
DrugEx_GT_epsilon_0.6_1,sim,csk,266852.0,914909.0,32/38,0.8421053,0.2916705,0.0302136,0.0001199,26832.0,0.5892857142857143
DrugEx_GT_epsilon_0.6_2,sim,csk,273723.0,927535.0,30/37,0.8108108,0.295108,0.0116695,0.0001096,10699.0,0.6046511627906976
DrugEx_GT_epsilon_0.6_3,sim,csk,243530.0,890164.0,32/35,0.9142857,0.2735788,0.0202464,0.0001314,17665.0,0.6326530612244898
DrugEx_GT_epsilon_0.6_4,sim,csk,263535.0,912064.0,29/35,0.8285714,0.2889435,0.0084641,0.0001101,7655.0,0.6111111111111112
DrugEx_GT_epsilon_0.6_mean,sim,csk,272645.2,909722.6,-,0.8686283,0.2996846,0.0176265,0.000117,15686.4,0.6046511627906976
