name,type_cluster,scaffold,USo,SSo,TUPOR_,TUPOR,SESY,ASER,ASR,CwASo
DrugEx_GT_epsilon_0.6_0,sim,csk,"315,586.0","903,941.0",36/38,0.9473684,0.3491223,0.0175391,0.0001141,"15,581.0"
DrugEx_GT_epsilon_0.6_1,sim,csk,"266,852.0","914,909.0",32/38,0.8421053,0.2916705,0.0302136,0.0001199,"26,832.0"
DrugEx_GT_epsilon_0.6_2,sim,csk,"273,723.0","927,535.0",30/37,0.8108108,0.295108,0.0116695,0.0001096,"10,699.0"
DrugEx_GT_epsilon_0.6_3,sim,csk,"243,530.0","890,164.0",32/35,0.9142857,0.2735788,0.0202464,0.0001314,"17,665.0"
DrugEx_GT_epsilon_0.6_4,sim,csk,"263,535.0","912,064.0",29/35,0.8285714,0.2889435,0.0084641,0.0001101,"7,655.0"
DrugEx_GT_epsilon_0.6_mean,sim,csk,"272,645.2","909,722.6",-,0.8686283,0.2996846,0.0176265,0.000117,"15,686.4"
