name,type_cluster,scaffold,USo,SSo,TUPOR_,TUPOR,TUPOR_unique,TUPOR_1,TUPOR_2,SESY,ASER,CwASo
DrugEx_GT_epsilon_0.6_0,sim,csk,"315,586.0","903,941.0",36/38,0.9473684,0.0300193,0.0005093,4.2300862,0.3491223,0.0172367,"15,581.0"
DrugEx_GT_epsilon_0.6_1,sim,csk,"266,852.0","914,909.0",32/38,0.8421053,0.031557,0.0002172,1.5254127,0.2916705,0.0293275,"26,832.0"
DrugEx_GT_epsilon_0.6_2,sim,csk,"273,723.0","927,535.0",30/37,0.8108108,0.0296216,0.000118,0.8730368,0.295108,0.0115349,"10,699.0"
DrugEx_GT_epsilon_0.6_3,sim,csk,"243,530.0","890,164.0",32/35,0.9142857,0.037543,6.47e-05,0.4502325,0.2735788,0.0198447,"17,665.0"
DrugEx_GT_epsilon_0.6_4,sim,csk,"263,535.0","912,064.0",29/35,0.8285714,0.0314407,3.82e-05,0.2872924,0.2889435,0.0083931,"7,655.0"
DrugEx_GT_epsilon_0.6_mean,sim,csk,"272,645.2","909,722.6",-,0.8686283,0.0320363,0.0001895,1.4732121,0.2996846,0.0172674,"15,686.4"
