name,type_cluster,scaffold,USo,SSo,TUPOR_,TUPOR,TUPOR_unique,TUPOR_1,TUPOR_2,SESY,ASER,CwASo
DrugEx_GT_epsilon_0.6_0,sim,csk,315586,903941,36/38,0.9473684210526315,0.030019342462993655,0.0005093485665896103,4.230086229888125,0.34912234316177715,0.01723674443354157,15581
