name,type_cluster,scaffold,SSo,TUPOR_,TUPOR,SESY,ASER
DrugEx_GT_epsilon_0.6_4,sim,csk,912064,29/35,0.8285714285714286,0.28894353904989123,0.008393051364816504
