name,type_cluster,scaffold,SSo,TUPOR_,TUPOR,SESY,ASER
DrugEx_GT_epsilon_0.6_1,sim,csk,914909,32/38,0.8421052631578947,0.29167053772560986,0.029327506888663243
