name,type_cluster,scaffold,USo,SSo,TUPOR_,TUPOR,TUPOR_unique,TUPOR_1,TUPOR_2,SESY,ASER,CwASo
DrugEx_GT_epsilon_0.6_4,sim,csk,263535,912064,29/35,0.8285714285714286,0.03144065982019195,3.8155217177741905e-05,0.2872924331124633,0.28894353904989123,0.008393051364816504,7655
