name,type_cluster,scaffold,USo,SSo,TUPOR_,TUPOR,SESY,ASER,ASR,CwASo
DrugEx_GT_epsilon_0.6_2,sim,csk,273723,927535,30/37,0.8108108108108109,0.29510800131531423,0.011669480692293933,0.00010961186438820137,10699
