name,type_cluster,scaffold,USo,SSo,TUPOR_,TUPOR,TUPOR_unique,TUPOR_1,TUPOR_2,SESY,ASER,CwASo
DrugEx_GT_epsilon_0.6_3,sim,csk,243530,890164,32/35,0.9142857142857143,0.03754304251162954,6.470717755379907e-05,0.4502325414193339,0.2735788012096647,0.019844657838330913,17665
