name,type_cluster,scaffold,USo,SSo,TUPOR_,TUPOR,SESY,ASER,ASR,CwASo
DrugEx_GT_epsilon_0.6_0,sim,csk,315586,903941,36/38,0.9473684210526315,0.34912234316177715,0.01753906074114098,0.00011408651560766916,15581
