name,type_cluster,scaffold,SSo,TUPOR_,TUPOR,SESY,ASER
DrugEx_GT_epsilon_0.6_3,sim,csk,890164,32/35,0.9142857142857143,0.2735788012096647,0.019844657838330913
