name,type_cluster,scaffold,USo,SSo,TUPOR_,TUPOR,SESY,ASER,ACR,CwASo
DrugEx_GT_epsilon_0.6_1,sim,csk,266852,914909,32/38,0.8421052631578947,0.29167053772560986,0.0302135963435603,0.00011993103965219998,26832
