name,type_cluster,scaffold,USo,SSo,TUPOR_,TUPOR,SESY,ASER,ACR,CwASo
DrugEx_GT_epsilon_0.6_4,sim,csk,263535,912064,29/35,0.8285714285714286,0.28894353904989123,0.00846409091461938,0.00011005442001320653,7655
