name,type_cluster,scaffold,USo,SSo,TUPOR_,TUPOR,TUPOR_unique,TUPOR_1,TUPOR_2,SESY,ASER,CwASo
DrugEx_GT_epsilon_0.6_2,sim,csk,273723,927535,30/37,0.8108108108108109,0.029621581336271005,0.00011801113646327034,0.87303681908475,0.29510800131531423,0.011534874694755453,10699
