name,type_cluster,scaffold,USo,SSo,TUPOR_,TUPOR,TUPOR_unique,TUPOR_1,TUPOR_2,SESY,ASER,CwASo
DrugEx_GT_epsilon_0.6_1,sim,csk,266852,914909,32/38,0.8421052631578947,0.03155701524282729,0.00021722033787542058,1.5254126737560982,0.29167053772560986,0.029327506888663243,26832
