name,type_cluster,scaffold,SSo,TUPOR_,TUPOR,SESY,ASER
DrugEx_GT_epsilon_0.6_0,sim,csk,903941,36/38,0.9473684210526315,0.34912234316177715,0.01723674443354157
