name,type_cluster,scaffold,SSo,TUPOR_,TUPOR,SESY,ASER
DrugEx_GT_epsilon_0.6_2,sim,csk,927535,30/37,0.8108108108108109,0.29510800131531423,0.011534874694755453
