name,type_cluster,scaffold,SSo,TUPOR_,TUPOR,SESY,ASER
DrugEx_RNN_epsilon_0.1_250k_0,dis,murcko,247684.0,20/106,0.1886792,0.549761,0.0212047
DrugEx_RNN_epsilon_0.1_250k_1,dis,murcko,246737.0,1/96,0.0104167,0.4703591,4.1e-06
DrugEx_RNN_epsilon_0.1_250k_2,dis,murcko,242541.0,4/102,0.0392157,0.442787,4.12e-05
DrugEx_RNN_epsilon_0.1_250k_3,dis,murcko,249215.0,8/62,0.1290323,0.5285717,0.046726
DrugEx_RNN_epsilon_0.1_250k_4,dis,murcko,247270.0,6/71,0.084507,0.4669066,0.0079529
DrugEx_RNN_epsilon_0.1_250k_mean,dis,murcko,246689.4,-,0.0903702,0.4916771,0.0151858
