name,type_cluster,scaffold,USo,SSo,TUPOR_,TUPOR,SESY,ASER,CwASo
DrugEx_RNN_epsilon_0.1_250k_0,dis,murcko,136167.0,247684.0,20/106,0.1886792,0.549761,0.0212047,5143.0
DrugEx_RNN_epsilon_0.1_250k_1,dis,murcko,116055.0,246737.0,1/96,0.0104167,0.4703591,4.1e-06,1.0
DrugEx_RNN_epsilon_0.1_250k_2,dis,murcko,107394.0,242541.0,4/102,0.0392157,0.442787,4.12e-05,10.0
DrugEx_RNN_epsilon_0.1_250k_3,dis,murcko,131728.0,249215.0,8/62,0.1290323,0.5285717,0.046726,11125.0
DrugEx_RNN_epsilon_0.1_250k_4,dis,murcko,115452.0,247270.0,6/71,0.084507,0.4669066,0.0079529,1951.0
DrugEx_RNN_epsilon_0.1_250k_mean,dis,murcko,121359.2,246689.4,-,0.0903702,0.4916771,0.0151858,3646.0
