name,type_cluster,scaffold,USo,SSo,TUPOR_,TUPOR,SESY,ASER,CwASo
DrugEx_RNN_epsilon_0.1_250k_0,dis,murcko,136167,247684,20/106,0.18867924528301888,0.5497609857721936,0.021204662304517587,5143
