name,type_cluster,scaffold,USo,SSo,TUPOR_,TUPOR,SESY,ASER,CwASo
DrugEx_RNN_epsilon_0.1_250k_2,dis,murcko,107394,242541,4/102,0.0392156862745098,0.4427869927146338,4.123184252734702e-05,10
