name,type_cluster,scaffold,USo,SSo,TUPOR_,TUPOR,SESY,ASER,CwASo
DrugEx_RNN_epsilon_0.1_250k_3,dis,murcko,131728,249215,8/62,0.12903225806451613,0.528571715185683,0.046726027972615394,11125
