name,type_cluster,scaffold,SSo,TUPOR_,TUPOR,SESY,ASER
DrugEx_RNN_epsilon_0.1_250k_0,dis,murcko,247684,20/106,0.18867924528301888,0.5497609857721936,0.021204662304517587
