name,type_cluster,scaffold,USo,SSo,TUPOR_,TUPOR,SESY,ASER,CwASo
DrugEx_RNN_epsilon_0.1_250k_4,dis,murcko,115452,247270,6/71,0.08450704225352113,0.4669066202936062,0.007952910292313273,1951
