name,type_cluster,scaffold,uniq_scaffolds,set_size,TUPOR_,TUPOR,TUPOR_unique,TUPOR_set,SESY,ASER,tRS
GB_GA_0,sim,murcko,"4,117.0","10,000.0",10/115,0.0869565,0.010265,0.0042261,0.4117,0.0089,89.0
GB_GA_1,sim,murcko,"4,345.0","10,000.0",9/100,0.09,0.0048884,0.002124,0.4345,0.0124,124.0
GB_GA_2,sim,murcko,"4,859.0","10,000.0",4/58,0.0689655,0.0019161,0.000931,0.4859,0.0079,79.0
GB_GA_3,sim,murcko,"4,248.0","10,000.0",5/51,0.0980392,0.001454,0.0006176,0.4248,0.0135,135.0
GB_GA_4,sim,murcko,"4,341.0","10,000.0",4/40,0.1,0.0009675,0.00042,0.4341,0.0013,13.0
GB_GA_mean,sim,murcko,"4,382.0","10,000.0",-,0.0887923,0.0038982,0.0016638,0.4382,0.0088,88.0
