name,type_cluster,scaffold,USo,SSo,TUPOR_,TUPOR,TUPOR_unique,TUPOR_set,SESY,ASER,CwASo
GB_GA_4,sim,murcko,4340,9998,4/40,0.1,0.2304147465437788,0.10002000400080016,0.4340868173634727,0.001300260052010402,13
