name,type_cluster,scaffold,USo,SSo,TUPOR_,TUPOR,TUPOR_unique,TUPOR_set,SESY,ASER,CwASo
GB_GA_2,sim,murcko,4859,10000,4/58,0.06896551724137931,0.14193356090014264,0.06896551724137931,0.4859,0.0079,79
