name,type_cluster,scaffold,SSo,TUPOR_,TUPOR,SESY,ASER
DrugEx_RNN_epsilon_0.1_125k_4,dis,csk,124897,26/43,0.6046511627906976,0.22680288557771605,0.018767464390657903
