name,type_cluster,scaffold,SSo,TUPOR_,TUPOR,SESY,ASER
DrugEx_RNN_epsilon_0.1_125k_1,dis,csk,124938,6/23,0.2608695652173913,0.15948710560437976,0.0027293537594646946
