name,type_cluster,scaffold,USo,SSo,TUPOR_,TUPOR,SESY,ASER,CwASo
DrugEx_RNN_epsilon_0.1_125k_3,dis,csk,16889,124933,9/37,0.24324324324324326,0.13518445886995428,0.0015472182138848805,193
