name,type_cluster,scaffold,USo,SSo,TUPOR_,TUPOR,SESY,ASER,CwASo
DrugEx_RNN_epsilon_0.1_125k_1,dis,csk,19926,124938,6/23,0.2608695652173913,0.15948710560437976,0.0027368235190253377,341
