name,type_cluster,scaffold,USo,SSo,TUPOR_,TUPOR,SESY,ASER,CwASo
DrugEx_RNN_epsilon_0.1_125k_4,dis,csk,28327,124897,26/43,0.6046511627906976,0.22680288557771605,0.019126418773918224,2344
