name,type_cluster,scaffold,SSo,TUPOR_,TUPOR,SESY,ASER
DrugEx_RNN_epsilon_0.1_125k_3,dis,csk,124933,9/37,0.24324324324324326,0.13518445886995428,0.001544828027822913
