name,type_cluster,scaffold,SSo,TUPOR_,TUPOR,SESY,ASER
Molpher_500k_0,dis,csk,"500,108.0",22/42,0.5238095,0.1472142,0.0094138
Molpher_500k_1,dis,csk,"499,973.0",23/41,0.5609756,0.1597706,0.0027256
Molpher_500k_2,dis,csk,"500,095.0",37/45,0.8222222,0.1531509,0.0038097
Molpher_500k_3,dis,csk,"500,081.0",35/47,0.7446809,0.1625877,0.0076813
Molpher_500k_4,dis,csk,"500,030.0",25/41,0.6097561,0.1526388,0.0052552
Molpher_500k_mean,dis,csk,"500,057.4",-,0.6522889,0.1550724,0.0057771
