name,type_cluster,scaffold,USo,SSo,TUPOR_,TUPOR,SESY,ASER,ACR,CwASo
Molpher_500k_2,dis,csk,76590,500095,37/45,0.8222222222222222,0.15315090132874754,0.0038097379149212057,0.0004833252779120348,1898
