name,type_cluster,scaffold,SSo,TUPOR_,TUPOR,SESY,ASER
Molpher_500k_4,dis,csk,500030,25/41,0.6097560975609756,0.15263884166949984,0.005227686338819671
