name,type_cluster,scaffold,USo,SSo,TUPOR_,TUPOR,SESY,ASER,ACR,CwASo
Molpher_500k_3,dis,csk,81307,500081,35/47,0.7446808510638298,0.16258766079895057,0.007681317994877778,0.00043065262328969385,3812
