name,type_cluster,scaffold,SSo,TUPOR_,TUPOR,SESY,ASER
Molpher_500k_2,dis,csk,500095,37/45,0.8222222222222222,0.15315090132874754,0.0038097379149212057
