name,type_cluster,scaffold,USo,SSo,TUPOR_,TUPOR,SESY,ASER,ACR,CwASo
Molpher_500k_4,dis,csk,76324,500030,25/41,0.6097560975609756,0.15263884166949984,0.005255158659954646,0.0003276582917207303,2614
