name,type_cluster,scaffold,SSo,TUPOR_,TUPOR,SESY,ASER
Molpher_500k_0,dis,csk,500108,22/42,0.5238095238095238,0.1472142017324258,0.009325985587113183
