name,type_cluster,scaffold,USo,SSo,TUPOR_,TUPOR,SESY,ASER,ACR,CwASo
Molpher_500k_1,dis,csk,79881,499973,23/41,0.5609756097560976,0.15977062761389116,0.0027255552391228484,0.00028801121991534973,1359
