name,type_cluster,scaffold,USo,SSo,TUPOR_,TUPOR,SESY,ASER,ACR,CwASo
Molpher_500k_0,dis,csk,73623,500108,22/42,0.5238095238095238,0.1472142017324258,0.009413778348309799,0.00029890898221491554,4664
