name,type_cluster,scaffold,SSo,TUPOR_,TUPOR,SESY,ASER
Molpher_500k_3,dis,csk,500081,35/47,0.7446808510638298,0.16258766079895057,0.007681317994877778
