name,type_cluster,scaffold,USo,SSo,TUPOR_,TUPOR,TUPOR_unique,TUPOR_1,TUPOR_2,SESY,ASER,CwASo
addcarbon_0,sim,murcko,"2,583.0","1,000,000.0",1/115,0.0086957,0.0336649,4.2e-06,9.49e-05,0.002583,0.000165,165.0
addcarbon_1,sim,murcko,"2,744.0","1,000,000.0",4/100,0.04,0.1457726,9.4e-06,0.000259,0.002744,0.00637,"6,370.0"
addcarbon_2,sim,murcko,"3,064.0","1,000,000.0",4/58,0.0689655,0.2250833,9.3e-06,0.0004918,0.003064,0.001924,"1,924.0"
addcarbon_3,sim,murcko,"3,195.0","1,000,000.0",3/51,0.0588235,0.1841112,3.7e-06,0.0002322,0.003195,0.00486,"4,860.0"
addcarbon_4,sim,murcko,"3,270.0","1,000,000.0",3/40,0.075,0.2293578,3.2e-06,0.0002575,0.00327,0.003239,"3,239.0"
addcarbon_mean,sim,murcko,"2,971.2","1,000,000.0",-,0.0502969,0.163598,6e-06,0.0002671,0.0029712,0.0033116,"3,311.6"
