name,type_cluster,scaffold,USo,SSo,TUPOR_,TUPOR,SESY,ASER,ACR,CwASo
addcarbon_0,sim,murcko,2583.0,1000000.0,1/115,0.0086957,0.002583,0.000165,0.0003873,165.0
addcarbon_1,sim,murcko,2744.0,1000000.0,4/100,0.04,0.002744,0.0064108,0.0014599,6370.0
addcarbon_2,sim,murcko,3064.0,1000000.0,4/58,0.0689655,0.003064,0.0019277,0.0013072,1924.0
addcarbon_3,sim,murcko,3195.0,1000000.0,3/51,0.0588235,0.003195,0.0048837,0.0009398,4860.0
addcarbon_4,sim,murcko,3270.0,1000000.0,3/40,0.075,0.00327,0.0032495,0.0009183,3239.0
addcarbon_mean,sim,murcko,2971.2,1000000.0,-,0.0502969,0.0029712,0.0033274,0.0010025,3311.6
