name,type_cluster,scaffold,uniq_scaffolds,set_size,TUPOR_,TUPOR,TUPOR_unique,TUPOR_set,SESY,ASER,tRS
addcarbon_0,sim,murcko,2583.0,1000000.0,1/115,0.0086957,0.0016361,4.2e-06,0.002583,0.000165,165.0
addcarbon_1,sim,murcko,2744.0,1000000.0,4/100,0.04,0.0034402,9.4e-06,0.002744,0.00637,6370.0
addcarbon_2,sim,murcko,3064.0,1000000.0,4/58,0.0689655,0.0030386,9.3e-06,0.003064,0.001924,1924.0
addcarbon_3,sim,murcko,3195.0,1000000.0,3/51,0.0588235,0.0011599,3.7e-06,0.003195,0.00486,4860.0
addcarbon_4,sim,murcko,3270.0,1000000.0,3/40,0.075,0.0009633,3.2e-06,0.00327,0.003239,3239.0
addcarbon_mean,sim,murcko,2971.2,1000000.0,-,0.0502969,0.0020476,6e-06,0.0029712,0.0033116,3311.6
