name,type_cluster,scaffold,USo,SSo,TUPOR_,TUPOR,SESY,ASER,ASR,CwASo
addcarbon_0,sim,murcko,2583,1000000,1/115,0.008695652173913044,0.002583,0.00016502722949286632,0.0003872966692486445,165
