name,type_cluster,scaffold,USo,SSo,TUPOR_,TUPOR,TUPOR_unique,TUPOR_1,TUPOR_2,SESY,ASER,CwASo
addcarbon_0,sim,murcko,2583,1000000,1/115,0.008695652173913044,0.033664932922621155,4.226086956521739e-06,9.492158790170131e-05,0.002583,0.000165,165
