name,type_cluster,scaffold,USo,SSo,TUPOR_,TUPOR,TUPOR_unique,TUPOR_1,TUPOR_2,SESY,ASER,CwASo
addcarbon_2,sim,murcko,3064,1000000,4/58,0.06896551724137931,0.22508328081390114,9.310344827586206e-06,0.0004918430439952438,0.003064,0.001924,1924
