name,type_cluster,scaffold,USo,SSo,TUPOR_,TUPOR,TUPOR_unique,TUPOR_set,SESY,ASER,CwASo
addcarbon_3,sim,murcko,3195,1000000,3/51,0.058823529411764705,0.1841112031667127,0.000588235294117647,0.003195,0.00486,4860
