name,type_cluster,scaffold,USo,SSo,TUPOR_,TUPOR,SESY,ASER,ASR,CwASo
addcarbon_2,sim,murcko,3064,1000000,4/58,0.06896551724137931,0.003064,0.0019277089119465853,0.00130718954248366,1924
