name,type_cluster,scaffold,USo,SSo,TUPOR_,TUPOR,TUPOR_unique,TUPOR_set,SESY,ASER,CwASo
addcarbon_0,sim,murcko,2583,1000000,1/115,0.008695652173913044,0.033664932922621155,8.695652173913044e-05,0.002583,0.000165,165
