name,type_cluster,scaffold,USo,SSo,TUPOR_,TUPOR,TUPOR_unique,TUPOR_1,TUPOR_2,SESY,ASER,CwASo
addcarbon_3,sim,murcko,3195,1000000,3/51,0.058823529411764705,0.1841112031667127,3.7058823529411763e-06,0.00023216262975778547,0.003195,0.00486,4860
