name,type_cluster,scaffold,USo,SSo,TUPOR_,TUPOR,SESY,ASER,ASR,CwASo
addcarbon_3,sim,murcko,3195,1000000,3/51,0.058823529411764705,0.003195,0.004883734951866069,0.0009398496240601503,4860
