name,type_cluster,scaffold,SSo,TUPOR_,TUPOR,SESY,ASER
DrugEx_GT_epsilon_0.1_500k_0,dis,murcko,499550,33/106,0.3113207547169811,0.6997217495746172,0.00787658933997248
