name,type_cluster,scaffold,SSo,TUPOR_,TUPOR,SESY,ASER
DrugEx_GT_epsilon_0.1_500k_1,dis,murcko,498371,8/96,0.08333333333333333,0.6236157400811845,0.00012241375850374265
