name,type_cluster,scaffold,USo,SSo,TUPOR_,TUPOR,SESY,ASER,ACR,CwASo
DrugEx_GT_epsilon_0.1_500k_3,dis,murcko,278307,499610,8/62,0.12903225806451613,0.5570484978283061,0.024408147531504637,2.8746060891343483e-05,11904
