name,type_cluster,scaffold,USo,SSo,TUPOR_,TUPOR,SESY,ASER,ACR,CwASo
DrugEx_GT_epsilon_0.1_500k_4,dis,murcko,339947,499663,25/71,0.352112676056338,0.6803525576238385,0.003998609528746788,7.354628414753973e-05,1990
