name,type_cluster,scaffold,USo,SSo,TUPOR_,TUPOR,SESY,ASER,ACR,CwASo
DrugEx_GT_epsilon_0.1_500k_1,dis,murcko,310792,498371,8/96,0.08333333333333333,0.6236157400811845,0.00012241375850374265,2.5741350906095552e-05,61
