name,type_cluster,scaffold,SSo,TUPOR_,TUPOR,SESY,ASER
DrugEx_GT_epsilon_0.1_500k_4,dis,murcko,499663,25/71,0.352112676056338,0.6803525576238385,0.003998609528746788
