name,type_cluster,scaffold,USo,SSo,TUPOR_,TUPOR,SESY,ASER,ACR,CwASo
DrugEx_GT_epsilon_0.1_500k_2,dis,murcko,279330,499677,46/102,0.45098039215686275,0.5590211276484609,0.0006768948549983078,0.00016470689334154481,338
