name,type_cluster,scaffold,USo,SSo,TUPOR_,TUPOR,SESY,ASER,ACR,CwASo
DrugEx_GT_epsilon_0.1_500k_0,dis,murcko,349546,499550,33/106,0.3113207547169811,0.6997217495746172,0.00787658933997248,9.44170889208699e-05,3904
