name,type_cluster,scaffold,SSo,TUPOR_,TUPOR,SESY,ASER
DrugEx_GT_epsilon_0.1_500k_2,dis,murcko,499677,46/102,0.45098039215686275,0.5590211276484609,0.0006768948549983078
