name,type_cluster,scaffold,SSo,TUPOR_,TUPOR,SESY,ASER
DrugEx_GT_epsilon_0.1_500k_3,dis,murcko,499610,8/62,0.12903225806451613,0.5570484978283061,0.023826584736094152
