name,type_cluster,scaffold,USo,SSo,TUPOR_,TUPOR,SESY,ASER,ACR,CwASo
DrugEx_RNN_epsilon_0.6_500k_0,sim,murcko,"298,029.0","495,137.0",112/172,0.6511628,0.6019122,0.0477981,0.0003759,"22,587.0"
DrugEx_RNN_epsilon_0.6_500k_1,sim,murcko,"260,557.0","494,040.0",55/93,0.5913978,0.5274006,0.0043117,0.0002111,"2,121.0"
DrugEx_RNN_epsilon_0.6_500k_2,sim,murcko,"275,894.0","496,238.0",29/65,0.4461538,0.5559711,0.0029427,0.0001051,"1,456.0"
DrugEx_RNN_epsilon_0.6_500k_3,sim,murcko,"244,753.0","490,967.0",29/57,0.5087719,0.4985121,0.0043141,0.0001185,"2,109.0"
DrugEx_RNN_epsilon_0.6_500k_4,sim,murcko,"245,940.0","490,989.0",14/50,0.28,0.5009074,0.0004299,5.69e-05,211.0
DrugEx_RNN_epsilon_0.6_500k_mean,sim,murcko,"265,034.6","493,474.2",-,0.4954973,0.5369407,0.0119593,0.0001735,"5,696.8"
