name,type_cluster,scaffold,USo,SSo,TUPOR_,TUPOR,SESY,ASER,ACR,CwASo
DrugEx_RNN_epsilon_0.6_500k_0,sim,murcko,298029.0,495137.0,112/172,0.6511628,0.6019122,0.0477981,0.0003759,22587.0
DrugEx_RNN_epsilon_0.6_500k_1,sim,murcko,260557.0,494040.0,55/93,0.5913978,0.5274006,0.0043117,0.0002111,2121.0
DrugEx_RNN_epsilon_0.6_500k_2,sim,murcko,275894.0,496238.0,29/65,0.4461538,0.5559711,0.0029427,0.0001051,1456.0
DrugEx_RNN_epsilon_0.6_500k_3,sim,murcko,244753.0,490967.0,29/57,0.5087719,0.4985121,0.0043141,0.0001185,2109.0
DrugEx_RNN_epsilon_0.6_500k_4,sim,murcko,245940.0,490989.0,14/50,0.28,0.5009074,0.0004299,5.69e-05,211.0
DrugEx_RNN_epsilon_0.6_500k_mean,sim,murcko,265034.6,493474.2,-,0.4954973,0.5369407,0.0119593,0.0001735,5696.8
