name,type_cluster,scaffold,SSo,TUPOR_,TUPOR,SESY,ASER
DrugEx_RNN_epsilon_0.6_500k_3,sim,murcko,490215,29/57,0.5087719298245614,0.4985853146068562,0.00428995440775986
