name,type_cluster,scaffold,USo,SSo,TUPOR_,TUPOR,SESY,ASER,ACR,CwASo
DrugEx_RNN_epsilon_0.6_500k_3,sim,murcko,244753,490967,29/57,0.5087719298245614,0.4985121199591826,0.004314136211333352,0.00011850084176460012,2109
