name,type_cluster,scaffold,USo,SSo,TUPOR_,TUPOR,SESY,ASER,ACR,CwASo
DrugEx_RNN_epsilon_0.6_500k_0,sim,murcko,298029,495137,112/172,0.6511627906976745,0.6019121980381188,0.04779811660141784,0.0003759436353078206,22587
