name,type_cluster,scaffold,USo,SSo,TUPOR_,TUPOR,SESY,ASER,ACR,CwASo
DrugEx_RNN_epsilon_0.6_500k_1,sim,murcko,260557,494040,55/93,0.5913978494623656,0.5274006153347907,0.004311685460411165,0.0002111308166539988,2121
