name,type_cluster,scaffold,SSo,TUPOR_,TUPOR,SESY,ASER
DrugEx_RNN_epsilon_0.6_500k_1,sim,murcko,493726,55/93,0.5913978494623656,0.5274889311075374,0.004314439438166821
