name,type_cluster,scaffold,USo,SSo,TUPOR_,TUPOR,SESY,ASER,ACR,CwASo
DrugEx_RNN_epsilon_0.6_500k_4,sim,murcko,245940,490989,14/50,0.28,0.5009073523032084,0.00042992962194719406,5.69276936964778e-05,211
