name,type_cluster,scaffold,USo,SSo,TUPOR_,TUPOR,SESY,ASER,ACR,CwASo
DrugEx_RNN_epsilon_0.6_500k_2,sim,murcko,275894,496238,29/65,0.4461538461538462,0.5559711267577251,0.002942710122841979,0.0001051238830587425,1456
