name,type_cluster,scaffold,SSo,TUPOR_,TUPOR,SESY,ASER
DrugEx_RNN_epsilon_0.6_500k_0,sim,murcko,494727,112/172,0.6511627906976745,0.6020391043949491,0.04776417168247299
