name,type_cluster,scaffold,SSo,TUPOR_,TUPOR,SESY,ASER
REINVENT_250k_3,sim,murcko,247338,20/57,0.3508771929824561,0.7366033524973923,0.0006388019633052746
