name,type_cluster,scaffold,SSo,TUPOR_,TUPOR,SESY,ASER
REINVENT_250k_1,sim,murcko,247275,25/93,0.26881720430107525,0.6788191285006572,0.00027102682761075695
