name,type_cluster,scaffold,SSo,TUPOR_,TUPOR,SESY,ASER
REINVENT_250k_2,sim,murcko,247763,9/65,0.13846153846153847,0.6625283032575485,0.00018162518212969653
