name,type_cluster,scaffold,USo,SSo,TUPOR_,TUPOR,SESY,ASER,CwASo
REINVENT_250k_1,sim,murcko,167855,247275,25/93,0.26881720430107525,0.6788191285006572,0.00027102682761075695,67
