name,type_cluster,scaffold,USo,SSo,TUPOR_,TUPOR,SESY,ASER,CwASo
REINVENT_250k_3,sim,murcko,182190,247338,20/57,0.3508771929824561,0.7366033524973923,0.0006392102920948296,158
