name,type_cluster,scaffold,USo,SSo,TUPOR_,TUPOR,SESY,ASER,CwASo
REINVENT_250k_2,sim,murcko,164150,247763,9/65,0.13846153846153847,0.6625283032575485,0.0001816581758289668,45
