name,type_cluster,scaffold,USo,SSo,TUPOR_,TUPOR,SESY,ASER,CwASo
DrugEx_GT_epsilon_0.1_62.5k_2,sim,murcko,42434,62442,2/58,0.034482758620689655,0.6795746452708114,3.2030749519538757e-05,2
