name,type_cluster,scaffold,USo,SSo,TUPOR_,TUPOR,SESY,ASER,CwASo
DrugEx_GT_epsilon_0.1_62.5k_0,sim,murcko,43758,62451,17/115,0.14782608695652175,0.7006773310275256,0.0026651681785341574,166
