name,type_cluster,scaffold,SSo,TUPOR_,TUPOR,SESY,ASER
DrugEx_GT_epsilon_0.1_62.5k_3,sim,murcko,62496,9/51,0.17647058823529413,0.6718509984639017,0.0039042498719918076
