name,type_cluster,scaffold,SSo,TUPOR_,TUPOR,SESY,ASER
DrugEx_GT_epsilon_0.1_62.5k_2,sim,murcko,62442,2/58,0.034482758620689655,0.6795746452708114,3.2029723583485475e-05
