name,type_cluster,scaffold,SSo,TUPOR_,TUPOR,SESY,ASER
DrugEx_GT_epsilon_0.1_62.5k_0,sim,murcko,62451,17/115,0.14782608695652175,0.7006773310275256,0.002658083937807241
