name,type_cluster,scaffold,USo,SSo,TUPOR_,TUPOR,TUPOR_unique,TUPOR_1,TUPOR_2,SESY,ASER,CwASo
DrugEx_GT_epsilon_0.1_desired_0,dis,murcko,297747.0,663659.0,6/92,0.0652174,0.0021904,1.77e-05,0.0572467,0.4486446,0.0003466,230.0
DrugEx_GT_epsilon_0.1_desired_1,dis,murcko,266532.0,612169.0,5/34,0.1470588,0.0055175,1.51e-05,0.1186399,0.4353896,0.0001389,85.0
DrugEx_GT_epsilon_0.1_desired_2,dis,murcko,300444.0,691736.0,4/64,0.0625,0.0020803,1.68e-05,0.0788926,0.4343333,1.73e-05,12.0
DrugEx_GT_epsilon_0.1_desired_3,dis,murcko,256297.0,646360.0,22/76,0.2894737,0.0112945,0.0001026,0.3458598,0.3965236,0.0047868,3094.0
DrugEx_GT_epsilon_0.1_desired_4,dis,murcko,285138.0,524991.0,6/98,0.0612245,0.0021472,3.55e-05,0.1031516,0.5431293,0.0001543,81.0
DrugEx_GT_epsilon_0.1_desired_mean,dis,murcko,281231.6,627783.0,-,0.1250949,0.004646,3.75e-05,0.1407581,0.4516041,0.0010888,700.4
