name,type_cluster,scaffold,USo,SSo,TUPOR_,TUPOR,SESY,ASER,ACR,CwASo
DrugEx_GT_epsilon_0.1_500k_3,dis,murcko,233289,499857,22/76,0.2894736842105263,0.4667114794831322,0.004224978603888668,9.431252598953131e-05,2103
