name,type_cluster,scaffold,USo,SSo,TUPOR_,TUPOR,SESY,ASER,ACR,CwASo
DrugEx_GT_epsilon_0.1_500k_4,dis,murcko,294878,499188,11/98,0.11224489795918367,0.5907153216824123,0.0005812811436405838,3.730495443708519e-05,290
