name,type_cluster,scaffold,USo,SSo,TUPOR_,TUPOR,SESY,ASER,ACR,CwASo
DrugEx_GT_epsilon_0.1_500k_2,dis,murcko,248744,499756,3/64,0.046875,0.4977308926756257,3.2016648657301794e-05,1.206073787594325e-05,16
