name,type_cluster,scaffold,USo,SSo,TUPOR_,TUPOR,SESY,ASER,ACR,CwASo
DrugEx_GT_epsilon_0.1_500k_0,dis,murcko,251825,499856,7/92,0.07608695652173914,0.5037950929867802,0.00041629307032150636,2.779785400567076e-05,208
