name,type_cluster,scaffold,SSo,TUPOR_,TUPOR,SESY,ASER
DrugEx_GT_epsilon_0.1_500k_3,dis,murcko,499857,22/76,0.2894736842105263,0.4667114794831322,0.004207203260132398
