name,type_cluster,scaffold,SSo,TUPOR_,TUPOR,SESY,ASER
DrugEx_GT_epsilon_0.1_500k_4,dis,murcko,499188,11/98,0.11224489795918367,0.5907153216824123,0.0005809434521663181
