name,type_cluster,scaffold,USo,SSo,TUPOR_,TUPOR,SESY,ASER,ACR,CwASo
DrugEx_GT_epsilon_0.1_500k_1,dis,murcko,245238,499430,5/34,0.14705882352941177,0.49103578079010074,0.00011614587922430573,2.038877312596592e-05,58
