name,type_cluster,scaffold,SSo,TUPOR_,TUPOR,SESY,ASER
DrugEx_GT_epsilon_0.1_500k_1,dis,murcko,499430,5/34,0.14705882352941177,0.49103578079010074,0.00011613239092565524
