name,type_cluster,scaffold,SSo,TUPOR_,TUPOR,SESY,ASER
DrugEx_GT_epsilon_0.1_500k_0,dis,murcko,499856,7/92,0.07608695652173914,0.5037950929867802,0.0004161198425146442
