name,type_cluster,scaffold,USo,SSo,TUPOR_,TUPOR,SESY,ASER,CwASo
DrugEx_GT_epsilon_0.1_125k_0,dis,murcko,"76,479.0","124,971.0",5/92,0.0543478,0.611974,0.0004003,50.0
DrugEx_GT_epsilon_0.1_125k_1,dis,murcko,"75,142.0","124,858.0",3/34,0.0882353,0.6018197,9.61e-05,12.0
DrugEx_GT_epsilon_0.1_125k_2,dis,murcko,"75,752.0","124,932.0",2/64,0.03125,0.6063459,4e-05,5.0
DrugEx_GT_epsilon_0.1_125k_3,dis,murcko,"71,557.0","124,966.0",14/76,0.1842105,0.5726118,0.0042592,530.0
DrugEx_GT_epsilon_0.1_125k_4,dis,murcko,"84,426.0","124,781.0",7/98,0.0714286,0.6765934,0.0005453,68.0
DrugEx_GT_epsilon_0.1_125k_mean,dis,murcko,"76,671.2","124,901.6",-,0.0858944,0.6138689,0.0010682,133.0
