name,type_cluster,scaffold,SSo,TUPOR_,TUPOR,SESY,ASER
DrugEx_GT_epsilon_0.1_125k_3,dis,murcko,124966,14/76,0.18421052631578946,0.5726117503961078,0.004241153593777507
