name,type_cluster,scaffold,USo,SSo,TUPOR_,TUPOR,SESY,ASER,CwASo
DrugEx_GT_epsilon_0.1_125k_0,dis,murcko,76479,124971,5/92,0.05434782608695652,0.6119739779628874,0.00040025295987063824,50
