name,type_cluster,scaffold,USo,SSo,TUPOR_,TUPOR,SESY,ASER,CwASo
DrugEx_GT_epsilon_0.1_125k_1,dis,murcko,75142,124858,3/34,0.08823529411764706,0.6018196671418732,9.611841789084152e-05,12
