name,type_cluster,scaffold,SSo,TUPOR_,TUPOR,SESY,ASER
DrugEx_GT_epsilon_0.1_125k_1,dis,murcko,124858,3/34,0.08823529411764706,0.6018196671418732,9.610918002851239e-05
