name,type_cluster,scaffold,USo,SSo,TUPOR_,TUPOR,SESY,ASER,CwASo
DrugEx_GT_epsilon_0.1_125k_4,dis,murcko,84426,124781,7/98,0.07142857142857142,0.676593391622122,0.0005452518983586314,68
