name,type_cluster,scaffold,SSo,TUPOR_,TUPOR,SESY,ASER
DrugEx_GT_epsilon_0.1_125k_0,dis,murcko,124971,5/92,0.05434782608695652,0.6119739779628874,0.00040009282153459605
