name,type_cluster,scaffold,USo,SSo,TUPOR_,TUPOR,SESY,ASER,CwASo
DrugEx_GT_epsilon_0.1_125k_3,dis,murcko,71557,124966,14/76,0.18421052631578946,0.5726117503961078,0.00425921758976502,530
