name,type_cluster,scaffold,USo,SSo,TUPOR_,TUPOR,SESY,ASER,CwASo
DrugEx_GT_epsilon_0.6_125k_0,sim,csk,"62,019.0","124,553.0",44/46,0.9565217,0.4979326,0.0625576,"7,333.0"
DrugEx_GT_epsilon_0.6_125k_1,sim,csk,"45,265.0","124,526.0",35/44,0.7954545,0.3634984,0.0287919,"3,485.0"
DrugEx_GT_epsilon_0.6_125k_2,sim,csk,"42,496.0","123,680.0",37/42,0.8809524,0.3435964,0.0198646,"2,409.0"
DrugEx_GT_epsilon_0.6_125k_3,sim,csk,"44,083.0","124,693.0",28/42,0.6666667,0.3535323,0.0184092,"2,254.0"
DrugEx_GT_epsilon_0.6_125k_4,sim,csk,"39,031.0","124,685.0",32/42,0.7619048,0.3130369,0.0056377,699.0
DrugEx_GT_epsilon_0.6_125k_mean,sim,csk,"46,578.8","124,427.4",-,0.8123,0.3743193,0.0270522,"3,236.0"
