name,type_cluster,scaffold,USo,SSo,TUPOR_,TUPOR,SESY,ASER,CwASo
DrugEx_GT_epsilon_0.6_125k_0,sim,csk,62019.0,124553.0,44/46,0.9565217,0.4979326,0.0625576,7333.0
DrugEx_GT_epsilon_0.6_125k_1,sim,csk,45265.0,124526.0,35/44,0.7954545,0.3634984,0.0287919,3485.0
DrugEx_GT_epsilon_0.6_125k_2,sim,csk,42496.0,123680.0,37/42,0.8809524,0.3435964,0.0198646,2409.0
DrugEx_GT_epsilon_0.6_125k_3,sim,csk,44083.0,124693.0,28/42,0.6666667,0.3535323,0.0184092,2254.0
DrugEx_GT_epsilon_0.6_125k_4,sim,csk,39031.0,124685.0,32/42,0.7619048,0.3130369,0.0056377,699.0
DrugEx_GT_epsilon_0.6_125k_mean,sim,csk,46578.8,124427.4,-,0.8123,0.3743193,0.0270522,3236.0
