name,type_cluster,scaffold,USo,SSo,TUPOR_,TUPOR,SESY,ASER,CwASo
DrugEx_GT_epsilon_0.6_125k_3,sim,csk,44083,124693,28/42,0.6666666666666666,0.35353227526805836,0.018409167013778288,2254
