name,type_cluster,scaffold,USo,SSo,TUPOR_,TUPOR,SESY,ASER,CwASo
DrugEx_GT_epsilon_0.6_125k_4,sim,csk,39031,124685,32/42,0.7619047619047619,0.31303685286923044,0.005637733292468504,699
