name,type_cluster,scaffold,USo,SSo,TUPOR_,TUPOR,SESY,ASER,CwASo
DrugEx_GT_epsilon_0.6_125k_1,sim,csk,45265,124526,35/44,0.7954545454545454,0.36349838587925415,0.028791896960534035,3485
