name,type_cluster,scaffold,SSo,TUPOR_,TUPOR,SESY,ASER
DrugEx_GT_epsilon_0.6_125k_0,sim,csk,124553,44/46,0.9565217391304348,0.49793260700264147,0.05887453533837001
