name,type_cluster,scaffold,USo,SSo,TUPOR_,TUPOR,SESY,ASER,CwASo
DrugEx_GT_epsilon_0.6_125k_0,sim,csk,62019,124553,44/46,0.9565217391304348,0.49793260700264147,0.062557584030029,7333
