name,type_cluster,scaffold,SSo,TUPOR_,TUPOR,SESY,ASER
DrugEx_GT_epsilon_0.6_125k_4,sim,csk,124685,32/42,0.7619047619047619,0.31303685286923044,0.005637733292468504
