name,type_cluster,scaffold,SSo,TUPOR_,TUPOR,SESY,ASER
DrugEx_GT_epsilon_0.6_125k_2,sim,csk,123680,37/42,0.8809523809523809,0.34359637774902974,0.019477684346701163
