name,type_cluster,scaffold,SSo,TUPOR_,TUPOR,SESY,ASER
DrugEx_GT_epsilon_0.6_125k_3,sim,csk,124693,28/42,0.6666666666666666,0.35353227526805836,0.018409167013778288
