name,type_cluster,scaffold,SSo,TUPOR_,TUPOR,SESY,ASER
DrugEx_GT_epsilon_0.6_125k_1,sim,csk,124526,35/44,0.7954545454545454,0.36349838587925415,0.028791896960534035
