name,type_cluster,scaffold,USo,SSo,TUPOR_,TUPOR,SESY,ASER,ACR,CwASo
Molpher_500k_0,dis,murcko,160953,500108,18/106,0.16981132075471697,0.32183648331960296,0.006117887528240659,0.00011184639761394352,3041
