name,type_cluster,scaffold,SSo,TUPOR_,TUPOR,SESY,ASER
Molpher_500k_1,dis,murcko,499973,9/96,0.09375,0.33198992745608263,0.0007746414030817516
