name,type_cluster,scaffold,SSo,TUPOR_,TUPOR,SESY,ASER
Molpher_500k_3,dis,murcko,500093,9/62,0.14516129032258066,0.3334059864865135,0.0012413083389892947
