name,type_cluster,scaffold,SSo,TUPOR_,TUPOR,SESY,ASER
Molpher_500k_4,dis,murcko,500033,15/71,0.2112676056338028,0.32672643605522034,0.003030959516330272
