name,type_cluster,scaffold,SSo,TUPOR_,TUPOR,SESY,ASER
Molpher_500k_0,dis,murcko,500108,18/106,0.16981132075471697,0.32183648331960296,0.0060806865717005125
