name,type_cluster,scaffold,USo,SSo,TUPOR_,TUPOR,SESY,ASER,ACR,CwASo
Molpher_500k_3,dis,murcko,166734,500093,9/62,0.14516129032258066,0.3334059864865135,0.0012413083389892947,5.398110661268556e-05,620
