name,type_cluster,scaffold,SSo,TUPOR_,TUPOR,SESY,ASER
Molpher_500k_2,dis,murcko,500095,30/102,0.29411764705882354,0.32995530849138666,0.0013457443085813695
