name,type_cluster,scaffold,USo,SSo,TUPOR_,TUPOR,SESY,ASER,ACR,CwASo
Molpher_500k_4,dis,murcko,163374,500033,15/71,0.2112676056338028,0.32672643605522034,0.003030959516330272,9.182230547444586e-05,1511
