name,type_cluster,scaffold,USo,SSo,TUPOR_,TUPOR,SESY,ASER,ACR,CwASo
Molpher_500k_2,dis,murcko,165009,500095,30/102,0.29411764705882354,0.32995530849138666,0.0013475577767899692,0.0001818413252595785,673
