name,type_cluster,scaffold,USo,SSo,TUPOR_,TUPOR,SESY,ASER,CwASo
GB_GA_mut_r_0.5_62.5k_0,sim,murcko,17996.0,56795.0,33/172,0.1918605,0.3168589,0.1703311,8266.0
GB_GA_mut_r_0.5_62.5k_1,sim,murcko,12881.0,52915.0,16/93,0.172043,0.2434281,0.0036797,194.0
GB_GA_mut_r_0.5_62.5k_2,sim,murcko,13155.0,53207.0,10/65,0.1538462,0.2472419,0.0097929,516.0
GB_GA_mut_r_0.5_62.5k_3,sim,murcko,13613.0,53616.0,5/57,0.0877193,0.2538981,0.0028618,153.0
GB_GA_mut_r_0.5_62.5k_4,sim,murcko,13416.0,53566.0,0/50,0.0,0.2504574,0.0,0.0
GB_GA_mut_r_0.5_62.5k_mean,sim,murcko,14212.2,54019.8,-,0.1210938,0.2623769,0.0373331,1825.8
