name,type_cluster,scaffold,USo,SSo,TUPOR_,TUPOR,SESY,ASER,CwASo
GB_GA_mut_r_0.5_62.5k_0,sim,murcko,40349.0,62495.0,14/172,0.0813953,0.6456357,0.0170553,1048.0
GB_GA_mut_r_0.5_62.5k_1,sim,murcko,14353.0,47471.0,5/93,0.0537634,0.302353,0.0043372,205.0
GB_GA_mut_r_0.5_62.5k_2,sim,murcko,15717.0,48913.0,3/65,0.0461538,0.3213256,0.0033848,165.0
GB_GA_mut_r_0.5_62.5k_3,sim,murcko,17434.0,50814.0,2/57,0.0350877,0.3430944,0.0004134,21.0
GB_GA_mut_r_0.5_62.5k_4,sim,murcko,16331.0,49424.0,0/50,0.0,0.3304265,0.0,0.0
GB_GA_mut_r_0.5_62.5k_mean,sim,murcko,20836.8,51823.4,-,0.0432801,0.388567,0.0050381,287.8
