name,type_cluster,scaffold,USo,SSo,TUPOR_,TUPOR,SESY,ASER,CwASo
GB_GA_mut_r_0.5_62.5k_1,sim,murcko,12881,52915,16/93,0.17204301075268819,0.24342813946895966,0.0036797481079645683,194
