name,type_cluster,scaffold,USo,SSo,TUPOR_,TUPOR,SESY,ASER,CwASo
GB_GA_mut_r_0.5_62.5k_3,sim,murcko,13613,53616,5/57,0.08771929824561403,0.25389809012235154,0.00286179226754952,153
