name,type_cluster,scaffold,USo,SSo,TUPOR_,TUPOR,SESY,ASER,CwASo
GB_GA_mut_r_0.5_62.5k_1,sim,murcko,14353,47471,5/93,0.053763440860215055,0.30235301552526805,0.004337155672153345,205
