name,type_cluster,scaffold,SSo,TUPOR_,TUPOR,SESY,ASER
GB_GA_mut_r_0.5_62.5k_2,sim,murcko,48913,3/65,0.046153846153846156,0.32132561895610573,0.003373336331854517
