name,type_cluster,scaffold,SSo,TUPOR_,TUPOR,SESY,ASER
GB_GA_mut_r_0.5_62.5k_0,sim,murcko,62495,14/172,0.08139534883720931,0.6456356508520682,0.016769341547323787
