name,type_cluster,scaffold,USo,SSo,TUPOR_,TUPOR,SESY,ASER,CwASo
GB_GA_mut_r_0.5_62.5k_0,sim,murcko,17996,56795,33/172,0.19186046511627908,0.31685887842239635,0.17033114220363083,8266
