name,type_cluster,scaffold,SSo,TUPOR_,TUPOR,SESY,ASER
GB_GA_mut_r_0.5_62.5k_1,sim,murcko,58008,21/93,0.22580645161290322,0.34691766652875466,0.006792166597710661
