name,type_cluster,scaffold,SSo,TUPOR_,TUPOR,SESY,ASER
GB_GA_mut_r_0.5_62.5k_2,sim,murcko,57807,22/65,0.3384615384615385,0.34898887677962875,0.01268012524434757
