name,type_cluster,scaffold,SSo,TUPOR_,TUPOR,SESY,ASER
GB_GA_mut_r_0.5_62.5k_3,sim,murcko,50814,2/57,0.03508771929824561,0.343094422796867,0.0004134427972358396
