name,type_cluster,scaffold,USo,SSo,TUPOR_,TUPOR,SESY,ASER,CwASo
GB_GA_mut_r_0.5_62.5k_2,sim,murcko,13155,53207,10/65,0.15384615384615385,0.24724190426071757,0.009792943766487636,516
