name,type_cluster,scaffold,SSo,TUPOR_,TUPOR,SESY,ASER
GB_GA_mut_r_0.5_62.5k_3,sim,murcko,57978,12/57,0.21052631578947367,0.3592742074580013,0.010797198937528028
