name,type_cluster,scaffold,USo,SSo,TUPOR_,TUPOR,SESY,ASER,CwASo
GB_GA_mut_r_0.5_62.5k_2,sim,murcko,15717,48913,3/65,0.046153846153846156,0.32132561895610573,0.0033847542463280545,165
