name,type_cluster,scaffold,USo,SSo,TUPOR_,TUPOR,SESY,ASER,CwASo
GB_GA_mut_r_0.5_62.5k_0,sim,murcko,40349,62495,14/172,0.08139534883720931,0.6456356508520682,0.017055348511725552,1048
