name,type_cluster,scaffold,SSo,TUPOR_,TUPOR,SESY,ASER
GB_GA_mut_r_0.5_62.5k_0,sim,murcko,58761,68/172,0.3953488372093023,0.4789060771600211,0.07969571654668912
