name,type_cluster,scaffold,USo,SSo,TUPOR_,TUPOR,SESY,ASER,ACR,CwASo
GB_GA_mut_r_0.01_0,dis,csk,40507.0,877616.0,14/42,0.3333333,0.0461557,0.0283651,0.0003457,24207.0
GB_GA_mut_r_0.01_1,dis,csk,42478.0,867659.0,16/41,0.3902439,0.048957,0.0022502,0.0003768,1948.0
GB_GA_mut_r_0.01_2,dis,csk,46986.0,887418.0,13/45,0.2888889,0.0529469,0.0003495,0.0002768,310.0
GB_GA_mut_r_0.01_3,dis,csk,115486.0,999999.0,22/47,0.4680851,0.1154861,0.0084163,0.0001905,8346.0
GB_GA_mut_r_0.01_4,dis,csk,37616.0,848496.0,14/41,0.3414634,0.0443326,0.0335412,0.0003723,27536.0
GB_GA_mut_r_0.01_mean,dis,csk,56614.6,896237.6,-,0.3644029,0.0615757,0.0145844,0.0003124,12469.4
