name,type_cluster,scaffold,SSo,TUPOR_,TUPOR,SESY,ASER
GB_GA_mut_r_0.01_1,dis,csk,867659,16/41,0.3902439024390244,0.048957021133878634,0.002250173556764324
