name,type_cluster,scaffold,SSo,TUPOR_,TUPOR,SESY,ASER
GB_GA_mut_r_0.01_2,dis,csk,887418,13/45,0.28888888888888886,0.052946863822910965,0.0003493280505917166
