name,type_cluster,scaffold,SSo,TUPOR_,TUPOR,SESY,ASER
GB_GA_mut_r_0.01_4,dis,csk,848496,14/41,0.34146341463414637,0.04433256020063736,0.03354122003508088
