name,type_cluster,scaffold,USo,SSo,TUPOR_,TUPOR,SESY,ASER,ACR,CwASo
GB_GA_mut_r_0.01_2,dis,csk,46986,887418,13/45,0.28888888888888886,0.052946863822910965,0.00034945012332207576,0.00027675473144146636,310
