name,type_cluster,scaffold,USo,SSo,TUPOR_,TUPOR,SESY,ASER,ACR,CwASo
GB_GA_mut_r_0.01_4,dis,csk,37616,848496,14/41,0.34146341463414637,0.04433256020063736,0.03354122003508088,0.0003723206212435509,27536
