name,type_cluster,scaffold,SSo,TUPOR_,TUPOR,SESY,ASER
GB_GA_mut_r_0.01_3,dis,csk,999999,22/47,0.46808510638297873,0.11548611548611548,0.008416250442443072
