name,type_cluster,scaffold,SSo,TUPOR_,TUPOR,SESY,ASER
GB_GA_mut_r_0.01_0,dis,csk,965034,35/42,0.8333333333333334,0.05134637743333396,0.04663255387893069
