name,type_cluster,scaffold,SSo,TUPOR_,TUPOR,SESY,ASER
GB_GA_mut_r_0.01_4,dis,csk,950214,29/41,0.7073170731707317,0.041260179285929274,0.016480498077275224
