name,type_cluster,scaffold,SSo,TUPOR_,TUPOR,SESY,ASER
GB_GA_mut_r_0.01_1,dis,csk,954314,27/41,0.6585365853658537,0.04842221742529188,0.010950274228398619
