name,type_cluster,scaffold,USo,SSo,TUPOR_,TUPOR,SESY,ASER,ACR,CwASo
GB_GA_mut_r_0.01_0,dis,csk,40507,877616,14/42,0.3333333333333333,0.04615572186468797,0.028365062941684466,0.0003457387696638925,24207
