name,type_cluster,scaffold,USo,SSo,TUPOR_,TUPOR,SESY,ASER,ACR,CwASo
DrugEx_RNN_epsilon_0.6_100k_0,dis,csk,19655.0,98858.0,26/42,0.6190476,0.1988205,0.0352057,0.0013246,3362.0
DrugEx_RNN_epsilon_0.6_100k_1,dis,csk,19230.0,98390.0,21/41,0.5121951,0.1954467,0.0103821,0.0010932,1011.0
DrugEx_RNN_epsilon_0.6_100k_2,dis,csk,15853.0,97619.0,35/45,0.7777778,0.1623967,0.0050345,0.0022127,489.0
DrugEx_RNN_epsilon_0.6_100k_3,dis,csk,18326.0,99207.0,33/47,0.7021277,0.1847249,0.1010155,0.001804,9102.0
DrugEx_RNN_epsilon_0.6_100k_4,dis,csk,13686.0,97306.0,24/41,0.5853659,0.1406491,0.0264671,0.0017567,2509.0
DrugEx_RNN_epsilon_0.6_100k_mean,dis,csk,17350.0,98276.0,-,0.6393028,0.1764076,0.035621,0.0016382,3294.6
