name,type_cluster,scaffold,USo,SSo,TUPOR_,TUPOR,SESY,ASER,CwASo
DrugEx_RNN_epsilon_0.1_62.5k_2,sim,murcko,35833,62385,1/58,0.017241379310344827,0.5743848681574096,0.0002405002405002405,15
