name,type_cluster,scaffold,USo,SSo,TUPOR_,TUPOR,SESY,ASER,CwASo
DrugEx_RNN_epsilon_0.1_62.5k_0,sim,murcko,38914,62494,5/115,0.043478260869565216,0.6226837776426537,0.00884641461918445,548
