name,type_cluster,scaffold,SSo,TUPOR_,TUPOR,SESY,ASER
DrugEx_RNN_epsilon_0.1_62.5k_3,sim,murcko,62468,1/51,0.0196078431372549,0.6825094448357559,4.8024588589357754e-05
