name,type_cluster,scaffold,USo,SSo,TUPOR_,TUPOR,SESY,ASER,ASR,CwASo
DrugEx_GT_epsilon_0.1_500k_0,sim,murcko,275096,499608,28/115,0.24347826086956523,0.5506236889721542,0.002622912657209197,0.00010179301118268937,1307
