name,type_cluster,scaffold,USo,SSo,TUPOR_,TUPOR,SESY,ASER,ACR,CwASo
DrugEx_GT_epsilon_0.1_500k_3,sim,murcko,249885,499949,14/51,0.27450980392156865,0.4998209817401375,0.004145535615654217,5.6028910918033704e-05,2064
