name,type_cluster,scaffold,USo,SSo,TUPOR_,TUPOR,SESY,ASER,ASR,CwASo
DrugEx_GT_epsilon_0.1_500k_1,sim,murcko,266674,499055,21/100,0.21,0.534357936499985,0.03557288467604044,7.87540361443524e-05,17143
