name,type_cluster,scaffold,USo,SSo,TUPOR_,TUPOR,SESY,ASER,ASR,CwASo
DrugEx_GT_epsilon_0.1_500k_2,sim,murcko,254261,499570,5/58,0.08620689655172414,0.5089597053465981,1.601402828878097e-05,1.9665219306525707e-05,8
