name,type_cluster,scaffold,USo,SSo,TUPOR_,TUPOR,SESY,ASER,ACR,CwASo
DrugEx_GT_epsilon_0.1_500k_4,sim,murcko,292220,499620,1/40,0.025,0.5848845122292943,2.0015251621735764e-06,3.4220909660220587e-06,1
