name,type_cluster,scaffold,SSo,TUPOR_,TUPOR,SESY,ASER
DrugEx_GT_epsilon_0.1_500k_2,sim,murcko,499570,5/58,0.08620689655172414,0.5089597053465981,1.6013771843785656e-05
