name,type_cluster,scaffold,USo,SSo,TUPOR_,TUPOR,SESY,ASER,CwASo
REINVENT_125k_2,dis,csk,27214,124024,32/45,0.7111111111111111,0.2194252725278978,0.012647479077362727,1549
