name,type_cluster,scaffold,USo,SSo,TUPOR_,TUPOR,SESY,ASER,CwASo
REINVENT_125k_0,dis,csk,30088,123957,23/42,0.5476190476190477,0.2427293335592181,0.002815328980899449,348
