name,type_cluster,scaffold,USo,SSo,TUPOR_,TUPOR,SESY,ASER,CwASo
REINVENT_125k_3,dis,csk,24317,121458,13/47,0.2765957446808511,0.20020912578833835,0.0017485112910941391,212
