name,type_cluster,scaffold,USo,SSo,TUPOR_,TUPOR,SESY,ASER,CwASo
REINVENT_125k_1,dis,csk,23962,123895,8/41,0.1951219512195122,0.19340570644497357,0.0011717171717171718,145
