name,type_cluster,scaffold,SSo,TUPOR_,TUPOR,SESY,ASER
REINVENT_125k_0,dis,csk,123957,23/42,0.5476190476190477,0.2427293335592181,0.002815328980899449
