name,type_cluster,scaffold,SSo,TUPOR_,TUPOR,SESY,ASER
REINVENT_125k_2,dis,csk,124024,32/45,0.7111111111111111,0.2194252725278978,0.012489518157775914
