name,type_cluster,scaffold,SSo,TUPOR_,TUPOR,SESY,ASER
REINVENT_125k_1,dis,csk,123895,8/41,0.1951219512195122,0.19340570644497357,0.0011703458573792324
