name,type_cluster,scaffold,USo,SSo,TUPOR_,TUPOR,SESY,ASER,CwASo
GB_GA_mut_r_0.5_500k_0,dis,csk,"19,176.0","377,949.0",17/42,0.4047619,0.050737,0.0236722,"8,740.0"
GB_GA_mut_r_0.5_500k_1,dis,csk,"21,737.0","378,790.0",15/41,0.3658537,0.0573854,0.0018753,709.0
GB_GA_mut_r_0.5_500k_2,dis,csk,"26,966.0","404,429.0",15/45,0.3333333,0.0666767,0.0004552,184.0
GB_GA_mut_r_0.5_500k_3,dis,csk,"55,538.0","499,915.0",24/47,0.5106383,0.1110949,0.0192529,"9,443.0"
GB_GA_mut_r_0.5_500k_4,dis,csk,"19,737.0","368,258.0",12/41,0.2926829,0.0535956,0.0291855,"10,443.0"
GB_GA_mut_r_0.5_500k_mean,dis,csk,"28,630.8","405,868.2",-,0.381454,0.0678979,0.0148882,"5,903.8"
