name,type_cluster,scaffold,SSo,TUPOR_,TUPOR,SESY,ASER
GB_GA_mut_r_0.5_500k_0,dis,csk,464194.0,33/42,0.7857143,0.0470558,0.0748954
GB_GA_mut_r_0.5_500k_1,dis,csk,456044.0,23/41,0.5609756,0.0469779,0.0119594
GB_GA_mut_r_0.5_500k_2,dis,csk,456501.0,37/45,0.8222222,0.0429813,0.0040285
GB_GA_mut_r_0.5_500k_3,dis,csk,465171.0,33/47,0.7021277,0.0493023,0.2107999
GB_GA_mut_r_0.5_500k_4,dis,csk,453276.0,26/41,0.6341463,0.0414339,0.0128399
GB_GA_mut_r_0.5_500k_mean,dis,csk,459037.2,-,0.7010372,0.0455502,0.0629046
