name,type_cluster,scaffold,SSo,TUPOR_,TUPOR,SESY,ASER
GB_GA_mut_r_0.5_500k_4,dis,csk,453276,26/41,0.6341463414634146,0.04143391664239889,0.0128398591586583
