name,type_cluster,scaffold,USo,SSo,TUPOR_,TUPOR,SESY,ASER,ACR,CwASo
GB_GA_mut_r_0.5_500k_1,dis,csk,12139,422439,18/41,0.43902439024390244,0.028735509742234974,0.005699389351140949,0.0014850259879547892,2394
