name,type_cluster,scaffold,SSo,TUPOR_,TUPOR,SESY,ASER
GB_GA_mut_r_0.5_500k_4,dis,csk,368258,12/41,0.2926829268292683,0.05359557701394131,0.028357836082311856
