name,type_cluster,scaffold,SSo,TUPOR_,TUPOR,SESY,ASER
GB_GA_mut_r_0.5_500k_2,dis,csk,456501,37/45,0.8222222222222222,0.04298128591175047,0.004028468721864793
