name,type_cluster,scaffold,SSo,TUPOR_,TUPOR,SESY,ASER
GB_GA_mut_r_0.5_500k_3,dis,csk,465171,33/47,0.7021276595744681,0.04930229958445389,0.21079989939183655
