name,type_cluster,scaffold,USo,SSo,TUPOR_,TUPOR,SESY,ASER,ACR,CwASo
GB_GA_mut_r_0.5_500k_3,dis,csk,13169,442452,25/47,0.5319148936170213,0.029763680580040322,0.5155476087716053,0.001902008520998174,150510
