name,type_cluster,scaffold,SSo,TUPOR_,TUPOR,SESY,ASER
GB_GA_mut_r_0.5_500k_1,dis,csk,456044,23/41,0.5609756097560976,0.04697792318285078,0.011959372341265316
