name,type_cluster,scaffold,USo,SSo,TUPOR_,TUPOR,SESY,ASER,ACR,CwASo
GB_GA_mut_r_0.5_500k_2,dis,csk,12240,429739,27/45,0.6,0.02848240443618103,0.0008710537654443189,0.002210759027266028,374
