name,type_cluster,scaffold,USo,SSo,TUPOR_,TUPOR,SESY,ASER,ACR,CwASo
GB_GA_mut_r_0.5_500k_0,dis,csk,12523,428194,27/42,0.6428571428571429,0.029246089389388923,0.06475660944120631,0.0021606914212548016,26042
