name,type_cluster,scaffold,USo,SSo,TUPOR_,TUPOR,SESY,ASER,ACR,CwASo
GB_GA_mut_r_0.5_500k_4,dis,csk,11181,426053,22/41,0.5365853658536586,0.026243213872452487,0.014385337526874296,0.0019715028228335873,6042
