name,type_cluster,scaffold,SSo,TUPOR_,TUPOR,SESY,ASER
GB_GA_mut_r_0.5_500k_0,dis,csk,464194,33/42,0.7857142857142857,0.04705575686027825,0.07489541010870455
