name,type_cluster,scaffold,SSo,TUPOR_,TUPOR,SESY,ASER
GB_GA_mut_r_0.5_500k_3,dis,csk,499915,24/47,0.5106382978723404,0.11109488613064221,0.019252882937252278
