name,type_cluster,scaffold,USo,SSo,TUPOR_,TUPOR,SESY,ASER,CwASo
GB_GA_mut_r_0.5_500k_1,dis,csk,21737,378790,15/41,0.36585365853658536,0.0573853586419916,0.00187525953433259,709
