name,type_cluster,scaffold,USo,SSo,TUPOR_,TUPOR,TUPOR_unique,TUPOR_set,SESY,ASER,CwASo
DrugEx_GT_1_0,sim,murcko,663428,919257,70/115,0.6086956521739131,0.009175006966451718,0.006621604754425727,0.7217002426960034,0.0068577122610978215,6304
