name,type_cluster,scaffold,SSo,TUPOR_,TUPOR,SESY,ASER
GB_GA_log_p_mut_r_0.5_125k_1,sim,csk,124999,20/38,0.5263157894736842,0.2353298826390611,0.014816118528948232
