name,type_cluster,scaffold,USo,SSo,TUPOR_,TUPOR,SESY,ASER,CwASo
REINVENT_250k_2,sim,csk,53852,246221,18/37,0.4864864864864865,0.21871408206448678,0.006528386421610308,1597
