name,type_cluster,scaffold,USo,SSo,TUPOR_,TUPOR,SESY,ASER,CwASo
REINVENT_250k_4,sim,csk,25329,247345,11/35,0.3142857142857143,0.10240352544017466,0.00971567366766681,2380
