name,type_cluster,scaffold,SSo,TUPOR_,TUPOR,SESY,ASER
REINVENT_250k_3,sim,csk,248723,15/35,0.42857142857142855,0.11675237111163825,0.0011699762386269063
