name,type_cluster,scaffold,SSo,TUPOR_,TUPOR,SESY,ASER
REINVENT_250k_2,sim,csk,246221,18/37,0.4864864864864865,0.21871408206448678,0.0064860430263868635
