name,type_cluster,scaffold,SSo,TUPOR_,TUPOR,SESY,ASER
REINVENT_250k_1,sim,csk,247550,16/38,0.42105263157894735,0.3157301555241365,0.012025853362956978
