name,type_cluster,scaffold,USo,SSo,TUPOR_,TUPOR,SESY,ASER,CwASo
REINVENT_250k_1,sim,csk,78159,247550,16/38,0.42105263157894735,0.3157301555241365,0.0121722348746591,2977
