name,type_cluster,scaffold,SSo,TUPOR_,TUPOR,SESY,ASER
REINVENT_250k_4,sim,csk,247345,11/35,0.3142857142857143,0.10240352544017466,0.009622187632658838
