name,type_cluster,scaffold,USo,SSo,TUPOR_,TUPOR,SESY,ASER,CwASo
REINVENT_250k_3,sim,csk,29039,248723,15/35,0.42857142857142855,0.11675237111163825,0.0011713466864172086,291
