name,type_cluster,scaffold,SSo,TUPOR_,TUPOR,SESY,ASER
REINVENT_250k_0,sim,csk,248230,22/38,0.5789473684210527,0.22423558796277646,0.014269024694839464
