name,type_cluster,scaffold,SSo,TUPOR_,TUPOR,SESY,ASER
GB_GA_mut_r_0.5_125k_2,sim,csk,119064,25/37,0.6756756756756757,0.09514210844587785,0.014832359067392328
