name,type_cluster,scaffold,SSo,TUPOR_,TUPOR,SESY,ASER
GB_GA_mut_r_0.5_125k_0,sim,csk,119435,29/38,0.7631578947368421,0.11367689538242559,0.042165194457236155
