name,type_cluster,scaffold,USo,SSo,TUPOR_,TUPOR,SESY,ASER,CwASo
GB_GA_mut_r_0.5_125k_3,sim,csk,29748,124995,20/35,0.5714285714285714,0.23799351974078964,0.013106064290230025,1617
