name,type_cluster,scaffold,SSo,TUPOR_,TUPOR,SESY,ASER
GB_GA_mut_r_0.5_125k_3,sim,csk,118935,30/35,0.8571428571428571,0.09721276327405726,0.021179635935595072
