name,type_cluster,scaffold,SSo,TUPOR_,TUPOR,SESY,ASER
GB_GA_mut_r_0.5_125k_0,sim,csk,124986,21/38,0.5526315789473685,0.2091674267517962,0.01009713087865841
