name,type_cluster,scaffold,USo,SSo,TUPOR_,TUPOR,SESY,ASER,CwASo
GB_GA_mut_r_0.5_125k_4,sim,csk,27873,124998,15/35,0.42857142857142855,0.2229875678010848,0.0029849309132925716,372
