name,type_cluster,scaffold,USo,SSo,TUPOR_,TUPOR,SESY,ASER,CwASo
GB_GA_mut_r_0.5_125k_0,sim,csk,26143,124986,21/38,0.5526315789473685,0.2091674267517962,0.010200122854094598,1262
