name,type_cluster,scaffold,SSo,TUPOR_,TUPOR,SESY,ASER
GB_GA_mut_r_0.5_125k_4,sim,csk,118815,23/35,0.6571428571428571,0.09402011530530657,0.007406472246770189
