name,type_cluster,scaffold,USo,SSo,TUPOR_,TUPOR,SESY,ASER,CwASo
GB_GA_mut_r_0.5_125k_1,sim,csk,29416,124999,20/38,0.5263157894736842,0.2353298826390611,0.01503893720512883,1852
