name,type_cluster,scaffold,SSo,TUPOR_,TUPOR,SESY,ASER
GB_GA_mut_r_0.5_125k_1,sim,csk,119158,32/38,0.8421052631578947,0.0964265932627268,0.03792443646251196
