name,type_cluster,scaffold,SSo,TUPOR_,TUPOR,SESY,ASER
GB_GA_mut_r_0.5_125k_2,sim,csk,124993,13/37,0.35135135135135137,0.25563831574568174,0.008392469978318787
