name,type_cluster,scaffold,SSo,TUPOR_,TUPOR,SESY,ASER
DrugEx_GT_epsilon_0.1_62.5k_2,dis,murcko,62456,19/102,0.18627450980392157,0.6894773920840271,0.0007044959651594723
