name,type_cluster,scaffold,USo,SSo,TUPOR_,TUPOR,SESY,ASER,CwASo
DrugEx_GT_epsilon_0.1_62.5k_2,dis,murcko,43062,62456,19/102,0.18627450980392157,0.6894773920840271,0.0007049926296225085,44
