name,type_cluster,scaffold,USo,SSo,TUPOR_,TUPOR,SESY,ASER,CwASo
DrugEx_GT_epsilon_0.1_62.5k_1,dis,murcko,46643,62311,4/96,0.041666666666666664,0.74855162009918,0.00012840473171436367,8
