name,type_cluster,scaffold,USo,SSo,TUPOR_,TUPOR,SESY,ASER,CwASo
DrugEx_GT_epsilon_0.1_62.5k_4,dis,murcko,49506,62456,13/71,0.18309859154929578,0.792654028436019,0.004148043345445191,258
