name,type_cluster,scaffold,SSo,TUPOR_,TUPOR,SESY,ASER
DrugEx_GT_epsilon_0.1_62.5k_1,dis,murcko,62311,4/96,0.041666666666666664,0.74855162009918,0.00012840473171436367
