name,type_cluster,scaffold,USo,SSo,TUPOR_,TUPOR,SESY,ASER,CwASo
DrugEx_GT_epsilon_0.1_62.5k_0,dis,murcko,51043,62444,16/106,0.1509433962264151,0.8174204086861828,0.00792536277500686,491
