name,type_cluster,scaffold,USo,SSo,TUPOR_,TUPOR,SESY,ASER,CwASo
DrugEx_GT_epsilon_0.6_250k_3,dis,murcko,165571,249452,16/62,0.25806451612903225,0.6637389157032214,0.012119367861562494,2987
