name,type_cluster,scaffold,USo,SSo,TUPOR_,TUPOR,SESY,ASER,CwASo
DrugEx_GT_epsilon_0.6_250k_2,dis,murcko,165945,248809,62/102,0.6078431372549019,0.6669573849820545,0.0023971250614389194,595
