name,type_cluster,scaffold,USo,SSo,TUPOR_,TUPOR,SESY,ASER,CwASo
DrugEx_GT_epsilon_0.6_250k_0,dis,murcko,174543,248601,49/106,0.46226415094339623,0.7021009569551209,0.011453052655562155,2815
