name,type_cluster,scaffold,SSo,TUPOR_,TUPOR,SESY,ASER
DrugEx_GT_epsilon_0.6_250k_3,dis,murcko,249452,16/62,0.25806451612903225,0.6637389157032214,0.011974247550630984
