name,type_cluster,scaffold,SSo,TUPOR_,TUPOR,SESY,ASER
DrugEx_GT_epsilon_0.6_250k_2,dis,murcko,248809,62/102,0.6078431372549019,0.6669573849820545,0.0023913925943193372
