name,type_cluster,scaffold,SSo,TUPOR_,TUPOR,SESY,ASER
GB_GA_mut_r_0.01_62.5k_0,dis,murcko,60805.0,9/92,0.0978261,0.39329,0.0031247
GB_GA_mut_r_0.01_62.5k_1,dis,murcko,60597.0,8/34,0.2352941,0.3959767,0.0003135
GB_GA_mut_r_0.01_62.5k_2,dis,murcko,60860.0,7/64,0.109375,0.4392212,0.0011337
GB_GA_mut_r_0.01_62.5k_3,dis,murcko,60736.0,18/76,0.2368421,0.4104814,0.022178
GB_GA_mut_r_0.01_62.5k_4,dis,murcko,60088.0,16/98,0.1632653,0.3784782,0.0052423
GB_GA_mut_r_0.01_62.5k_mean,dis,murcko,60617.2,-,0.1685205,0.4034895,0.0063985
