name,type_cluster,scaffold,SSo,TUPOR_,TUPOR,SESY,ASER
GB_GA_mut_r_0.01_62.5k_0,dis,murcko,60805,9/92,0.09782608695652174,0.39329002549132475,0.00312474303100074
