name,type_cluster,scaffold,SSo,TUPOR_,TUPOR,SESY,ASER
GB_GA_mut_r_0.01_62.5k_2,dis,murcko,60860,7/64,0.109375,0.43922116332566546,0.0011337495892211633
