name,type_cluster,scaffold,SSo,TUPOR_,TUPOR,SESY,ASER
GB_GA_mut_r_0.01_62.5k_4,dis,murcko,60088,16/98,0.16326530612244897,0.3784782319265078,0.005242311276794035
