name,type_cluster,scaffold,SSo,TUPOR_,TUPOR,SESY,ASER
GB_GA_mut_r_0.01_62.5k_4,dis,murcko,62494,5/98,0.05102040816326531,0.6636957147886197,0.00048004608442410473
