name,type_cluster,scaffold,SSo,TUPOR_,TUPOR,SESY,ASER
GB_GA_mut_r_0.01_62.5k_3,dis,murcko,60736,18/76,0.23684210526315788,0.4104814278187566,0.02217795047418335
