name,type_cluster,scaffold,USo,SSo,TUPOR_,TUPOR,SESY,ASER,CwASo
GB_GA_mut_r_0.01_62.5k_1,dis,murcko,39205,62491,1/34,0.029411764705882353,0.6273703413291514,3.2005632991406486e-05,2
