name,type_cluster,scaffold,USo,SSo,TUPOR_,TUPOR,SESY,ASER,CwASo
DrugEx_GT_epsilon_0.6_62.5k_0,dis,csk,"28,136.0","62,121.0",27/42,0.6428571,0.4529225,0.0278637,"1,684.0"
DrugEx_GT_epsilon_0.6_62.5k_1,dis,csk,"23,905.0","62,295.0",18/41,0.4390244,0.3837387,0.00604,374.0
DrugEx_GT_epsilon_0.6_62.5k_2,dis,csk,"24,958.0","62,218.0",35/45,0.7777778,0.4011379,0.0141979,871.0
DrugEx_GT_epsilon_0.6_62.5k_3,dis,csk,"25,289.0","62,355.0",25/47,0.5319149,0.4055649,0.0307804,"1,862.0"
DrugEx_GT_epsilon_0.6_62.5k_4,dis,csk,"25,459.0","62,077.0",23/41,0.5609756,0.4101197,0.018641,"1,136.0"
DrugEx_GT_epsilon_0.6_62.5k_mean,dis,csk,"25,549.4","62,213.2",-,0.59051,0.4106967,0.0195046,"1,185.4"
