name,type_cluster,scaffold,USo,SSo,TUPOR_,TUPOR,SESY,ASER,CwASo
DrugEx_GT_epsilon_0.6_62.5k_0,dis,csk,28136.0,62121.0,27/42,0.6428571,0.4529225,0.0278637,1684.0
DrugEx_GT_epsilon_0.6_62.5k_1,dis,csk,23905.0,62295.0,18/41,0.4390244,0.3837387,0.00604,374.0
DrugEx_GT_epsilon_0.6_62.5k_2,dis,csk,24958.0,62218.0,35/45,0.7777778,0.4011379,0.0141979,871.0
DrugEx_GT_epsilon_0.6_62.5k_3,dis,csk,25289.0,62355.0,25/47,0.5319149,0.4055649,0.0307804,1862.0
DrugEx_GT_epsilon_0.6_62.5k_4,dis,csk,25459.0,62077.0,23/41,0.5609756,0.4101197,0.018641,1136.0
DrugEx_GT_epsilon_0.6_62.5k_mean,dis,csk,25549.4,62213.2,-,0.59051,0.4106967,0.0195046,1185.4
