name,type_cluster,scaffold,USo,SSo,TUPOR_,TUPOR,SESY,ASER,CwASo
DrugEx_GT_epsilon_0.6_62.5k_2,dis,csk,24958,62218,35/45,0.7777777777777778,0.4011379343598316,0.01419792328883238,871
