name,type_cluster,scaffold,SSo,TUPOR_,TUPOR,SESY,ASER
DrugEx_GT_epsilon_0.6_62.5k_1,dis,csk,62295,18/41,0.43902439024390244,0.38373866281403,0.006039954135107637
