name,type_cluster,scaffold,SSo,TUPOR_,TUPOR,SESY,ASER
DrugEx_GT_epsilon_0.6_62.5k_2,dis,csk,62218,35/45,0.7777777777777778,0.4011379343598316,0.013999164229001253
