name,type_cluster,scaffold,USo,SSo,TUPOR_,TUPOR,SESY,ASER,CwASo
DrugEx_GT_epsilon_0.6_62.5k_0,dis,csk,28136,62121,27/42,0.6428571428571429,0.45292252217446594,0.027863725863295663,1684
