name,type_cluster,scaffold,USo,SSo,TUPOR_,TUPOR,SESY,ASER,CwASo
DrugEx_GT_epsilon_0.6_62.5k_3,dis,csk,25289,62355,25/47,0.5319148936170213,0.40556491059257477,0.03078042087514258,1862
