name,type_cluster,scaffold,SSo,TUPOR_,TUPOR,SESY,ASER
DrugEx_GT_epsilon_0.1_62.5k_0,sim,csk,62453.0,36/46,0.7826087,0.4949162,0.0453781
DrugEx_GT_epsilon_0.1_62.5k_1,sim,csk,62419.0,30/44,0.6818182,0.3060607,0.0168378
DrugEx_GT_epsilon_0.1_62.5k_2,sim,csk,62391.0,27/42,0.6428571,0.3189242,0.0119408
DrugEx_GT_epsilon_0.1_62.5k_3,sim,csk,62446.0,20/42,0.4761905,0.3152484,0.0249335
DrugEx_GT_epsilon_0.1_62.5k_4,sim,csk,62475.0,17/42,0.4047619,0.2934934,0.0039056
DrugEx_GT_epsilon_0.1_62.5k_mean,sim,csk,62436.8,-,0.5976473,0.3457286,0.0205992
