name,type_cluster,scaffold,SSo,TUPOR_,TUPOR,SESY,ASER
DrugEx_GT_epsilon_0.1_62.5k_0,sim,csk,62453,36/46,0.782608695652174,0.4949161769650777,0.04537812434951083
