name,type_cluster,scaffold,SSo,TUPOR_,TUPOR,SESY,ASER
DrugEx_GT_epsilon_0.1_62.5k_4,sim,csk,62475,17/42,0.40476190476190477,0.2934933973589436,0.003920875447927881
