name,type_cluster,scaffold,USo,SSo,TUPOR_,TUPOR,SESY,ASER,CwASo
DrugEx_GT_epsilon_0.1_62.5k_2,sim,csk,19898,62391,27/42,0.6428571428571429,0.31892420381144715,0.012085131233170036,745
