name,type_cluster,scaffold,USo,SSo,TUPOR_,TUPOR,SESY,ASER,CwASo
DrugEx_GT_epsilon_0.1_62.5k_1,sim,csk,19104,62419,30/44,0.6818181818181818,0.30606065460837245,0.01712618954503976,1051
