name,type_cluster,scaffold,SSo,TUPOR_,TUPOR,SESY,ASER
DrugEx_GT_epsilon_0.1_62.5k_1,sim,csk,62419,30/44,0.6818181818181818,0.30606065460837245,0.01712618954503976
