name,type_cluster,scaffold,SSo,TUPOR_,TUPOR,SESY,ASER
DrugEx_GT_epsilon_0.1_62.5k_2,sim,csk,62391,27/42,0.6428571428571429,0.31892420381144715,0.011940824798448494
