name,type_cluster,scaffold,USo,SSo,TUPOR_,TUPOR,SESY,ASER,CwASo
DrugEx_GT_epsilon_0.1_62.5k_0,sim,csk,30909,62453,36/46,0.782608695652174,0.4949161769650777,0.0475351817373656,2834
