name,type_cluster,scaffold,USo,SSo,TUPOR_,TUPOR,SESY,ASER,CwASo
DrugEx_GT_epsilon_0.1_62.5k_4,sim,csk,18336,62475,17/42,0.40476190476190477,0.2934933973589436,0.003920875447927881,244
