name,type_cluster,scaffold,SSo,TUPOR_,TUPOR,SESY,ASER
GB_GA_mut_r_0.5_62.5k_0,sim,csk,62495.0,25/46,0.5434783,0.3050324,0.0491079
GB_GA_mut_r_0.5_62.5k_1,sim,csk,47471.0,16/44,0.3636364,0.1017885,0.0120705
GB_GA_mut_r_0.5_62.5k_2,sim,csk,48913.0,15/42,0.3571429,0.1132623,0.0250036
GB_GA_mut_r_0.5_62.5k_3,sim,csk,50814.0,8/42,0.1904762,0.1224662,0.0457748
GB_GA_mut_r_0.5_62.5k_4,sim,csk,49424.0,10/42,0.2380952,0.1153286,0.0008093
GB_GA_mut_r_0.5_62.5k_mean,sim,csk,51823.4,-,0.3385658,0.1515756,0.0265532
