name,type_cluster,scaffold,USo,SSo,TUPOR_,TUPOR,SESY,ASER,CwASo
GB_GA_mut_r_0.5_62.5k_0,sim,csk,"5,215.0","56,793.0",34/46,0.7391304,0.0918247,0.3753663,"15,500.0"
GB_GA_mut_r_0.5_62.5k_1,sim,csk,"3,131.0","52,905.0",28/44,0.6363636,0.0591816,0.0182655,949.0
GB_GA_mut_r_0.5_62.5k_2,sim,csk,"3,106.0","53,201.0",22/42,0.5238095,0.0583824,0.0356031,"1,829.0"
GB_GA_mut_r_0.5_62.5k_3,sim,csk,"3,311.0","53,610.0",17/42,0.4047619,0.0617609,0.0932784,"4,574.0"
GB_GA_mut_r_0.5_62.5k_4,sim,csk,"3,210.0","53,553.0",14/42,0.3333333,0.0599406,0.0033725,180.0
GB_GA_mut_r_0.5_62.5k_mean,sim,csk,"3,594.6","54,012.4",-,0.5274798,0.066218,0.1051771,"4,606.4"
