name,type_cluster,scaffold,SSo,TUPOR_,TUPOR,SESY,ASER
GB_GA_mut_r_0.5_62.5k_0,sim,csk,"58,760.0",39/46,0.8478261,0.1464091,0.1769741
GB_GA_mut_r_0.5_62.5k_1,sim,csk,"58,004.0",29/44,0.6590909,0.0849941,0.024119
GB_GA_mut_r_0.5_62.5k_2,sim,csk,"57,800.0",31/42,0.7380952,0.0874394,0.0436332
GB_GA_mut_r_0.5_62.5k_3,sim,csk,"57,976.0",25/42,0.5952381,0.0886401,0.0690631
GB_GA_mut_r_0.5_62.5k_4,sim,csk,"57,971.0",20/42,0.4761905,0.0885443,0.007797
GB_GA_mut_r_0.5_62.5k_mean,sim,csk,"58,102.2",-,0.6632882,0.0992054,0.0643173
