name,type_cluster,scaffold,USo,SSo,TUPOR_,TUPOR,SESY,ASER,CwASo
GB_GA_mut_r_0.5_62.5k_3,sim,csk,3311,53610,17/42,0.40476190476190477,0.06176086551016601,0.09327840770046497,4574
