name,type_cluster,scaffold,USo,SSo,TUPOR_,TUPOR,SESY,ASER,CwASo
GB_GA_mut_r_0.5_62.5k_3,sim,csk,6223,50814,8/42,0.19047619047619047,0.12246624945881056,0.04797063190892592,2326
