name,type_cluster,scaffold,USo,SSo,TUPOR_,TUPOR,SESY,ASER,CwASo
GB_GA_mut_r_0.5_62.5k_2,sim,csk,3106,53201,22/42,0.5238095238095238,0.058382361233811395,0.03560305224635989,1829
