name,type_cluster,scaffold,USo,SSo,TUPOR_,TUPOR,SESY,ASER,CwASo
GB_GA_mut_r_0.5_62.5k_0,sim,csk,5215,56793,34/46,0.7391304347826086,0.09182469670557991,0.37536628484246726,15500
