name,type_cluster,scaffold,SSo,TUPOR_,TUPOR,SESY,ASER
GB_GA_mut_r_0.5_62.5k_2,sim,csk,57800,31/42,0.7380952380952381,0.08743944636678201,0.043633217993079586
