name,type_cluster,scaffold,USo,SSo,TUPOR_,TUPOR,SESY,ASER,CwASo
GB_GA_mut_r_0.5_62.5k_1,sim,csk,3131,52905,28/44,0.6363636363636364,0.05918155183820055,0.018265455385326045,949
