name,type_cluster,scaffold,SSo,TUPOR_,TUPOR,SESY,ASER
GB_GA_mut_r_0.5_62.5k_1,sim,csk,58004,29/44,0.6590909090909091,0.08499413833528723,0.024119026274050066
