name,type_cluster,scaffold,SSo,TUPOR_,TUPOR,SESY,ASER
GB_GA_mut_r_0.5_62.5k_4,sim,csk,49424,10/42,0.23809523809523808,0.11532858530268696,0.0008093234056328909
