name,type_cluster,scaffold,SSo,TUPOR_,TUPOR,SESY,ASER
GB_GA_mut_r_0.5_62.5k_3,sim,csk,57976,25/42,0.5952380952380952,0.08864012694908238,0.0690630605767904
