name,type_cluster,scaffold,USo,SSo,TUPOR_,TUPOR,SESY,ASER,CwASo
GB_GA_mut_r_0.5_62.5k_1,sim,csk,4832,47471,16/44,0.36363636363636365,0.10178846032314466,0.012218005032197535,573
