name,type_cluster,scaffold,SSo,TUPOR_,TUPOR,SESY,ASER
GB_GA_mut_r_0.5_62.5k_4,sim,csk,57971,20/42,0.47619047619047616,0.08854427213606804,0.007797001949250488
