name,type_cluster,scaffold,USo,SSo,TUPOR_,TUPOR,SESY,ASER,CwASo
GB_GA_mut_r_0.5_62.5k_4,sim,csk,3210,53553,14/42,0.3333333333333333,0.05994061957313316,0.0033724917092912148,180
