name,type_cluster,scaffold,SSo,TUPOR_,TUPOR,SESY,ASER
GB_GA_mut_r_0.5_62.5k_0,sim,csk,62495,25/46,0.5434782608695652,0.3050324025922074,0.05164406152189278
