name,type_cluster,scaffold,USo,SSo,TUPOR_,TUPOR,SESY,ASER,CwASo
GB_GA_mut_r_0.5_62.5k_4,sim,csk,5700,49424,10/42,0.23809523809523808,0.11532858530268696,0.0008099789405475458,40
