name,type_cluster,scaffold,USo,SSo,TUPOR_,TUPOR,SESY,ASER,ACR,CwASo
DrugEx_GT_epsilon_0.1_500k_0,sim,csk,165885.0,499730.0,40/46,0.8695652,0.3319493,0.0483751,0.0002412,23059.0
DrugEx_GT_epsilon_0.1_500k_1,sim,csk,97382.0,499333.0,34/44,0.7727273,0.1950242,0.0170461,0.0003493,8369.0
DrugEx_GT_epsilon_0.1_500k_2,sim,csk,103178.0,499333.0,35/42,0.8333333,0.2066316,0.0117787,0.0003393,5813.0
DrugEx_GT_epsilon_0.1_500k_3,sim,csk,96519.0,499602.0,29/42,0.6904762,0.1931918,0.0250601,0.0003005,12214.0
DrugEx_GT_epsilon_0.1_500k_4,sim,csk,90072.0,499743.0,29/42,0.6904762,0.1802366,0.0035524,0.0003221,1769.0
DrugEx_GT_epsilon_0.1_500k_mean,sim,csk,110607.2,499548.2,-,0.7713156,0.2214067,0.0211625,0.0003105,10244.8
