name,type_cluster,scaffold,USo,SSo,TUPOR_,TUPOR,SESY,ASER,ACR,CwASo
DrugEx_GT_epsilon_0.1_500k_2,sim,csk,103178,499333,35/42,0.8333333333333334,0.20663164661658653,0.011778651321121738,0.00033933471006272845,5813
