name,type_cluster,scaffold,SSo,TUPOR_,TUPOR,SESY,ASER
DrugEx_GT_epsilon_0.1_500k_4,sim,csk,499743,29/42,0.6904761904761905,0.18023664163379977,0.003552394301710531
