name,type_cluster,scaffold,SSo,TUPOR_,TUPOR,SESY,ASER
DrugEx_GT_epsilon_0.1_500k_3,sim,csk,499602,29/42,0.6904761904761905,0.1931917806574033,0.02444746017830193
