name,type_cluster,scaffold,USo,SSo,TUPOR_,TUPOR,SESY,ASER,ACR,CwASo
DrugEx_GT_epsilon_0.1_500k_1,sim,csk,97382,499333,34/44,0.7727272727272727,0.19502416223241806,0.01704605632999568,0.0003492624399063155,8369
