name,type_cluster,scaffold,SSo,TUPOR_,TUPOR,SESY,ASER
DrugEx_GT_epsilon_0.1_500k_2,sim,csk,499333,35/42,0.8333333333333334,0.20663164661658653,0.011641529800754205
