name,type_cluster,scaffold,SSo,TUPOR_,TUPOR,SESY,ASER
DrugEx_GT_epsilon_0.1_500k_1,sim,csk,499333,34/44,0.7727272727272727,0.19502416223241806,0.01704605632999568
