name,type_cluster,scaffold,USo,SSo,TUPOR_,TUPOR,SESY,ASER,ACR,CwASo
DrugEx_GT_epsilon_0.1_500k_3,sim,csk,96519,499602,29/42,0.6904761904761905,0.1931917806574033,0.025060116375454463,0.0003005492797181055,12214
