name,type_cluster,scaffold,SSo,TUPOR_,TUPOR,SESY,ASER
DrugEx_GT_epsilon_0.1_500k_0,sim,csk,499730,40/46,0.8695652173913043,0.33194925259640207,0.04614291717527465
