name,type_cluster,scaffold,USo,SSo,TUPOR_,TUPOR,SESY,ASER,ACR,CwASo
DrugEx_GT_epsilon_0.1_500k_4,sim,csk,90072,499743,29/42,0.6904761904761905,0.18023664163379977,0.003552394301710531,0.00032206834512399634,1769
