name,type_cluster,scaffold,USo,SSo,TUPOR_,TUPOR,SESY,ASER,ACR,CwASo
DrugEx_GT_epsilon_0.1_500k_0,sim,csk,165885,499730,40/46,0.8695652173913043,0.33194925259640207,0.048375084702027185,0.00024118906207603485,23059
