name,type_cluster,scaffold,SSo,TUPOR_,TUPOR,SESY,ASER
REINVENT_500k_0,sim,csk,"496,570.0",25/38,0.6578947,0.1843647,0.0142941
REINVENT_500k_1,sim,csk,"495,053.0",19/38,0.5,0.265513,0.0117179
REINVENT_500k_2,sim,csk,"492,416.0",21/37,0.5675676,0.1791514,0.0064803
REINVENT_500k_3,sim,csk,"497,460.0",22/35,0.6285714,0.0931412,0.00118
REINVENT_500k_4,sim,csk,"494,744.0",14/35,0.4,0.0805629,0.0095848
REINVENT_500k_mean,sim,csk,"495,248.6",-,0.5508067,0.1605466,0.0086514
