name,type_cluster,scaffold,USo,SSo,TUPOR_,TUPOR,SESY,ASER,ACR,CwASo
REINVENT_500k_2,sim,csk,88215,492414,21/37,0.5675675675675675,0.1791480339714143,0.006522587858706561,0.0002381114361521192,3191
