name,type_cluster,scaffold,SSo,TUPOR_,TUPOR,SESY,ASER
REINVENT_500k_0,sim,csk,496570,25/38,0.6578947368421053,0.18436474213101878,0.014294057232615743
