name,type_cluster,scaffold,USo,SSo,TUPOR_,TUPOR,SESY,ASER,ACR,CwASo
REINVENT_500k_3,sim,csk,46334,497460,22/35,0.6285714285714286,0.09314115707795602,0.0011813884030728173,0.0004750388668163759,587
