name,type_cluster,scaffold,SSo,TUPOR_,TUPOR,SESY,ASER
REINVENT_500k_2,sim,csk,492416,21/37,0.5675675675675675,0.1791513679490512,0.0064802930855211854
