name,type_cluster,scaffold,SSo,TUPOR_,TUPOR,SESY,ASER
REINVENT_500k_3,sim,csk,497460,22/35,0.6285714285714286,0.09314115707795602,0.0011799943714067463
