name,type_cluster,scaffold,USo,SSo,TUPOR_,TUPOR,SESY,ASER,ACR,CwASo
REINVENT_500k_1,sim,csk,131442,495051,19/38,0.5,0.26551203815364477,0.011856923863055698,0.00014457134595923088,5801
