name,type_cluster,scaffold,USo,SSo,TUPOR_,TUPOR,SESY,ASER,ACR,CwASo
REINVENT_500k_0,sim,csk,91550,496569,25/38,0.6578947368421053,0.1843651134082071,0.014501369846221737,0.0002731494127287626,7098
