name,type_cluster,scaffold,USo,SSo,TUPOR_,TUPOR,SESY,ASER,ASR,CwASo
REINVENT_500k_3,sim,csk,113315,496974,22/35,0.6285714285714286,0.2280099160117028,0.01079389098719255,0.00019418675469799545,5307
