name,type_cluster,scaffold,USo,SSo,TUPOR_,TUPOR,SESY,ASER,ACR,CwASo
REINVENT_500k_4,sim,csk,39858,494744,14/35,0.4,0.08056287696263117,0.009677511520361141,0.00035137034434293746,4742
