name,type_cluster,scaffold,USo,SSo,TUPOR_,TUPOR,SESY,ASER,ASR,CwASo
REINVENT_500k_4,sim,csk,104687,496856,16/35,0.45714285714285713,0.21069887452300062,0.002898550724637681,0.000152859913443074,1436
