name,type_cluster,scaffold,USo,SSo,TUPOR_,TUPOR,SESY,ASER,ASR,CwASo
REINVENT_500k_1,sim,csk,109405,497363,17/38,0.4473684210526316,0.219970122425673,0.021075884269457622,0.00015541009982813472,10266
