name,type_cluster,scaffold,USo,SSo,TUPOR_,TUPOR,SESY,ASER,ASR,CwASo
REINVENT_500k_2,sim,csk,104461,497262,20/37,0.5405405405405406,0.21007235622267537,0.01865595968493614,0.00019149567698509206,9107
