name,type_cluster,scaffold,SSo,TUPOR_,TUPOR,SESY,ASER
REINVENT_62.5k_4,sim,csk,61822,12/42,0.2857142857142857,0.24413639157581443,0.004109210804138446
