name,type_cluster,scaffold,USo,SSo,TUPOR_,TUPOR,SESY,ASER,CwASo
REINVENT_62.5k_1,sim,csk,13699,61824,18/44,0.4090909090909091,0.221580615942029,0.01831598366056134,1112
