name,type_cluster,scaffold,USo,SSo,TUPOR_,TUPOR,SESY,ASER,CwASo
DrugEx_RNN_epsilon_0.1_125k_3,dis,murcko,70554,124962,3/76,0.039473684210526314,0.5646036395064099,0.0011697218305345468,146
