name,type_cluster,scaffold,SSo,TUPOR_,TUPOR,SESY,ASER
DrugEx_RNN_epsilon_0.1_125k_0,dis,murcko,124987,2/92,0.021739130434782608,0.4767775848688264,1.6001664173074e-05
