name,type_cluster,scaffold,USo,SSo,TUPOR_,TUPOR,SESY,ASER,CwASo
DrugEx_RNN_epsilon_0.1_125k_4,dis,murcko,76234,124974,4/98,0.04081632653061224,0.6099988797669915,0.0017393813573587053,217
