name,type_cluster,scaffold,SSo,TUPOR_,TUPOR,SESY,ASER
DrugEx_RNN_epsilon_0.1_125k_3,dis,murcko,124962,3/76,0.039473684210526314,0.5646036395064099,0.0011683551799747123
