name,type_cluster,scaffold,USo,SSo,TUPOR_,TUPOR,SESY,ASER,CwASo
DrugEx_RNN_epsilon_0.1_125k_0,dis,murcko,59591,124987,2/92,0.021739130434782608,0.4767775848688264,1.600192023042765e-05,2
