name,type_cluster,scaffold,SSo,TUPOR_,TUPOR,SESY,ASER
DrugEx_RNN_epsilon_0.1_125k_4,dis,murcko,124974,4/98,0.04081632653061224,0.6099988797669915,0.0017363611631219294
