name,type_cluster,scaffold,USo,SSo,TUPOR_,TUPOR,SESY,ASER,CwASo
DrugEx_RNN_epsilon_0.1_125k_1,dis,murcko,64246,124964,2/34,0.058823529411764705,0.514116065426843,0.00030418007460416565,38
