name,type_cluster,scaffold,SSo,TUPOR_,TUPOR,SESY,ASER
GB_GA_mut_r_0.5_0,dis,csk,"755,574.0",18/42,0.4285714,0.0398399,0.0232883
GB_GA_mut_r_0.5_1,dis,csk,"757,862.0",17/41,0.4146341,0.0456957,0.0019067
GB_GA_mut_r_0.5_2,dis,csk,"808,549.0",21/45,0.4666667,0.0521737,0.0004712
GB_GA_mut_r_0.5_3,dis,csk,"999,839.0",27/47,0.5744681,0.0863979,0.0190351
GB_GA_mut_r_0.5_4,dis,csk,"735,902.0",12/41,0.2926829,0.0428413,0.0280785
GB_GA_mut_r_0.5_mean,dis,csk,"811,545.2",-,0.4354047,0.0533897,0.0145559
