name,type_cluster,scaffold,SSo,TUPOR_,TUPOR,SESY,ASER
GB_GA_mut_r_0.5_4,dis,csk,735902,12/41,0.2926829268292683,0.042841302238613294,0.028889643881276048
