name,type_cluster,scaffold,USo,SSo,TUPOR_,TUPOR,SESY,ASER,ACR,CwASo
GB_GA_mut_r_0.5_0,dis,csk,19321,856784,29/42,0.6904761904761905,0.02255060785448841,0.06461096490247097,0.0015032137673647108,51998
