name,type_cluster,scaffold,USo,SSo,TUPOR_,TUPOR,SESY,ASER,CwASo
GB_GA_mut_r_0.5_0,dis,csk,30102,755574,18/42,0.42857142857142855,0.03983990979043747,0.023843529210897885,17596
