name,type_cluster,scaffold,USo,SSo,TUPOR_,TUPOR,SESY,ASER,CwASo
GB_GA_mut_r_0.5_1,dis,csk,34631,757862,17/41,0.4146341463414634,0.0456956543539589,0.00191032195204497,1445
