name,type_cluster,scaffold,USo,SSo,TUPOR_,TUPOR,SESY,ASER,CwASo
GB_GA_mut_r_0.5_4,dis,csk,17081,852028,25/41,0.6097560975609756,0.02004746322890797,0.0144241129736056,12115
