name,type_cluster,scaffold,SSo,TUPOR_,TUPOR,SESY,ASER
GB_GA_mut_r_0.5_2,dis,csk,913025,39/45,0.8666666666666667,0.033118479778757426,0.004017414638153391
