name,type_cluster,scaffold,USo,SSo,TUPOR_,TUPOR,SESY,ASER,ACR,CwASo
GB_GA_mut_r_0.5_1,dis,csk,18763,845730,19/41,0.4634146341463415,0.02218556749790122,0.005752218177580263,0.0010136577037985488,4837
