name,type_cluster,scaffold,USo,SSo,TUPOR_,TUPOR,SESY,ASER,ACR,CwASo
GB_GA_mut_r_0.5_3,dis,csk,20028,884523,26/47,0.5531914893617021,0.022642712512845907,0.5143841350771554,0.0012998700129987,300442
