name,type_cluster,scaffold,SSo,TUPOR_,TUPOR,SESY,ASER
GB_GA_mut_r_0.5_3,dis,csk,999839,27/47,0.574468085106383,0.08639791006352023,0.019035064645407912
