name,type_cluster,scaffold,USo,SSo,TUPOR_,TUPOR,SESY,ASER,CwASo
GB_GA_mut_r_0.5_3,dis,csk,86384,999839,27/47,0.574468085106383,0.08639791006352023,0.019404429209824155,19032
