name,type_cluster,scaffold,SSo,TUPOR_,TUPOR,SESY,ASER
GB_GA_mut_r_0.5_1,dis,csk,911965,26/41,0.6341463414634146,0.03610884189634471,0.011833787480879201
