name,type_cluster,scaffold,SSo,TUPOR_,TUPOR,SESY,ASER
GB_GA_mut_r_0.5_125k_0,sim,murcko,119440,40/115,0.34782608695652173,0.3903131279303416,0.02208640321500335
