name,type_cluster,scaffold,USo,SSo,TUPOR_,TUPOR,SESY,ASER,CwASo
GB_GA_mut_r_0.5_125k_3,sim,murcko,60629,124996,7/51,0.13725490196078433,0.48504752152068864,0.005688355365317929,707
