name,type_cluster,scaffold,SSo,TUPOR_,TUPOR,SESY,ASER
GB_GA_mut_r_0.5_125k_2,sim,murcko,119070,17/58,0.29310344827586204,0.34523389602754684,0.0014613252708490804
