name,type_cluster,scaffold,USo,SSo,TUPOR_,TUPOR,SESY,ASER,CwASo
GB_GA_mut_r_0.5_125k_2,sim,murcko,66148,124993,3/58,0.05172413793103448,0.5292136359636139,0.0035165188069527517,438
