name,type_cluster,scaffold,SSo,TUPOR_,TUPOR,SESY,ASER
GB_GA_mut_r_0.5_125k_3,sim,murcko,118939,20/51,0.39215686274509803,0.347631979418021,0.0039684207871261735
