name,type_cluster,scaffold,USo,SSo,TUPOR_,TUPOR,SESY,ASER,CwASo
GB_GA_mut_r_0.5_125k_0,sim,murcko,56053,124987,10/115,0.08695652173913043,0.44847064094665845,0.0032106078483308854,400
