name,type_cluster,scaffold,USo,SSo,TUPOR_,TUPOR,SESY,ASER,ACR,CwASo
Molpher_0,dis,murcko,465723.0,1568894.0,22/106,0.2075472,0.296848,0.0056819,4.72e-05,8864.0
Molpher_1,dis,murcko,490128.0,1598264.0,12/96,0.125,0.3066627,0.0006417,2.45e-05,1025.0
Molpher_2,dis,murcko,458488.0,1507238.0,39/102,0.3823529,0.3041908,0.001348,8.51e-05,2029.0
Molpher_3,dis,murcko,500733.0,1611542.0,14/62,0.2258065,0.3107167,0.0014199,2.8e-05,2285.0
Molpher_4,dis,murcko,516435.0,1720969.0,22/71,0.3098592,0.3000838,0.0030471,4.26e-05,5228.0
Molpher_mean,dis,murcko,486301.4,1601381.4,-,0.2501131,0.3037004,0.0024277,4.55e-05,3886.2
