name,type_cluster,scaffold,SSo,TUPOR_,TUPOR,SESY,ASER
Molpher_3,dis,murcko,1611542,14/62,0.22580645161290322,0.31071669245976835,0.0014178966480550925
