name,type_cluster,scaffold,USo,SSo,TUPOR_,TUPOR,SESY,ASER,ACR,CwASo
Molpher_4,dis,murcko,516435,1720969,22/71,0.30985915492957744,0.30008384811115135,0.00304707994971269,4.260156115357282e-05,5228
