name,type_cluster,scaffold,USo,SSo,TUPOR_,TUPOR,SESY,ASER,ACR,CwASo
Molpher_3,dis,murcko,500733,1611542,14/62,0.22580645161290322,0.31071669245976835,0.0014199099335904706,2.7959793816491884e-05,2285
