name,type_cluster,scaffold,SSo,TUPOR_,TUPOR,SESY,ASER
Molpher_4,dis,murcko,1720969,22/71,0.30985915492957744,0.30008384811115135,0.0030378234587607332
