name,type_cluster,scaffold,USo,SSo,TUPOR_,TUPOR,SESY,ASER,ACR,CwASo
Molpher_1,dis,murcko,490128,1598264,12/96,0.125,0.3066627290610312,0.0006417323894545525,2.4483999706192004e-05,1025
