name,type_cluster,scaffold,USo,SSo,TUPOR_,TUPOR,SESY,ASER,ACR,CwASo
Molpher_0,dis,murcko,465723,1568894,22/106,0.20754716981132076,0.29684797060859436,0.005681942013935629,4.72406114652964e-05,8864
