name,type_cluster,scaffold,uniq_scaffolds,set_size,TUPOR_,TUPOR,TUPOR_new,SESY,ASER,tRS
Molpher_0,dis,murcko,465723,1569028,22/106,0.20754716981132076,1.3227754368393728e-07,0.29682261884427813,0.00564935743657857,8864
