name,type_cluster,scaffold,SSo,TUPOR_,TUPOR,SESY,ASER
Molpher_0,dis,murcko,1568894,22/106,0.20754716981132076,0.29684797060859436,0.005681942013935629
