name,type_cluster,scaffold,SSo,TUPOR_,TUPOR,SESY,ASER
Molpher_2,dis,murcko,1507238,39/102,0.38235294117647056,0.3041908444452701,0.001346170943142357
