name,type_cluster,scaffold,USo,SSo,TUPOR_,TUPOR,SESY,ASER,ACR,CwASo
GB_GA_mut_r_0.01_100k_0,sim,csk,37510,100000,21/46,0.45652173913043476,0.3751,0.020095889013567275,0.0005601643148656939,1970
