name,type_cluster,scaffold,USo,SSo,TUPOR_,TUPOR,SESY,ASER,ACR,CwASo
GB_GA_mut_r_0.01_100k_2,sim,csk,9434,89131,14/42,0.3333333333333333,0.10584420684161515,0.027008653369744316,0.00148619957537155,2344
