name,type_cluster,scaffold,USo,SSo,TUPOR_,TUPOR,SESY,ASER,ACR,CwASo
DrugEx_RNN_epsilon_0.1_100k_0,sim,csk,14542.0,97596.0,33/46,0.7173913,0.149002,0.2108985,0.0022745,16998.0
DrugEx_RNN_epsilon_0.1_100k_1,sim,csk,12823.0,98197.0,18/44,0.4090909,0.1305844,0.0414912,0.0014057,3912.0
DrugEx_RNN_epsilon_0.1_100k_2,sim,csk,16628.0,98611.0,25/42,0.5952381,0.1686222,0.0241574,0.0015058,2326.0
DrugEx_RNN_epsilon_0.1_100k_3,sim,csk,12612.0,98528.0,15/42,0.3571429,0.1280042,0.0494653,0.0011908,4644.0
DrugEx_RNN_epsilon_0.1_100k_4,sim,csk,10512.0,95262.0,15/42,0.3571429,0.1103483,0.0030641,0.001429,291.0
DrugEx_RNN_epsilon_0.1_100k_mean,sim,csk,13423.4,97638.8,-,0.4872012,0.1373122,0.0658153,0.0015611,5634.2
