name,type_cluster,scaffold,USo,SSo,TUPOR_,TUPOR,SESY,ASER,ACR,CwASo
DrugEx_RNN_epsilon_0.6_0,dis,csk,"100,159.0","881,901.0",36/42,0.8571429,0.1135717,0.0360509,0.0003596,"30,687.0"
DrugEx_RNN_epsilon_0.6_1,dis,csk,"100,161.0","878,122.0",34/41,0.8292683,0.1140627,0.0101252,0.0003396,"8,802.0"
DrugEx_RNN_epsilon_0.6_2,dis,csk,"82,171.0","893,798.0",39/45,0.8666667,0.0919346,0.0051856,0.0004748,"4,611.0"
DrugEx_RNN_epsilon_0.6_3,dis,csk,"92,492.0","881,754.0",35/47,0.7446809,0.1048955,0.1013266,0.0003786,"81,125.0"
DrugEx_RNN_epsilon_0.6_4,dis,csk,"66,970.0","873,830.0",30/41,0.7317073,0.0766396,0.0254632,0.0004482,"21,698.0"
DrugEx_RNN_epsilon_0.6_mean,dis,csk,"88,390.6","881,881.0",-,0.8058932,0.1002208,0.0356303,0.0004001,"29,384.6"
