name,type_cluster,scaffold,SSo,TUPOR_,TUPOR,SESY,ASER
DrugEx_RNN_epsilon_0.6_0,dis,csk,"881,901.0",36/42,0.8571429,0.1135717,0.0347964
DrugEx_RNN_epsilon_0.6_1,dis,csk,"878,122.0",34/41,0.8292683,0.1140627,0.0100237
DrugEx_RNN_epsilon_0.6_2,dis,csk,"893,798.0",39/45,0.8666667,0.0919346,0.0051589
DrugEx_RNN_epsilon_0.6_3,dis,csk,"881,754.0",35/47,0.7446809,0.1048955,0.0920041
DrugEx_RNN_epsilon_0.6_4,dis,csk,"873,830.0",30/41,0.7317073,0.0766396,0.0248309
DrugEx_RNN_epsilon_0.6_mean,dis,csk,"881,881.0",-,0.8058932,0.1002208,0.0333628
