name,type_cluster,scaffold,USo,SSo,TUPOR_,TUPOR,SESY,ASER,ACR,CwASo
DrugEx_RNN_epsilon_0.6_0,dis,csk,100159.0,881901.0,36/42,0.8571429,0.1135717,0.0360509,0.0003596,30687.0
DrugEx_RNN_epsilon_0.6_1,dis,csk,100161.0,878122.0,34/41,0.8292683,0.1140627,0.0101252,0.0003396,8802.0
DrugEx_RNN_epsilon_0.6_2,dis,csk,82171.0,893798.0,39/45,0.8666667,0.0919346,0.0051856,0.0004748,4611.0
DrugEx_RNN_epsilon_0.6_3,dis,csk,92492.0,881754.0,35/47,0.7446809,0.1048955,0.1013266,0.0003786,81125.0
DrugEx_RNN_epsilon_0.6_4,dis,csk,66970.0,873830.0,30/41,0.7317073,0.0766396,0.0254632,0.0004482,21698.0
DrugEx_RNN_epsilon_0.6_mean,dis,csk,88390.6,881881.0,-,0.8058932,0.1002208,0.0356303,0.0004001,29384.6
