name,type_cluster,scaffold,SSo,TUPOR_,TUPOR,SESY,ASER
DrugEx_RNN_epsilon_0.6_0,dis,csk,881901,36/42,0.8571428571428571,0.11357170476051166,0.036050863825078064
