name,type_cluster,scaffold,USo,SSo,TUPOR_,TUPOR,SESY,ASER,ACR,CwASo
DrugEx_RNN_epsilon_0.6_0,dis,csk,100159,881901,36/42,0.8571428571428571,0.11357170476051166,0.036050863825078064,0.00035955774397491085,30687
