name,type_cluster,scaffold,SSo,TUPOR_,TUPOR,SESY,ASER
DrugEx_RNN_epsilon_0.6_3,dis,csk,881754,35/47,0.7446808510638298,0.10489546971150683,0.10132658197492221
