name,type_cluster,scaffold,USo,SSo,TUPOR_,TUPOR,SESY,ASER,ACR,CwASo
DrugEx_RNN_epsilon_0.6_1,dis,csk,100161,878122,34/41,0.8292682926829268,0.11406273843497829,0.01012515529379285,0.00033956874769043317,8802
