name,type_cluster,scaffold,USo,SSo,TUPOR_,TUPOR,SESY,ASER,ACR,CwASo
DrugEx_RNN_epsilon_0.6_3,dis,csk,92492,881754,35/47,0.7446808510638298,0.10489546971150683,0.10132658197492221,0.00037855435499745826,81125
