name,type_cluster,scaffold,SSo,TUPOR_,TUPOR,SESY,ASER
DrugEx_RNN_epsilon_0.6_2,dis,csk,893798,39/45,0.8666666666666667,0.09193464295064432,0.005185635867370981
