name,type_cluster,scaffold,SSo,TUPOR_,TUPOR,SESY,ASER
DrugEx_RNN_epsilon_0.6_4,dis,csk,873830,30/41,0.7317073170731707,0.07663962097890895,0.024830916768707873
