name,type_cluster,scaffold,SSo,TUPOR_,TUPOR,SESY,ASER
DrugEx_RNN_epsilon_0.6_1,dis,csk,878122,34/41,0.8292682926829268,0.11406273843497829,0.010023664137784955
