name,type_cluster,scaffold,USo,SSo,TUPOR_,TUPOR,SESY,ASER,ACR,CwASo
DrugEx_RNN_epsilon_0.6_2,dis,csk,82171,893798,39/45,0.8666666666666667,0.09193464295064432,0.005185635867370981,0.00047484537086641017,4611
