name,type_cluster,scaffold,USo,SSo,TUPOR_,TUPOR,SESY,ASER,ACR,CwASo
DrugEx_RNN_epsilon_0.6_4,dis,csk,66970,873830,30/41,0.7317073170731707,0.07663962097890895,0.025463191148789154,0.00044816253361219,21698
