name,type_cluster,scaffold,USo,SSo,TUPOR_,TUPOR,TUPOR_unique,TUPOR_1,TUPOR_2,SESY,ASER,CwASo
DrugEx_RNN_epsilon_0.1_desired_0,dis,csk,43852.0,540248.0,10/40,0.25,0.0570099,8.33e-05,0.0913164,0.0811701,0.0007571,409.0
DrugEx_RNN_epsilon_0.1_desired_1,dis,csk,38017.0,400468.0,8/23,0.3478261,0.0914923,5.47e-05,0.0904451,0.0949314,0.005164,2068.0
DrugEx_RNN_epsilon_0.1_desired_2,dis,csk,55628.0,617489.0,2/40,0.05,0.0089883,1.51e-05,0.0209453,0.0900874,6.5e-06,4.0
DrugEx_RNN_epsilon_0.1_desired_3,dis,csk,41738.0,550408.0,8/37,0.2162162,0.0518032,9e-05,0.1014773,0.075831,0.0010192,561.0
DrugEx_RNN_epsilon_0.1_desired_4,dis,csk,67320.0,465521.0,27/43,0.627907,0.093272,0.00041,0.641956,0.1446122,0.0094733,4410.0
DrugEx_RNN_epsilon_0.1_desired_mean,dis,csk,49311.0,514826.8,-,0.2983899,0.0605131,0.0001306,0.189228,0.0973264,0.003284,1490.4
