name,type_cluster,scaffold,SSo,TUPOR_,TUPOR,SESY,ASER
GB_GA_log_p_mut_r_0.5_62.5k_1,dis,murcko,62498,1/34,0.029411764705882353,0.5318890204486544,1.6000512016384524e-05
