name,type_cluster,scaffold,SSo,TUPOR_,TUPOR,SESY,ASER
GB_GA_log_p_mut_r_0.5_62.5k_4,dis,murcko,62498,3/98,0.030612244897959183,0.5079202534481103,0.0001920061441966143
