name,type_cluster,scaffold,USo,SSo,TUPOR_,TUPOR,SESY,ASER,CwASo
addcarbon_125k_4,sim,csk,933,125000,12/42,0.2857142857142857,0.007464,0.0035243776141810038,439
