name,type_cluster,scaffold,SSo,TUPOR_,TUPOR,SESY,ASER
addcarbon_125k_2,sim,csk,125000,12/42,0.2857142857142857,0.007696,0.009994909625655487
