name,type_cluster,scaffold,USo,SSo,TUPOR_,TUPOR,SESY,ASER,CwASo
addcarbon_125k_3,sim,csk,905,125000,15/42,0.35714285714285715,0.00724,0.01074625417438203,1329
