name,type_cluster,scaffold,USo,SSo,TUPOR_,TUPOR,SESY,ASER,CwASo
addcarbon_125k_0,sim,csk,952,125000,21/46,0.45652173913043476,0.007616,0.03117446647033105,3779
