name,type_cluster,scaffold,SSo,TUPOR_,TUPOR,SESY,ASER
addcarbon_125k_3,sim,csk,125000,15/42,0.35714285714285715,0.00724,0.01074625417438203
