name,type_cluster,scaffold,SSo,TUPOR_,TUPOR,SESY,ASER
addcarbon_125k_0,sim,csk,125000,21/46,0.45652173913043476,0.007616,0.03117446647033105
