name,type_cluster,scaffold,USo,SSo,TUPOR_,TUPOR,SESY,ASER,CwASo
addcarbon_125k_1,sim,csk,939,125000,16/44,0.36363636363636365,0.007512,0.009954107685346778,1232
