name,type_cluster,scaffold,USo,SSo,TUPOR_,TUPOR,SESY,ASER,ACR,CwASo
GB_GA_mut_r_0.01_10k_0,dis,murcko,3611,8699,5/106,0.04716981132075472,0.415105184503966,0.011982317356910192,0.0013865779256794233,103
