name,type_cluster,scaffold,SSo,TUPOR_,TUPOR,SESY,ASER
GB_GA_mut_r_0.5_0,dis,murcko,"928,590.0",45/106,0.4245283,0.2531516,0.0340613
GB_GA_mut_r_0.5_1,dis,murcko,"912,029.0",12/96,0.125,0.2355221,0.0011239
GB_GA_mut_r_0.5_2,dis,murcko,"913,181.0",45/102,0.4411765,0.2219571,0.0010677
GB_GA_mut_r_0.5_3,dis,murcko,"930,362.0",16/62,0.2580645,0.2472511,0.0752664
GB_GA_mut_r_0.5_4,dis,murcko,"905,691.0",28/71,0.3943662,0.2224799,0.002524
GB_GA_mut_r_0.5_mean,dis,murcko,"917,970.6",-,0.3286271,0.2360723,0.0228087
