name,type_cluster,scaffold,USo,SSo,TUPOR_,TUPOR,SESY,ASER,ACR,CwASo
GB_GA_mut_r_0.5_0,dis,murcko,136615.0,856898.0,22/106,0.2075472,0.1594297,0.024799,0.0001611,20736.0
GB_GA_mut_r_0.5_1,dis,murcko,125752.0,845754.0,9/96,0.09375,0.1486863,4.37e-05,7.16e-05,37.0
GB_GA_mut_r_0.5_2,dis,murcko,131609.0,859909.0,14/102,0.1372549,0.1530499,0.0002547,0.0001064,219.0
GB_GA_mut_r_0.5_3,dis,murcko,136573.0,884642.0,9/62,0.1451613,0.1543822,0.1906353,6.59e-05,141642.0
GB_GA_mut_r_0.5_4,dis,murcko,123755.0,852511.0,12/71,0.1690141,0.1451653,0.0039321,9.7e-05,3339.0
GB_GA_mut_r_0.5_mean,dis,murcko,130860.8,859942.8,-,0.1505455,0.1521427,0.043933,0.0001004,33194.6
