name,type_cluster,scaffold,SSo,TUPOR_,TUPOR,SESY,ASER
GB_GA_mut_r_0.5_0,dis,murcko,755575,8/106,0.07547169811320754,0.20174966085431625,0.008135525923965192
