name,type_cluster,scaffold,USo,SSo,TUPOR_,TUPOR,SESY,ASER,CwASo
GB_GA_mut_r_0.5_1,dis,murcko,160224,757862,2/96,0.020833333333333332,0.21141579865463633,2.3751590036999698e-05,18
