name,type_cluster,scaffold,SSo,TUPOR_,TUPOR,SESY,ASER
GB_GA_mut_r_0.5_3,dis,murcko,999841,6/62,0.0967741935483871,0.3521509920077292,0.003200719208629701
