name,type_cluster,scaffold,SSo,TUPOR_,TUPOR,SESY,ASER
GB_GA_mut_r_0.5_2,dis,murcko,808549,1/102,0.00980392156862745,0.22973746798276914,9.894365282651097e-06
