name,type_cluster,scaffold,USo,SSo,TUPOR_,TUPOR,SESY,ASER,ACR,CwASo
GB_GA_mut_r_0.5_3,dis,murcko,136573,884642,9/62,0.14516129032258066,0.1543822246739359,0.19063526244952894,6.59031662810111e-05,141642
