name,type_cluster,scaffold,SSo,TUPOR_,TUPOR,SESY,ASER
GB_GA_mut_r_0.5_1,dis,murcko,757862,2/96,0.020833333333333332,0.21141579865463633,2.375102591236927e-05
