name,type_cluster,scaffold,SSo,TUPOR_,TUPOR,SESY,ASER
GB_GA_mut_r_0.5_4,dis,murcko,905691,28/71,0.39436619718309857,0.2224798523999907,0.002524039655909135
