name,type_cluster,scaffold,SSo,TUPOR_,TUPOR,SESY,ASER
GB_GA_mut_r_0.5_3,dis,murcko,930362,16/62,0.25806451612903225,0.2472510700136076,0.0752664016802062
