name,type_cluster,scaffold,USo,SSo,TUPOR_,TUPOR,SESY,ASER,ACR,CwASo
GB_GA_mut_r_0.5_4,dis,murcko,123755,852511,12/71,0.16901408450704225,0.14516528232480286,0.003932065588596892,9.697518243456195e-05,3339
