name,type_cluster,scaffold,SSo,TUPOR_,TUPOR,SESY,ASER
GB_GA_mut_r_0.5_0,dis,murcko,928590,45/106,0.42452830188679247,0.2531515523535683,0.034061318773624526
