name,type_cluster,scaffold,USo,SSo,TUPOR_,TUPOR,SESY,ASER,CwASo
GB_GA_mut_r_0.5_0,dis,murcko,152437,755575,8/106,0.07547169811320754,0.20174966085431625,0.00820225558692763,6147
