name,type_cluster,scaffold,USo,SSo,TUPOR_,TUPOR,SESY,ASER,ACR,CwASo
GB_GA_mut_r_0.5_1,dis,murcko,125752,845754,9/96,0.09375,0.14868626101679686,4.37498595865993e-05,7.157456081054213e-05,37
