name,type_cluster,scaffold,USo,SSo,TUPOR_,TUPOR,SESY,ASER,ACR,CwASo
GB_GA_mut_r_0.5_0,dis,murcko,136615,856898,22/106,0.20754716981132076,0.15942971042061016,0.024799022199047553,0.0001610624263322425,20736
