name,type_cluster,scaffold,USo,SSo,TUPOR_,TUPOR,SESY,ASER,CwASo
GB_GA_mut_r_0.5_4,dis,murcko,141435,735903,6/71,0.08450704225352113,0.19219244927660303,0.018056279924908453,13052
