name,type_cluster,phfp,UFo,SSo,TUPOR_,TUPOR,SESY,ASER,CwAFo,ACR,DIV
DrugEx_RNN_epsilon_0.6_250k_4,dis,cdpkit,244173,250000,9/279,0.03225806451612903,0.976692,4.000160006400256e-05,10,3.686047083108075e-05,0
