name,type_cluster,scaffold,SSo,TUPOR_,TUPOR,SESY,ASER
DrugEx_GT_epsilon_0.1_62.5k_3,dis,csk,62446,22/47,0.46808510638297873,0.28895365595874833,0.05820948636694853
