name,type_cluster,scaffold,SSo,TUPOR_,TUPOR,SESY,ASER
DrugEx_GT_epsilon_0.1_62.5k_4,dis,csk,62441,21/41,0.5121951219512195,0.3831136592943739,0.017451523545706372
