name,type_cluster,scaffold,SSo,TUPOR_,TUPOR,SESY,ASER
DrugEx_GT_epsilon_0.1_62.5k_0,dis,csk,62440,16/42,0.38095238095238093,0.3632927610506086,0.012108342923832525
