name,type_cluster,scaffold,SSo,TUPOR_,TUPOR,SESY,ASER
DrugEx_GT_epsilon_0.1_62.5k_1,dis,csk,62291,17/41,0.4146341463414634,0.40415148255767286,0.004462924017915911
