name,type_cluster,scaffold,USo,SSo,TUPOR_,TUPOR,SESY,ASER,CwASo
DrugEx_GT_epsilon_0.1_62.5k_2,dis,csk,19099,62449,26/45,0.5777777777777777,0.30583356018511104,0.008559569760493548,530
