name,type_cluster,scaffold,USo,SSo,TUPOR_,TUPOR,SESY,ASER,CwASo
DrugEx_GT_epsilon_0.1_62.5k_1,dis,csk,25175,62291,17/41,0.4146341463414634,0.40415148255767286,0.004482930998339058,278
