name,type_cluster,scaffold,SSo,TUPOR_,TUPOR,SESY,ASER
Molpher_250k_0,dis,murcko,250033,9/92,0.09782608695652174,0.2830826330924318,0.002515667931832998
