name,type_cluster,scaffold,USo,SSo,TUPOR_,TUPOR,SESY,ASER,CwASo
Molpher_250k_1,dis,murcko,78251,285349,3/34,0.08823529411764706,0.27422910190678784,1.7522709431423125e-05,5
