name,type_cluster,scaffold,USo,SSo,TUPOR_,TUPOR,SESY,ASER,CwASo
Molpher_250k_0,dis,murcko,70780,250033,9/92,0.09782608695652174,0.2830826330924318,0.002522012477746949,629
