name,type_cluster,scaffold,USo,SSo,TUPOR_,TUPOR,SESY,ASER,CwASo
Molpher_250k_3,dis,murcko,72436,250083,9/76,0.11842105263157894,0.28964783691814316,0.004805393612362236,1196
