name,type_cluster,scaffold,SSo,TUPOR_,TUPOR,SESY,ASER
Molpher_250k_2,dis,murcko,250104,1/64,0.015625,0.28293030099478617,5.5976713687106165e-05
