name,type_cluster,scaffold,USo,SSo,TUPOR_,TUPOR,SESY,ASER,CwASo
Molpher_250k_4,dis,murcko,74952,250280,16/98,0.16326530612244897,0.29947259069841775,0.0013563200915416038,339
