name,type_cluster,scaffold,SSo,TUPOR_,TUPOR,SESY,ASER
Molpher_250k_4,dis,murcko,250280,16/98,0.16326530612244897,0.29947259069841775,0.001354482979063449
