name,type_cluster,scaffold,SSo,TUPOR_,TUPOR,SESY,ASER
Molpher_250k_1,dis,murcko,285349,3/34,0.08823529411764706,0.27422910190678784,1.7522402391457478e-05
