name,type_cluster,scaffold,SSo,TUPOR_,TUPOR,SESY,ASER
Molpher_250k_3,dis,murcko,250083,9/76,0.11842105263157894,0.28964783691814316,0.004782412239136607
