name,type_cluster,scaffold,USo,SSo,TUPOR_,TUPOR,TUPOR_unique,TUPOR_1,TUPOR_2,SESY,ASER,CwASo
DrugEx_GT_epsilon_0.1_4,sim,murcko,444374,810382,3/40,0.075,0.0016877675111505173,3.887055734209299e-06,0.04318266262083807,0.5483512713757216,3.701957842104094e-06,3
