name,type_cluster,scaffold,USo,SSo,TUPOR_,TUPOR,TUPOR_unique,TUPOR_1,TUPOR_2,SESY,ASER,CwASo
DrugEx_GT_epsilon_0.1_1,sim,murcko,392706,791197,23/100,0.23,0.005856798724745738,6.860491129263635e-05,0.26941560294086053,0.4963441469065227,0.03435048413985392,27178
