name,type_cluster,scaffold,USo,SSo,TUPOR_,TUPOR,TUPOR_unique,TUPOR_1,TUPOR_2,SESY,ASER,CwASo
DrugEx_GT_epsilon_0.1_2,sim,murcko,407976,881470,6/58,0.10344827586206896,0.0025356461130573603,1.5843440209399424e-05,0.11144385108396448,0.46283594450179816,1.5882559814854732e-05,14
