name,type_cluster,scaffold,USo,SSo,TUPOR_,TUPOR,TUPOR_unique,TUPOR_1,TUPOR_2,SESY,ASER,CwASo
DrugEx_GT_epsilon_0.1_0,sim,murcko,422490,822495,31/115,0.26956521739130435,0.006380392846962161,0.00015928205721879636,0.5851745769945155,0.5136687761019824,0.002548343758928626,2096
