name,type_cluster,scaffold,USo,SSo,TUPOR_,TUPOR,SESY,ASER,ASR,CwASo
DrugEx_GT_epsilon_0.1_3,sim,murcko,386324,843027,17/51,0.3333333333333333,0.4582581578051474,0.004091272903981934,4.400645082796843e-05,3435
