name,type_cluster,scaffold,USo,SSo,TUPOR_,TUPOR,SESY,ASER,ASR,CwASo
DrugEx_GT_epsilon_0.1_2,sim,murcko,407976,881470,6/58,0.10344827586206896,0.46283594450179816,1.5882812074567535e-05,1.4706963747334363e-05,14
