name,type_cluster,scaffold,SSo,TUPOR_,TUPOR,SESY,ASER
GB_GA_log_p_mut_r_0.5_250k_1,dis,murcko,189461,2/96,0.020833333333333332,0.25725083262518406,2.1112524477333065e-05
