name,type_cluster,scaffold,SSo,TUPOR_,TUPOR,SESY,ASER
GB_GA_new_mut_r_0.01_1,sim,murcko,958878,55/93,0.5913978494623656,0.23029624206624827,0.007118736690173307
