name,type_cluster,scaffold,SSo,TUPOR_,TUPOR,SESY,ASER
DrugEx_GT_epsilon_0.6_500k_0,sim,csk,498200.0,44/46,0.9565217,0.4023745,0.0596969
DrugEx_GT_epsilon_0.6_500k_1,sim,csk,498205.0,39/44,0.8863636,0.2891119,0.0282755
DrugEx_GT_epsilon_0.6_500k_2,sim,csk,494568.0,38/42,0.9047619,0.2651304,0.0193138
DrugEx_GT_epsilon_0.6_500k_3,sim,csk,498737.0,31/42,0.7380952,0.273174,0.018192
DrugEx_GT_epsilon_0.6_500k_4,sim,csk,498718.0,38/42,0.9047619,0.2364563,0.0057187
DrugEx_GT_epsilon_0.6_500k_mean,sim,csk,497685.6,-,0.8781009,0.2932494,0.0262394
