name,type_cluster,scaffold,SSo,TUPOR_,TUPOR,SESY,ASER
DrugEx_GT_epsilon_0.6_500k_4,sim,csk,498718,38/42,0.9047619047619048,0.23645627388624432,0.00571866265103726
