name,type_cluster,scaffold,USo,SSo,TUPOR_,TUPOR,SESY,ASER,ACR,CwASo
DrugEx_GT_epsilon_0.6_500k_4,sim,csk,117925,498718,38/42,0.9047619047619048,0.23645627388624432,0.005751553847208722,0.00032234258230339223,2852
