name,type_cluster,scaffold,USo,SSo,TUPOR_,TUPOR,SESY,ASER,ACR,CwASo
DrugEx_GT_epsilon_0.6_500k_1,sim,csk,144037,498205,39/44,0.8863636363636364,0.28911191176323,0.029098277692628658,0.00027083709495965224,14087
