name,type_cluster,scaffold,USo,SSo,TUPOR_,TUPOR,SESY,ASER,ACR,CwASo
DrugEx_GT_epsilon_0.6_500k_0,sim,csk,200463,498200,44/46,0.9565217391304348,0.40237454837414693,0.06348687932134936,0.0002195400635668275,29741
