name,type_cluster,scaffold,USo,SSo,TUPOR_,TUPOR,SESY,ASER,ACR,CwASo
DrugEx_GT_epsilon_0.6_500k_2,sim,csk,131125,494568,38/42,0.9047619047619048,0.26513037640931075,0.019694195655401057,0.0002898838176173076,9552
