name,type_cluster,scaffold,USo,SSo,TUPOR_,TUPOR,SESY,ASER,ACR,CwASo
DrugEx_GT_epsilon_0.6_500k_3,sim,csk,136242,498737,31/42,0.7380952380952381,0.27317403761902564,0.01852903215265978,0.00022758808025783527,9073
