name,type_cluster,scaffold,SSo,TUPOR_,TUPOR,SESY,ASER
DrugEx_GT_epsilon_0.6_500k_0,sim,csk,498200,44/46,0.9565217391304348,0.40237454837414693,0.05969690887193898
