name,type_cluster,scaffold,SSo,TUPOR_,TUPOR,SESY,ASER
DrugEx_GT_epsilon_0.6_500k_1,sim,csk,498205,39/44,0.8863636363636364,0.28911191176323,0.029098277692628658
