name,type_cluster,scaffold,SSo,TUPOR_,TUPOR,SESY,ASER
GB_GA_log_p_mut_r_0.5_250k_3,dis,csk,249958,24/47,0.5106382978723404,0.14125973163491468,0.019067203290152747
