name,type_cluster,scaffold,SSo,TUPOR_,TUPOR,SESY,ASER
GB_GA_log_p_mut_r_0.5_250k_0,dis,csk,188921,15/42,0.35714285714285715,0.06419085226099798,0.02325310579554417
