name,type_cluster,scaffold,SSo,TUPOR_,TUPOR,SESY,ASER
GB_GA_log_p_mut_r_0.5_250k_1,dis,csk,189461,11/41,0.2682926829268293,0.07192509276315442,0.001958186645272642
