name,type_cluster,scaffold,SSo,TUPOR_,TUPOR,SESY,ASER
GB_GA_log_p_mut_r_0.5_1,dis,csk,999964,11/23,0.4782608695652174,0.11068598469544903,0.0017290622462408647
