name,type_cluster,scaffold,USo,SSo,TUPOR_,TUPOR,TUPOR_unique,TUPOR_1,TUPOR_2,SESY,ASER,CwASo,KL_OS_IS,KL_OS_RS
DrugEx_GT_epsilon_0.1_0,dis,murcko,366756.0,781036.0,9/92,0.0978261,0.0026673,2.25e-05,0.0898764,0.4695763,0.0004622,361.0,0.0182754165535337,0.0753343923954248
DrugEx_GT_epsilon_0.1_1,dis,murcko,360031.0,791597.0,6/34,0.1764706,0.0049015,1.4e-05,0.1487201,0.454816,0.0001187,94.0,0.0181327927156866,0.1064401577714864
DrugEx_GT_epsilon_0.1_2,dis,murcko,368199.0,797723.0,6/64,0.09375,0.0025462,2.19e-05,0.1257577,0.4615625,3.76e-05,30.0,0.0237058562951602,0.0747420653628634
DrugEx_GT_epsilon_0.1_3,dis,murcko,350667.0,812082.0,23/76,0.3026316,0.0086302,8.53e-05,0.3937596,0.4318123,0.0041905,3403.0,0.0097810635177586,0.0633391448455389
DrugEx_GT_epsilon_0.1_4,dis,murcko,479555.0,863871.0,12/98,0.122449,0.0025534,4.31e-05,0.210859,0.5551234,0.0005857,506.0,0.019296685578536,0.0478241797268193
DrugEx_GT_epsilon_0.1_mean,dis,murcko,385041.6,809261.8,-,0.1586254,0.0042597,3.74e-05,0.1937946,0.4745781,0.001079,878.8,0.017838362932135022,0.07353598802042656
