name,type_cluster,scaffold,USo,SSo,TUPOR_,TUPOR,SESY,ASER,ASR,CwASo
DrugEx_GT_epsilon_0.1_4,dis,murcko,479555,863871,12/98,0.12244897959183673,0.5551233922657434,0.00058607888899828,2.5023824766496436e-05,506
