name,type_cluster,scaffold,USo,SSo,TUPOR_,TUPOR,TUPOR_unique,TUPOR_1,TUPOR_2,SESY,ASER,CwASo
DrugEx_GT_epsilon_0.1_1,dis,murcko,360031,791597,6/34,0.17647058823529413,0.004901538707369479,1.4044579576253485e-05,0.1487201185122976,0.4548160238100953,0.00011874729186694745,94
