name,type_cluster,scaffold,SSo,TUPOR_,TUPOR,SESY,ASER
DrugEx_GT_epsilon_0.1_0,dis,murcko,781036,9/92,0.09782608695652174,0.46957630634183317,0.0004622066076339631
