name,type_cluster,scaffold,USo,SSo,TUPOR_,TUPOR,SESY,ASER,ASR,CwASo
DrugEx_GT_epsilon_0.1_3,dis,murcko,350667,812082,23/76,0.3026315789473684,0.4318123046687404,0.004208097403295993,6.55935935022416e-05,3403
