name,type_cluster,scaffold,USo,SSo,TUPOR_,TUPOR,SESY,ASER,ACR,CwASo
DrugEx_GT_epsilon_0.1_0,dis,murcko,366756,781036,9/92,0.09782608695652174,0.46957630634183317,0.00046242034137124926,2.454007803744816e-05,361
