name,type_cluster,scaffold,USo,SSo,TUPOR_,TUPOR,SESY,ASER,ASR,CwASo
DrugEx_GT_epsilon_0.1_2,dis,murcko,368199,797723,6/64,0.09375,0.46156247218646074,3.760845337742716e-05,1.62958013867727e-05,30
