name,type_cluster,scaffold,USo,SSo,TUPOR_,TUPOR,TUPOR_unique,TUPOR_1,TUPOR_2,SESY,ASER,CwASo
DrugEx_GT_epsilon_0.1_3,dis,murcko,350667,812082,23/76,0.3026315789473684,0.00863016990328056,8.533945042366087e-05,0.393759592917288,0.4318123046687404,0.004190463524619435,3403
