name,type_cluster,scaffold,SSo,TUPOR_,TUPOR,SESY,ASER
DrugEx_GT_epsilon_0.1_3,dis,murcko,812082,23/76,0.3026315789473684,0.4318135360714805,0.004190463524619435
