name,type_cluster,scaffold,USo,SSo,TUPOR_,TUPOR,TUPOR_unique,TUPOR_1,TUPOR_2,SESY,ASER,CwASo
DrugEx_GT_epsilon_0.1_2,dis,murcko,368199,797723,6/64,0.09375,0.0025461774746808113,2.1859091439008277e-05,0.12575774388674074,0.46156247218646074,3.760703903485295e-05,30
