name,type_cluster,scaffold,USo,SSo,TUPOR_,TUPOR,TUPOR_unique,TUPOR_1,TUPOR_2,SESY,ASER,CwASo
DrugEx_GT_epsilon_0.1_4,dis,murcko,479555,863871,12/98,0.12244897959183673,0.0025533876112612056,4.3090333852992366e-05,0.2108590311313444,0.5551233922657434,0.0005857356017275727,506
