name,type_cluster,scaffold,USo,SSo,TUPOR_,TUPOR,SESY,ASER,ASR,CwASo
DrugEx_GT_epsilon_0.1_1,dis,murcko,360031,791597,6/34,0.17647058823529413,0.4548160238100953,0.00011876139446091803,1.6665509339629193e-05,94
