name,type_cluster,scaffold,USo,SSo,TUPOR_,TUPOR,TUPOR_unique,TUPOR_1,TUPOR_2,SESY,ASER,CwASo
DrugEx_GT_epsilon_0.1_0,dis,murcko,366756,781036,9/92,0.09782608695652174,0.0026673343300865353,2.254530604501446e-05,0.08987637243310134,0.46957630634183317,0.0004622066076339631,361
