name,type_cluster,scaffold,SSo,TUPOR_,TUPOR,SESY,ASER
DrugEx_GT_epsilon_0.1_1,dis,murcko,791597,6/34,0.17647058823529413,0.4548160238100953,0.00011874729186694745
