name,type_cluster,scaffold,SSo,TUPOR_,TUPOR,SESY,ASER
DrugEx_GT_epsilon_0.1_4,dis,murcko,863871,12/98,0.12244897959183673,0.5551233922657434,0.0005857356017275727
