name,type_cluster,scaffold,USo,SSo,TUPOR_,TUPOR,SESY,ASER,ACR,CwASo
REINVENT_0,dis,csk,"56,541.0","783,890.0",14/40,0.35,0.0721287,0.0008235,0.0002477,645.0
REINVENT_1,dis,csk,"99,597.0","794,917.0",12/23,0.5217391,0.1252923,0.0002139,0.0001205,170.0
REINVENT_2,dis,csk,"65,188.0","808,582.0",5/40,0.125,0.0806201,1.86e-05,7.67e-05,15.0
REINVENT_3,dis,csk,"171,225.0","1,010,252.0",30/37,0.8108108,0.1694874,0.0136579,0.0001752,"13,612.0"
REINVENT_4,dis,csk,"100,549.0","702,543.0",23/43,0.5348837,0.1431215,0.007285,0.0002288,"5,081.0"
REINVENT_mean,dis,csk,"98,620.0","820,036.8",-,0.4684867,0.11813,0.0043998,0.0001698,"3,904.6"
