name,type_cluster,scaffold,USo,SSo,TUPOR_,TUPOR,SESY,ASER,ASR,CwASo
REINVENT_0,dis,csk,"180,521.0","964,394.0",19/40,0.475,0.1871859,0.0082899,0.0001053,"7,929.0"
REINVENT_1,dis,csk,"165,911.0","961,732.0",10/23,0.4347826,0.1725127,0.000744,6.03e-05,715.0
REINVENT_2,dis,csk,"190,134.0","967,790.0",18/40,0.45,0.196462,0.0006617,9.47e-05,640.0
REINVENT_3,dis,csk,"146,386.0","963,304.0",24/37,0.6486486,0.1519624,0.0066241,0.000164,"6,339.0"
REINVENT_4,dis,csk,"165,399.0","965,681.0",34/43,0.7906977,0.1712771,0.0540217,0.0002056,"49,494.0"
REINVENT_mean,dis,csk,"169,670.2","964,580.2",-,0.5598258,0.17588,0.0140683,0.000126,"13,023.4"
