name,type_cluster,scaffold,USo,SSo,TUPOR_,TUPOR,SESY,ASER,ASR,CwASo
REINVENT_1,dis,csk,165911,961732,10/23,0.43478260869565216,0.1725127166403946,0.0007440034879715967,6.0276912134345184e-05,715
