name,type_cluster,scaffold,USo,SSo,TUPOR_,TUPOR,TUPOR_unique,TUPOR_set,SESY,ASER,CwASo
REINVENT_4,dis,csk,165399,965681,34/43,0.7906976744186046,0.04780546886127514,0.008187980030865313,0.17127705733052634,0.051252949990731926,49494
