name,type_cluster,scaffold,USo,SSo,TUPOR_,TUPOR,SESY,ASER,ACR,CwASo
REINVENT_2,dis,csk,65188,808582,5/40,0.125,0.080620147369098,1.855133835538675e-05,7.670711688630471e-05,15
