name,type_cluster,scaffold,USo,SSo,TUPOR_,TUPOR,TUPOR_unique,TUPOR_1,TUPOR_2,SESY,ASER,CwASo
REINVENT_0,dis,csk,180521,964394,19/40,0.475,0.02631272815905075,8.865671084639681e-05,0.40010995246755987,0.18718594267488184,0.008221743395334272,7929
