name,type_cluster,scaffold,USo,SSo,TUPOR_,TUPOR,TUPOR_unique,TUPOR_set,SESY,ASER,CwASo
REINVENT_0,dis,csk,180521,964394,19/40,0.475,0.02631272815905075,0.004925372824799822,0.18718594267488184,0.008221743395334272,7929
