name,type_cluster,scaffold,USo,SSo,TUPOR_,TUPOR,SESY,ASER,ASR,CwASo
REINVENT_0,dis,csk,180521,964394,19/40,0.475,0.18718594267488184,0.008289900832753943,0.00010526199155688026,7929
