name,type_cluster,scaffold,USo,SSo,TUPOR_,TUPOR,SESY,ASER,ACR,CwASo
REINVENT_0,dis,csk,56541,783890,14/40,0.35,0.07212874255316434,0.0008234971177600879,0.0002476692554000743,645
