name,type_cluster,scaffold,USo,SSo,TUPOR_,TUPOR,SESY,ASER,ASR,CwASo
REINVENT_3,dis,csk,146386,963304,24/37,0.6486486486486487,0.15196241269630356,0.006624066710903743,0.00016397698856260504,6339
