name,type_cluster,scaffold,USo,SSo,TUPOR_,TUPOR,TUPOR_unique,TUPOR_set,SESY,ASER,CwASo
REINVENT_1,dis,csk,165911,961732,10/23,0.43478260869565216,0.02620577349878261,0.004520829177937847,0.1725127166403946,0.000743450358311879,715
