name,type_cluster,scaffold,SSo,TUPOR_,TUPOR,SESY,ASER
REINVENT_4,dis,csk,702554,23/43,0.5348837209302325,0.1431206711512567,0.007232184287613479
