name,type_cluster,scaffold,SSo,TUPOR_,TUPOR,SESY,ASER
REINVENT_1,dis,csk,794918,12/23,0.5217391304347826,0.1252934264917891,0.0002138585363521772
