name,type_cluster,scaffold,USo,SSo,TUPOR_,TUPOR,SESY,ASER,ACR,CwASo
REINVENT_1,dis,csk,99597,794917,12/23,0.5217391304347826,0.1252923261170663,0.00021390455075640425,0.00012050007531254707,170
