name,type_cluster,scaffold,SSo,TUPOR_,TUPOR,SESY,ASER
REINVENT_3,dis,csk,1010259,30/37,0.8108108108108109,0.1694911898829904,0.01347377256723276
