name,type_cluster,scaffold,USo,SSo,TUPOR_,TUPOR,TUPOR_unique,TUPOR_set,SESY,ASER,CwASo
REINVENT_3,dis,csk,146386,963304,24/37,0.6486486486486487,0.04431083905897071,0.006733582011998794,0.15196241269630356,0.0065804771910009715,6339
