name,type_cluster,scaffold,USo,SSo,TUPOR_,TUPOR,TUPOR_unique,TUPOR_set,SESY,ASER,CwASo
REINVENT_2,dis,csk,190134,967790,18/40,0.45,0.02366751869733977,0.004649769061469947,0.1964620423852282,0.0006613004887423925,640
