name,type_cluster,scaffold,USo,SSo,TUPOR_,TUPOR,SESY,ASER,ASR,CwASo
REINVENT_2,dis,csk,190134,967790,18/40,0.45,0.1964620423852282,0.0006617380964690069,9.46790380609733e-05,640
