name,type_cluster,scaffold,USo,SSo,TUPOR_,TUPOR,TUPOR_unique,TUPOR_1,TUPOR_2,SESY,ASER,CwASo
REINVENT_1,dis,csk,165911,961732,10/23,0.43478260869565216,0.02620577349878261,2.848122382100844e-05,0.20544992718988392,0.1725127166403946,0.000743450358311879,715
