name,type_cluster,scaffold,USo,SSo,TUPOR_,TUPOR,SESY,ASER,ASR,CwASo
REINVENT_4,dis,csk,165399,965681,34/43,0.7906976744186046,0.17127705733052634,0.05402172263959214,0.00020560578115078764,49494
