name,type_cluster,scaffold,SSo,TUPOR_,TUPOR,SESY,ASER
REINVENT_250k_3,sim,murcko,248734,5/51,0.09803921568627451,0.6948949480167569,0.0001648347230374617
