name,type_cluster,scaffold,USo,SSo,TUPOR_,TUPOR,SESY,ASER,CwASo
REINVENT_250k_0,sim,murcko,168810,248248,13/115,0.11304347826086956,0.6800054783925752,0.009979861266502573,2453
