name,type_cluster,scaffold,USo,SSo,TUPOR_,TUPOR,SESY,ASER,CwASo
REINVENT_250k_2,sim,murcko,177005,246233,8/58,0.13793103448275862,0.7188516567641218,0.00013403736799350122,33
