name,type_cluster,scaffold,SSo,TUPOR_,TUPOR,SESY,ASER
REINVENT_250k_0,sim,murcko,248248,13/115,0.11304347826086956,0.6800054783925752,0.009881247784473591
