name,type_cluster,scaffold,SSo,TUPOR_,TUPOR,SESY,ASER
REINVENT_250k_2,sim,murcko,246233,8/58,0.13793103448275862,0.7188516567641218,0.00013401940438527736
