name,type_cluster,scaffold,USo,SSo,TUPOR_,TUPOR,SESY,ASER,CwASo
REINVENT_250k_3,sim,murcko,172844,248734,5/51,0.09803921568627451,0.6948949480167569,0.00016486189800275842,41
