name,type_cluster,scaffold,USo,SSo,TUPOR_,TUPOR,SESY,ASER,CwASo
DrugEx_GT_epsilon_0.6_62.5k_2,sim,csk,28675,62482,19/37,0.5135135135135135,0.45893217246567014,0.01087202718006795,672
