name,type_cluster,scaffold,USo,SSo,TUPOR_,TUPOR,SESY,ASER,CwASo
DrugEx_GT_epsilon_0.6_62.5k_4,sim,csk,27645,62473,22/35,0.6285714285714286,0.44251116482320363,0.008556253329674055,530
