name,type_cluster,scaffold,SSo,TUPOR_,TUPOR,SESY,ASER
DrugEx_GT_epsilon_0.6_62.5k_0,sim,csk,62489,33/38,0.868421052631579,0.5249563923250492,0.017203027732880988
