name,type_cluster,scaffold,SSo,TUPOR_,TUPOR,SESY,ASER
DrugEx_GT_epsilon_0.6_62.5k_4,sim,csk,62473,22/35,0.6285714285714286,0.44251116482320363,0.008483664943255486
