name,type_cluster,scaffold,USo,SSo,TUPOR_,TUPOR,SESY,ASER,ACR,CwASo
REINVENT_500k_0,sim,csk,"63,591.0","493,941.0",32/46,0.6956522,0.1287421,0.0162956,0.0005035,"7,920.0"
REINVENT_500k_1,sim,csk,"52,812.0","494,446.0",29/44,0.6590909,0.1068105,0.0188377,0.0005494,"9,142.0"
REINVENT_500k_2,sim,csk,"64,233.0","495,364.0",23/42,0.547619,0.1296683,0.0054702,0.0003582,"2,695.0"
REINVENT_500k_3,sim,csk,"64,723.0","494,593.0",24/42,0.5714286,0.1308611,0.0086201,0.0003709,"4,227.0"
REINVENT_500k_4,sim,csk,"62,945.0","494,674.0",22/42,0.5238095,0.1272454,0.0041145,0.0003496,"2,027.0"
REINVENT_500k_mean,sim,csk,"61,660.8","494,603.6",-,0.59952,0.1246655,0.0106676,0.0004263,"5,202.2"
