name,type_cluster,scaffold,USo,SSo,TUPOR_,TUPOR,SESY,ASER,ACR,CwASo
REINVENT_500k_0,sim,csk,63591,493941,32/46,0.6956521739130435,0.12874209672815173,0.016295592165770614,0.0005034692175773691,7920
