name,type_cluster,scaffold,SSo,TUPOR_,TUPOR,SESY,ASER
REINVENT_500k_2,sim,csk,495368,23/42,0.5476190476190477,0.12967127468871625,0.005470159720544865
