name,type_cluster,scaffold,SSo,TUPOR_,TUPOR,SESY,ASER
REINVENT_500k_1,sim,csk,494450,29/44,0.6590909090909091,0.10681565375669937,0.018837521738772078
