name,type_cluster,scaffold,SSo,TUPOR_,TUPOR,SESY,ASER
REINVENT_500k_3,sim,csk,494601,24/42,0.5714285714285714,0.1308691248096951,0.008619951302475254
