name,type_cluster,scaffold,SSo,TUPOR_,TUPOR,SESY,ASER
REINVENT_500k_4,sim,csk,494675,22/42,0.5238095238095238,0.12724718249355638,0.004097639864557538
