name,type_cluster,scaffold,USo,SSo,TUPOR_,TUPOR,SESY,ASER,ACR,CwASo
REINVENT_500k_2,sim,csk,64233,495364,23/42,0.5476190476190477,0.12966828433232935,0.005470204132998017,0.0003581996573742408,2695
