name,type_cluster,scaffold,USo,SSo,TUPOR_,TUPOR,SESY,ASER,ACR,CwASo
REINVENT_500k_3,sim,csk,64723,494593,24/42,0.5714285714285714,0.13086113228452484,0.008620091931332922,0.000370948546345384,4227
