name,type_cluster,scaffold,USo,SSo,TUPOR_,TUPOR,SESY,ASER,ACR,CwASo
REINVENT_500k_4,sim,csk,62945,494674,22/42,0.5238095238095238,0.12724541819460897,0.004114507953971099,0.0003496336792587766,2027
