name,type_cluster,scaffold,USo,SSo,TUPOR_,TUPOR,SESY,ASER,ACR,CwASo
REINVENT_500k_1,sim,csk,52812,494446,29/44,0.6590909090909091,0.106810450483976,0.018837677002456192,0.0005494193206145918,9142
