name,type_cluster,scaffold,USo,SSo,TUPOR_,TUPOR,SESY,ASER,ACR,CwASo
REINVENT_0,sim,csk,"124,214.0","765,221.0",26/38,0.6842105,0.1623243,0.0143317,0.0002094,"10,812.0"
REINVENT_1,sim,csk,"206,248.0","906,589.0",21/38,0.5526316,0.2274989,0.0119536,0.0001018,"10,709.0"
REINVENT_2,sim,csk,"123,428.0","794,283.0",22/37,0.5945946,0.1553955,0.0065159,0.0001783,"5,142.0"
REINVENT_3,sim,csk,"66,718.0","857,883.0",24/35,0.6857143,0.0777705,0.0012441,0.0003599,"1,066.0"
REINVENT_4,sim,csk,"52,176.0","746,796.0",15/35,0.4285714,0.0698665,0.0096818,0.0002876,"7,161.0"
REINVENT_mean,sim,csk,"114,556.8","814,154.4",-,0.5891445,0.1385711,0.0087454,0.0002274,"6,978.0"
