name,type_cluster,scaffold,USo,SSo,TUPOR_,TUPOR,SESY,ASER,ASR,CwASo
REINVENT_0,sim,csk,"171,647.0","967,847.0",25/38,0.6578947,0.1773493,0.0099445,0.0001457,"9,530.0"
REINVENT_1,sim,csk,"182,143.0","965,638.0",20/38,0.5263158,0.1886245,0.0212199,0.0001098,"20,065.0"
REINVENT_2,sim,csk,"172,966.0","961,925.0",20/37,0.5405405,0.1798124,0.0184015,0.0001156,"17,381.0"
REINVENT_3,sim,csk,"188,420.0","961,987.0",23/35,0.6571429,0.1958654,0.0108781,0.0001221,"10,352.0"
REINVENT_4,sim,csk,"173,284.0","963,893.0",16/35,0.4571429,0.1797751,0.0029948,9.23e-05,"2,878.0"
REINVENT_mean,sim,csk,"177,692.0","964,258.0",-,0.5678074,0.1842854,0.0126878,0.0001171,"12,041.2"
