name,type_cluster,scaffold,USo,SSo,TUPOR_,TUPOR,SESY,ASER,ASR,CwASo
REINVENT_0,sim,csk,171647.0,967847.0,25/38,0.6578947,0.1773493,0.0099445,0.0001457,9530.0
REINVENT_1,sim,csk,182143.0,965638.0,20/38,0.5263158,0.1886245,0.0212199,0.0001098,20065.0
REINVENT_2,sim,csk,172966.0,961925.0,20/37,0.5405405,0.1798124,0.0184015,0.0001156,17381.0
REINVENT_3,sim,csk,188420.0,961987.0,23/35,0.6571429,0.1958654,0.0108781,0.0001221,10352.0
REINVENT_4,sim,csk,173284.0,963893.0,16/35,0.4571429,0.1797751,0.0029948,9.23e-05,2878.0
REINVENT_mean,sim,csk,177692.0,964258.0,-,0.5678074,0.1842854,0.0126878,0.0001171,12041.2
