name,type_cluster,scaffold,USo,SSo,TUPOR_,TUPOR,TUPOR_unique,TUPOR_1,TUPOR_2,SESY,ASER,CwASo
REINVENT_0,sim,csk,"171,647.0","967,847.0",25/38,0.6578947,0.0383284,0.0003304,1.4922397,0.1773493,0.0098466,"9,530.0"
REINVENT_1,sim,csk,"182,143.0","965,638.0",20/38,0.5263158,0.0288957,0.0001286,0.6165566,0.1886245,0.020779,"20,065.0"
REINVENT_2,sim,csk,"172,966.0","961,925.0",20/37,0.5405405,0.0312513,7.59e-05,0.3546336,0.1798124,0.018069,"17,381.0"
REINVENT_3,sim,csk,"188,420.0","961,987.0",23/35,0.6571429,0.0348765,4.3e-05,0.2316808,0.1958654,0.0107611,"10,352.0"
REINVENT_4,sim,csk,"173,284.0","963,893.0",16/35,0.4571429,0.0263811,1.99e-05,0.0986195,0.1797751,0.0029858,"2,878.0"
REINVENT_mean,sim,csk,"177,692.0","964,258.0",-,0.5678074,0.0319466,0.0001196,0.558746,0.1842854,0.0124883,"12,041.2"
