name,type_cluster,scaffold,USo,SSo,TUPOR_,TUPOR,SESY,ASER,ACR,CwASo
REINVENT_0,sim,csk,124214.0,765221.0,26/38,0.6842105,0.1623243,0.0143317,0.0002094,10812.0
REINVENT_1,sim,csk,206248.0,906589.0,21/38,0.5526316,0.2274989,0.0119536,0.0001018,10709.0
REINVENT_2,sim,csk,123428.0,794283.0,22/37,0.5945946,0.1553955,0.0065159,0.0001783,5142.0
REINVENT_3,sim,csk,66718.0,857883.0,24/35,0.6857143,0.0777705,0.0012441,0.0003599,1066.0
REINVENT_4,sim,csk,52176.0,746796.0,15/35,0.4285714,0.0698665,0.0096818,0.0002876,7161.0
REINVENT_mean,sim,csk,114556.8,814154.4,-,0.5891445,0.1385711,0.0087454,0.0002274,6978.0
