name,type_cluster,scaffold,USo,SSo,TUPOR_,TUPOR,TUPOR_unique,TUPOR_set,SESY,ASER,CwASo
REINVENT_0,sim,csk,171647.0,967847.0,25/38,0.6578947,0.0383284,0.0067975,0.1773493,0.0098466,9530.0
REINVENT_1,sim,csk,182143.0,965638.0,20/38,0.5263158,0.0288957,0.0054504,0.1886245,0.020779,20065.0
REINVENT_2,sim,csk,172966.0,961925.0,20/37,0.5405405,0.0312513,0.0056194,0.1798124,0.018069,17381.0
REINVENT_3,sim,csk,188420.0,961987.0,23/35,0.6571429,0.0348765,0.0068311,0.1958654,0.0107611,10352.0
REINVENT_4,sim,csk,173284.0,963893.0,16/35,0.4571429,0.0263811,0.0047427,0.1797751,0.0029858,2878.0
REINVENT_mean,sim,csk,177692.0,964258.0,-,0.5678074,0.0319466,0.0058882,0.1842854,0.0124883,12041.2
