name,type_cluster,scaffold,SSo,TUPOR_,TUPOR,SESY,ASER
REINVENT_4,sim,csk,746796,15/35,0.42857142857142855,0.06986646955795157,0.00958896405444057
