name,type_cluster,scaffold,SSo,TUPOR_,TUPOR,SESY,ASER
REINVENT_0,sim,csk,765223,26/38,0.6842105263157895,0.16232523068438873,0.01412921462109738
