name,type_cluster,scaffold,USo,SSo,TUPOR_,TUPOR,SESY,ASER,ACR,CwASo
REINVENT_0,sim,csk,124214,765221,26/38,0.6842105263157895,0.16232434812949462,0.014331748428239853,0.0002093600025767385,10812
