name,type_cluster,scaffold,USo,SSo,TUPOR_,TUPOR,SESY,ASER,ACR,CwASo
REINVENT_1,sim,csk,206248,906589,21/38,0.5526315789473685,0.22749889972192472,0.011953609858463186,0.00010182953735446862,10709
