name,type_cluster,scaffold,USo,SSo,TUPOR_,TUPOR,SESY,ASER,ASR,CwASo
REINVENT_1,sim,csk,182143,965638,20/38,0.5263157894736842,0.1886245156052268,0.02121993754051776,0.00010981589365428858,20065
