name,type_cluster,scaffold,USo,SSo,TUPOR_,TUPOR,SESY,ASER,ACR,CwASo
REINVENT_3,sim,csk,66718,857883,24/35,0.6857142857142857,0.07777051182970172,0.0012441396470891685,0.0003598524604911986,1066
