name,type_cluster,scaffold,USo,SSo,TUPOR_,TUPOR,TUPOR_unique,TUPOR_set,SESY,ASER,CwASo
REINVENT_3,sim,csk,188420,961987,23/35,0.6571428571428571,0.034876491728205984,0.006831099143157414,0.1958654326929574,0.010761060180646933,10352
