name,type_cluster,scaffold,USo,SSo,TUPOR_,TUPOR,TUPOR_unique,TUPOR_set,SESY,ASER,CwASo
REINVENT_4,sim,csk,173284,963893,16/35,0.45714285714285713,0.02638113485046843,0.004742672237923267,0.17977514101668962,0.002985808590787567,2878
