name,type_cluster,scaffold,USo,SSo,TUPOR_,TUPOR,TUPOR_unique,TUPOR_1,TUPOR_2,SESY,ASER,CwASo
REINVENT_4,sim,csk,173284,963893,16/35,0.45714285714285713,0.02638113485046843,1.991922339927772e-05,0.09861950592915544,0.17977514101668962,0.002985808590787567,2878
