name,type_cluster,scaffold,SSo,TUPOR_,TUPOR,SESY,ASER
REINVENT_1,sim,csk,906591,21/38,0.5526315789473685,0.22749950087746293,0.011812382871658774
