name,type_cluster,scaffold,USo,SSo,TUPOR_,TUPOR,SESY,ASER,ASR,CwASo
REINVENT_4,sim,csk,173284,963893,16/35,0.45714285714285713,0.17977514101668962,0.0029947503420862318,9.234249832629222e-05,2878
