name,type_cluster,scaffold,SSo,TUPOR_,TUPOR,SESY,ASER
REINVENT_3,sim,csk,857883,24/35,0.6857142857142857,0.07777051182970172,0.0012425936870179267
