name,type_cluster,scaffold,USo,SSo,TUPOR_,TUPOR,SESY,ASER,ACR,CwASo
REINVENT_4,sim,csk,52176,746796,15/35,0.42857142857142855,0.06986646955795157,0.009681802510697845,0.0002875711738655317,7161
