name,type_cluster,scaffold,USo,SSo,TUPOR_,TUPOR,SESY,ASER,ASR,CwASo
REINVENT_2,sim,csk,172966,961925,20/37,0.5405405405405406,0.17981235543311588,0.01840147203306569,0.00011564303308547177,17381
