name,type_cluster,scaffold,USo,SSo,TUPOR_,TUPOR,TUPOR_unique,TUPOR_1,TUPOR_2,SESY,ASER,CwASo
REINVENT_2,sim,csk,172966,961925,20/37,0.5405405405405406,0.03125125981641135,7.586139561085631e-05,0.35463357170884796,0.17981235543311588,0.01806897627153884,17381
