name,type_cluster,scaffold,USo,SSo,TUPOR_,TUPOR,SESY,ASER,ACR,CwASo
REINVENT_2,sim,csk,123428,794283,22/37,0.5945945945945946,0.15539549505654784,0.006515945819568366,0.00017827334165275595,5142
