name,type_cluster,scaffold,USo,SSo,TUPOR_,TUPOR,SESY,ASER,ASR,CwASo
REINVENT_0,sim,csk,171647,967847,25/38,0.6578947368421053,0.1773493124429791,0.009944517315251634,0.0001456689701786484,9530
