name,type_cluster,scaffold,SSo,TUPOR_,TUPOR,SESY,ASER
REINVENT_2,sim,csk,794285,22/37,0.5945945945945946,0.15539762176045122,0.0064737468289090185
