name,type_cluster,scaffold,USo,SSo,TUPOR_,TUPOR,TUPOR_unique,TUPOR_set,SESY,ASER,CwASo
REINVENT_1,sim,csk,182143,965638,20/38,0.5263157894736842,0.028895746170518998,0.005450446124465734,0.1886245156052268,0.02077900828260694,20065
