name,type_cluster,scaffold,USo,SSo,TUPOR_,TUPOR,SESY,ASER,ACR,CwASo
addcarbon_10k_1,dis,csk,758,10000,1/23,0.043478260869565216,0.0758,0.003814495081308974,0.001321003963011889,38
