name,type_cluster,scaffold,USo,SSo,TUPOR_,TUPOR,SESY,ASER,ACR,CwASo
DrugEx_RNN_epsilon_0.6_10k_0,sim,murcko,8201.0,9904.0,31/172,0.1802326,0.8280493,0.0477097,0.0037944,451.0
DrugEx_RNN_epsilon_0.6_10k_1,sim,murcko,7380.0,9894.0,15/93,0.1612903,0.7459066,0.004569,0.0020367,45.0
DrugEx_RNN_epsilon_0.6_10k_2,sim,murcko,7762.0,9934.0,9/65,0.1384615,0.781357,0.0027253,0.0011608,27.0
DrugEx_RNN_epsilon_0.6_10k_3,sim,murcko,7182.0,9807.0,8/57,0.1403509,0.732334,0.0041982,0.0011151,41.0
DrugEx_RNN_epsilon_0.6_10k_4,sim,murcko,7286.0,9831.0,4/50,0.08,0.741125,0.0005089,0.0005493,5.0
DrugEx_RNN_epsilon_0.6_10k_mean,sim,murcko,7562.2,9874.0,-,0.1400671,0.7657544,0.0119422,0.0017313,113.8
