name,type_cluster,scaffold,USo,SSo,TUPOR_,TUPOR,SESY,ASER,ACR,CwASo
GB_GA_mut_r_0.5_10k_3,sim,murcko,7182,10000,3/51,0.058823529411764705,0.7182,0.00482315112540193,0.0004178854993731718,48
