name,type_cluster,scaffold,USo,SSo,TUPOR_,TUPOR,TUPOR_unique,TUPOR_1,TUPOR_2,SESY,ASER,CwASo
addcarbon_0,sim,csk,866.0,1000000.0,3/38,0.0789474,0.9116324,3.84e-05,0.0008744,0.000866,0.003098,3098.0
addcarbon_1,sim,csk,846.0,1000000.0,10/38,0.2631579,3.1106134,6.21e-05,0.0013827,0.000846,0.029229,29229.0
addcarbon_2,sim,csk,861.0,1000000.0,13/37,0.3513514,4.0807358,4.74e-05,0.0011038,0.000861,0.010216,10216.0
addcarbon_3,sim,csk,878.0,1000000.0,7/35,0.2,2.2779043,1.26e-05,0.0003161,0.000878,0.022256,22256.0
addcarbon_4,sim,csk,868.0,1000000.0,4/35,0.1142857,1.3166557,4.8e-06,0.000119,0.000868,0.00637,6370.0
addcarbon_mean,sim,csk,863.8,1000000.0,-,0.2015485,2.3395083,3.31e-05,0.0007592,0.0008638,0.0142338,14233.8
