name,type_cluster,scaffold,USo,SSo,TUPOR_,TUPOR,TUPOR_unique,TUPOR_set,SESY,ASER,CwASo
addcarbon_2,sim,csk,861,1000000,13/37,0.35135135135135137,4.080735788052861,0.0035135135135135136,0.000861,0.010216,10216
