name,type_cluster,scaffold,USo,SSo,TUPOR_,TUPOR,TUPOR_unique,TUPOR_set,SESY,ASER,CwASo
addcarbon_4,sim,csk,868,1000000,4/35,0.11428571428571428,1.316655694535879,0.001142857142857143,0.000868,0.00637,6370
