name,type_cluster,scaffold,USo,SSo,TUPOR_,TUPOR,TUPOR_unique,TUPOR_1,TUPOR_2,SESY,ASER,CwASo
addcarbon_1,sim,csk,846,1000000,10/38,0.2631578947368421,3.1106134129650367,6.210526315789474e-05,0.0013826592797783932,0.000846,0.029229,29229
