name,type_cluster,scaffold,USo,SSo,TUPOR_,TUPOR,TUPOR_unique,TUPOR_1,TUPOR_2,SESY,ASER,CwASo
addcarbon_2,sim,csk,861,1000000,13/37,0.35135135135135137,4.080735788052861,4.743243243243243e-05,0.0011037655222790358,0.000861,0.010216,10216
