name,type_cluster,scaffold,USo,SSo,TUPOR_,TUPOR,SESY,ASER,ACR,CwASo
addcarbon_1,sim,csk,846,1000000,10/38,0.2631578947368421,0.000846,0.030109057645932975,0.011961722488038277,29229
