name,type_cluster,scaffold,USo,SSo,TUPOR_,TUPOR,SESY,ASER,ACR,CwASo
addcarbon_3,sim,csk,878,1000000,7/35,0.2,0.000878,0.022762604526338184,0.008036739380022962,22256
