name,type_cluster,scaffold,USo,SSo,TUPOR_,TUPOR,SESY,ASER,ACR,CwASo
addcarbon_2,sim,csk,861,1000000,13/37,0.35135135135135137,0.000861,0.010321443870581865,0.015330188679245283,10216
