name,type_cluster,scaffold,USo,SSo,TUPOR_,TUPOR,TUPOR_unique,TUPOR_set,SESY,ASER,CwASo
addcarbon_0,sim,csk,866,1000000,3/38,0.07894736842105263,0.9116324298043029,0.0007894736842105263,0.000866,0.003098,3098
