name,type_cluster,scaffold,SSo,TUPOR_,TUPOR,SESY,ASER
DrugEx_RNN_epsilon_0.1_250k_3,dis,csk,248975,32/47,0.6808510638297872,0.10511898785018577,0.13356361080429763
