name,type_cluster,scaffold,SSo,TUPOR_,TUPOR,SESY,ASER
DrugEx_RNN_epsilon_0.1_250k_1,dis,csk,246499,21/41,0.5121951219512195,0.10117282423052426,0.008697804047886604
