name,type_cluster,scaffold,SSo,TUPOR_,TUPOR,SESY,ASER
DrugEx_RNN_epsilon_0.1_250k_4,dis,csk,246885,22/41,0.5365853658536586,0.10848370698908398,0.02782267047410738
