name,type_cluster,scaffold,USo,SSo,TUPOR_,TUPOR,SESY,ASER,CwASo
DrugEx_RNN_epsilon_0.1_250k_1,dis,csk,24939,246499,21/41,0.5121951219512195,0.10117282423052426,0.008774119621043155,2144
