name,type_cluster,scaffold,USo,SSo,TUPOR_,TUPOR,SESY,ASER,CwASo
DrugEx_RNN_epsilon_0.1_250k_3,dis,csk,26172,248975,32/47,0.6808510638297872,0.10511898785018577,0.154152817759977,33254
