name,type_cluster,scaffold,SSo,TUPOR_,TUPOR,SESY,ASER
DrugEx_RNN_epsilon_0.1_250k_2,dis,csk,242130,24/45,0.5333333333333333,0.0820509643579895,0.0018585057613678603
