name,type_cluster,scaffold,USo,SSo,TUPOR_,TUPOR,SESY,ASER,CwASo
DrugEx_RNN_epsilon_0.1_250k_0,dis,csk,34142,247482,28/42,0.6666666666666666,0.13795750802078535,0.05433972231571144,12755
