name,type_cluster,scaffold,USo,SSo,TUPOR_,TUPOR,SESY,ASER,CwASo
DrugEx_RNN_epsilon_0.1_250k_4,dis,csk,26783,246885,22/41,0.5365853658536586,0.10848370698908398,0.028618925404973003,6869
