name,type_cluster,scaffold,SSo,TUPOR_,TUPOR,SESY,ASER
DrugEx_RNN_epsilon_0.1_250k_0,dis,csk,247482,28/42,0.6666666666666666,0.13795750802078535,0.051539101833668714
