name,type_cluster,scaffold,USo,SSo,TUPOR_,TUPOR,SESY,ASER,CwASo
REINVENT_62.5k_0,dis,murcko,"51,116.0","61,969.0",14/106,0.1320755,0.824864,0.0004682,29.0
REINVENT_62.5k_1,dis,murcko,"50,300.0","61,936.0",4/96,0.0416667,0.8121286,9.69e-05,6.0
REINVENT_62.5k_2,dis,murcko,"48,403.0","61,990.0",31/102,0.3039216,0.7808195,0.0010982,68.0
REINVENT_62.5k_3,dis,murcko,"43,518.0","60,729.0",3/62,0.0483871,0.7165934,0.0003624,22.0
REINVENT_62.5k_4,dis,murcko,"49,290.0","61,891.0",6/71,0.084507,0.7964001,0.0010351,64.0
REINVENT_62.5k_mean,dis,murcko,"48,525.4","61,703.0",-,0.1221116,0.7861611,0.0006122,37.8
