name,type_cluster,scaffold,SSo,TUPOR_,TUPOR,SESY,ASER
REINVENT_62.5k_4,dis,murcko,61891,6/71,0.08450704225352113,0.7964001227965294,0.0010340760369035886
