name,type_cluster,scaffold,USo,SSo,TUPOR_,TUPOR,SESY,ASER,CwASo
REINVENT_62.5k_0,dis,murcko,51116,61969,14/106,0.1320754716981132,0.8248640449256887,0.0004681950274459154,29
