name,type_cluster,scaffold,SSo,TUPOR_,TUPOR,SESY,ASER
REINVENT_62.5k_0,dis,murcko,61969,14/106,0.1320754716981132,0.8248640449256887,0.0004679759234455938
