name,type_cluster,scaffold,USo,SSo,TUPOR_,TUPOR,SESY,ASER,CwASo
REINVENT_62.5k_1,dis,murcko,50300,61936,4/96,0.041666666666666664,0.8121286489279256,9.688357823348942e-05,6
