name,type_cluster,scaffold,SSo,TUPOR_,TUPOR,SESY,ASER
REINVENT_62.5k_3,dis,murcko,60729,3/62,0.04838709677419355,0.7165933903077607,0.0003623964287479203
