name,type_cluster,scaffold,USo,SSo,TUPOR_,TUPOR,SESY,ASER,CwASo
REINVENT_250k_0,dis,csk,26893.0,248472.0,6/40,0.15,0.1082335,0.0007612,189.0
REINVENT_250k_1,dis,csk,44925.0,246800.0,9/23,0.3913043,0.18203,0.0002067,51.0
REINVENT_250k_2,dis,csk,30483.0,248796.0,2/40,0.05,0.1225221,2.01e-05,5.0
REINVENT_250k_3,dis,csk,56293.0,242688.0,25/37,0.6756757,0.2319563,0.0138233,3309.0
REINVENT_250k_4,dis,csk,48086.0,246940.0,17/43,0.3953488,0.1947275,0.0075688,1855.0
REINVENT_250k_mean,dis,csk,41336.0,246739.2,-,0.3324658,0.1678939,0.004476,1081.8
