name,type_cluster,scaffold,USo,SSo,TUPOR_,TUPOR,SESY,ASER,CwASo
REINVENT_250k_4,dis,csk,48086,246940,17/43,0.3953488372093023,0.19472746416133474,0.007568802660301528,1855
