name,type_cluster,scaffold,SSo,TUPOR_,TUPOR,SESY,ASER
REINVENT_250k_3,dis,csk,242691,25/37,0.6756756756756757,0.2319616302211454,0.013634621803033486
