name,type_cluster,scaffold,USo,SSo,TUPOR_,TUPOR,SESY,ASER,CwASo
REINVENT_250k_0,dis,csk,26893,248472,6/40,0.15,0.10823352329437522,0.0007612281146917026,189
