name,type_cluster,scaffold,SSo,TUPOR_,TUPOR,SESY,ASER
REINVENT_250k_4,dis,csk,246941,17/43,0.3953488372093023,0.19472667560267432,0.007511915801750216
