name,type_cluster,scaffold,SSo,TUPOR_,TUPOR,SESY,ASER
REINVENT_250k_0,dis,csk,248472,6/40,0.15,0.10823352329437522,0.0007606490872210953
