name,type_cluster,scaffold,USo,SSo,TUPOR_,TUPOR,SESY,ASER,CwASo
REINVENT_250k_1,dis,csk,44925,246800,9/23,0.391304347826087,0.18202998379254456,0.00020668776773158148,51
