name,type_cluster,scaffold,USo,SSo,TUPOR_,TUPOR,SESY,ASER,CwASo
REINVENT_250k_3,dis,csk,56293,242688,25/37,0.6756756756756757,0.231956256592827,0.013823267705187171,3309
