name,type_cluster,scaffold,SSo,TUPOR_,TUPOR,SESY,ASER
GB_GA_mut_r_0.5_2,sim,csk,999916,14/37,0.3783783783783784,0.12781973685789608,0.008283695830449758
