name,type_cluster,scaffold,SSo,TUPOR_,TUPOR,SESY,ASER
GB_GA_mut_r_0.5_4,sim,csk,951051,29/35,0.8285714285714286,0.042580261205760785,0.007378153222066955
