name,type_cluster,scaffold,SSo,TUPOR_,TUPOR,SESY,ASER
GB_GA_mut_r_0.5_3,sim,csk,951530,33/35,0.9428571428571428,0.04473427007030782,0.021216356814814038
