name,type_cluster,scaffold,SSo,TUPOR_,TUPOR,SESY,ASER
GB_GA_mut_r_0.5_4,sim,csk,999986,19/35,0.5428571428571428,0.10964853507949111,0.003185044590624269
