name,type_cluster,scaffold,USo,SSo,TUPOR_,TUPOR,SESY,ASER,ACR,CwASo
GB_GA_mut_r_0.5_3,sim,csk,117476,999949,23/35,0.6571428571428571,0.11748199158157066,0.013013839487875125,0.00019582301005508586,12846
