name,type_cluster,scaffold,USo,SSo,TUPOR_,TUPOR,SESY,ASER,ACR,CwASo
GB_GA_mut_r_0.5_0,sim,csk,101574,999903,23/38,0.6052631578947368,0.10158385363380248,0.009829625215872021,0.00022648718377957873,9733
