name,type_cluster,scaffold,SSo,TUPOR_,TUPOR,SESY,ASER
GB_GA_mut_r_0.5_2,sim,csk,952857,31/37,0.8378378378378378,0.0429508310271111,0.01469790325305896
