name,type_cluster,scaffold,SSo,TUPOR_,TUPOR,SESY,ASER
GB_GA_mut_r_0.5_1,sim,csk,952694,32/38,0.8421052631578947,0.04427864560918826,0.03768891165473909
