name,type_cluster,scaffold,SSo,TUPOR_,TUPOR,SESY,ASER
GB_GA_mut_r_0.5_0,sim,csk,956500,36/38,0.9473684210526315,0.05257292211186618,0.04254155776267642
