name,type_cluster,scaffold,USo,SSo,TUPOR_,TUPOR,SESY,ASER,ACR,CwASo
GB_GA_mut_r_0.5_1,sim,csk,116359,999979,22/38,0.5789473684210527,0.1163614435903154,0.014854740790507255,0.00018910578749666915,14637
