name,type_cluster,scaffold,USo,SSo,TUPOR_,TUPOR,SESY,ASER,ACR,CwASo
GB_GA_mut_r_0.5_4,sim,csk,109647,999986,19/35,0.5428571428571428,0.10964853507949111,0.003195221513622077,0.00017331338709088918,3185
