name,type_cluster,scaffold,SSo,TUPOR_,TUPOR,SESY,ASER
GB_GA_log_p_mut_r_0.01_62.5k_3,sim,csk,62498,17/35,0.4857142857142857,0.37073186341962944,0.008528272904732952
