name,type_cluster,scaffold,SSo,TUPOR_,TUPOR,SESY,ASER
GB_GA_log_p_mut_r_0.01_62.5k_1,sim,csk,62496,16/38,0.42105263157894735,0.38940092165898615,0.007520481310803891
