name,type_cluster,scaffold,USo,SSo,TUPOR_,TUPOR,SESY,ASER,CwASo
addcarbon_62.5k_0,dis,csk,760.0,"62,500.0",2/40,0.05,0.01216,0.0016026,100.0
addcarbon_62.5k_1,dis,csk,921.0,"62,500.0",1/23,0.0434783,0.014736,0.0042581,265.0
addcarbon_62.5k_2,dis,csk,753.0,"62,500.0",0/40,0.0,0.012048,0.0,0.0
addcarbon_62.5k_3,dis,csk,884.0,"62,500.0",1/37,0.027027,0.014144,0.0004002,25.0
addcarbon_62.5k_4,dis,csk,921.0,"62,500.0",2/43,0.0465116,0.014736,0.003613,225.0
addcarbon_62.5k_mean,dis,csk,847.8,"62,500.0",-,0.0334034,0.0135648,0.0019748,123.0
