name,type_cluster,scaffold,USo,SSo,TUPOR_,TUPOR,SESY,ASER,CwASo
addcarbon_62.5k_4,dis,csk,921,62500,2/43,0.046511627906976744,0.014736,0.0036130068245684463,225
