name,type_cluster,scaffold,SSo,TUPOR_,TUPOR,SESY,ASER
GB_GA_log_p_mut_r_0.01_125k_2,dis,csk,110938,7/45,0.15555555555555556,0.10761866988768501,0.00036957579909499
