name,type_cluster,scaffold,USo,SSo,TUPOR_,TUPOR,SESY,ASER,ACR,CwASo
GB_GA_mut_r_0.01_0,sim,csk,"184,581.0","1,000,000.0",27/46,0.5869565,0.184581,0.0204811,0.0001463,"20,070.0"
GB_GA_mut_r_0.01_1,sim,csk,"38,817.0","873,184.0",24/44,0.5454545,0.0444545,0.0129616,0.0006187,"11,173.0"
GB_GA_mut_r_0.01_2,sim,csk,"41,996.0","892,970.0",19/42,0.452381,0.0470296,0.0268059,0.0004526,"23,312.0"
GB_GA_mut_r_0.01_3,sim,csk,"51,485.0","900,977.0",15/42,0.3571429,0.0571435,0.0263415,0.0002914,"23,124.0"
GB_GA_mut_r_0.01_4,sim,csk,"45,226.0","898,715.0",18/42,0.4285714,0.050323,0.0008363,0.0003982,751.0
GB_GA_mut_r_0.01_mean,sim,csk,"72,421.0","913,169.2",-,0.4741013,0.0767063,0.0174853,0.0003814,"15,686.0"
