name,type_cluster,scaffold,SSo,TUPOR_,TUPOR,SESY,ASER
GB_GA_mut_r_0.01_0,sim,csk,1000000,27/46,0.5869565217391305,0.184581,0.02048105476921821
