name,type_cluster,scaffold,SSo,TUPOR_,TUPOR,SESY,ASER
GB_GA_mut_r_0.01_4,sim,csk,956949,31/42,0.7380952380952381,0.04554683687427439,0.006907369149244108
