name,type_cluster,scaffold,USo,SSo,TUPOR_,TUPOR,SESY,ASER,ACR,CwASo
GB_GA_mut_r_0.01_3,sim,csk,51485,900977,15/42,0.35714285714285715,0.05714352308660488,0.026341540098399164,0.0002914319020788809,23124
