name,type_cluster,scaffold,SSo,TUPOR_,TUPOR,SESY,ASER
GB_GA_mut_r_0.01_3,sim,csk,955239,32/42,0.7619047619047619,0.043637246804202924,0.06081514678525479
