name,type_cluster,scaffold,USo,SSo,TUPOR_,TUPOR,SESY,ASER,ACR,CwASo
GB_GA_mut_r_0.01_1,sim,csk,38817,873184,24/44,0.5454545454545454,0.044454547953237805,0.012961551534725195,0.0006186683164488439,11173
