name,type_cluster,scaffold,SSo,TUPOR_,TUPOR,SESY,ASER
GB_GA_mut_r_0.01_0,sim,csk,970116,44/46,0.9565217391304348,0.08295399725393664,0.13198627792964965
