name,type_cluster,scaffold,USo,SSo,TUPOR_,TUPOR,SESY,ASER,ACR,CwASo
GB_GA_mut_r_0.01_2,sim,csk,41996,892970,19/42,0.4523809523809524,0.047029575461661643,0.026805939806222676,0.00045262882054458394,23312
