name,type_cluster,scaffold,SSo,TUPOR_,TUPOR,SESY,ASER
GB_GA_mut_r_0.01_2,sim,csk,892970,19/42,0.4523809523809524,0.047029575461661643,0.026106140183880758
