name,type_cluster,scaffold,SSo,TUPOR_,TUPOR,SESY,ASER
GB_GA_mut_r_0.01_3,sim,csk,900977,15/42,0.35714285714285715,0.05714352308660488,0.026341540098399164
