name,type_cluster,scaffold,USo,SSo,TUPOR_,TUPOR,SESY,ASER,ACR,CwASo
GB_GA_mut_r_0.01_4,sim,csk,45226,898715,18/42,0.42857142857142855,0.05032296111670552,0.0008363364232864569,0.0003981596177667669,751
