name,type_cluster,scaffold,SSo,TUPOR_,TUPOR,SESY,ASER
GB_GA_mut_r_0.01_1,sim,csk,958878,38/44,0.8636363636363636,0.0428219231226496,0.019253752823612597
