name,type_cluster,scaffold,uniq_scaffolds,set_size,TUPOR_,TUPOR,TUPOR_unique,TUPOR_set,SESY,ASER,tRS
GB_GA_0,dis,murcko,4265.0,10000.0,0/92,0.0,0.0,0.0,0.4265,0.0,0.0
GB_GA_1,dis,murcko,4178.0,10000.0,1/34,0.0294118,0.0004435,0.0001853,0.4178,0.0001,1.0
GB_GA_2,dis,murcko,5010.0,10000.0,3/64,0.046875,0.0017403,0.0008719,0.501,0.001,10.0
GB_GA_3,dis,murcko,4372.0,10000.0,7/76,0.0921053,0.0048244,0.0021092,0.4372,0.0121,121.0
GB_GA_4,dis,murcko,4256.0,10000.0,3/98,0.0306122,0.0021866,0.0009306,0.4256,0.0019,19.0
GB_GA_mean,dis,murcko,4416.2,10000.0,-,0.0398009,0.0018389,0.0008194,0.44162,0.00302,30.2
