name,type_cluster,scaffold,USo,SSo,TUPOR_,TUPOR,TUPOR_unique,TUPOR_set,SESY,ASER,CwASo
GB_GA_1,dis,murcko,4177,9996,1/34,0.029411764705882353,0.07041360954245236,0.029423534119530165,0.4178671468587435,0.00010004001600640257,1
