name,type_cluster,scaffold,USo,SSo,TUPOR_,TUPOR,TUPOR_unique,TUPOR_set,SESY,ASER,CwASo
GB_GA_3,dis,murcko,4372,10000,7/76,0.09210526315789473,0.21067077574998797,0.09210526315789473,0.4372,0.0121,121
