name,type_cluster,scaffold,USo,SSo,TUPOR_,TUPOR,SESY,ASER,CwASo
Molpher_62.5k_0,sim,murcko,23422.0,62699.0,43/172,0.25,0.3735626,0.0136448,844.0
Molpher_62.5k_1,sim,murcko,22818.0,62641.0,15/93,0.1612903,0.3642662,0.0021598,135.0
Molpher_62.5k_2,sim,murcko,21810.0,62510.0,17/65,0.2615385,0.3489042,0.0007524,47.0
Molpher_62.5k_3,sim,murcko,22406.0,62562.0,12/57,0.2105263,0.3581407,0.0052543,327.0
Molpher_62.5k_4,sim,murcko,21904.0,62794.0,5/50,0.1,0.3488231,0.0005417,34.0
Molpher_62.5k_mean,sim,murcko,22472.0,62641.2,-,0.196671,0.3587394,0.0044706,277.4
