name,type_cluster,scaffold,USo,SSo,TUPOR_,TUPOR,SESY,ASER,CwASo
Molpher_62.5k_1,sim,murcko,22818,62641,15/93,0.16129032258064516,0.36426621541801696,0.002159792659904649,135
