name,type_cluster,scaffold,USo,SSo,TUPOR_,TUPOR,SESY,ASER,CwASo
Molpher_62.5k_3,sim,murcko,22406,62562,12/57,0.21052631578947367,0.35814072440139383,0.005254278139310677,327
