name,type_cluster,scaffold,SSo,TUPOR_,TUPOR,SESY,ASER
Molpher_62.5k_2,sim,murcko,62510,17/65,0.26153846153846155,0.3489041753319469,0.0007518796992481203
