name,type_cluster,scaffold,SSo,TUPOR_,TUPOR,SESY,ASER
Molpher_62.5k_1,sim,murcko,62641,15/93,0.16129032258064516,0.36426621541801696,0.00215513800865248
