name,type_cluster,scaffold,USo,SSo,TUPOR_,TUPOR,SESY,ASER,CwASo
Molpher_62.5k_2,sim,murcko,21810,62510,17/65,0.26153846153846155,0.3489041753319469,0.0007524454477050414,47
