name,type_cluster,scaffold,SSo,TUPOR_,TUPOR,SESY,ASER
Molpher_62.5k_3,sim,murcko,62562,12/57,0.21052631578947367,0.35814072440139383,0.005254278139310677
