name,type_cluster,scaffold,USo,SSo,TUPOR_,TUPOR,TUPOR_unique,TUPOR_1,TUPOR_2,SESY,ASER,CwASo
DrugEx_RNN_epsilon_0.1_0,sim,csk,83393.0,823559.0,21/38,0.5526316,0.0662683,0.0003261,0.7156872,0.1012593,0.0222449,18320.0
DrugEx_RNN_epsilon_0.1_1,sim,csk,92999.0,842946.0,22/38,0.5789474,0.0622531,0.0001621,0.3966852,0.1103262,0.0233503,19683.0
DrugEx_RNN_epsilon_0.1_2,sim,csk,57526.0,850165.0,10/37,0.2702703,0.0469823,4.29e-05,0.0667254,0.0676645,0.0314739,26758.0
DrugEx_RNN_epsilon_0.1_3,sim,csk,102276.0,903489.0,12/35,0.3428571,0.0335227,2.39e-05,0.0698613,0.1132012,0.0211713,19128.0
DrugEx_RNN_epsilon_0.1_4,sim,csk,81618.0,817897.0,16/35,0.4571429,0.0560101,2.35e-05,0.054742,0.0997901,0.0022069,1805.0
DrugEx_RNN_epsilon_0.1_mean,sim,csk,83562.4,847611.2,-,0.4403698,0.0530073,0.0001157,0.2607402,0.0984482,0.0200894,17138.8
