name,type_cluster,scaffold,USo,SSo,TUPOR_,TUPOR,TUPOR_unique,TUPOR_1,TUPOR_2,SESY,ASER,CwASo
DrugEx_RNN_epsilon_0.1_0,sim,csk,"83,393.0","823,559.0",21/38,0.5526316,0.0662683,0.0003261,0.7156872,0.1012593,0.0222449,"18,320.0"
DrugEx_RNN_epsilon_0.1_1,sim,csk,"92,999.0","842,946.0",22/38,0.5789474,0.0622531,0.0001621,0.3966852,0.1103262,0.0233503,"19,683.0"
DrugEx_RNN_epsilon_0.1_2,sim,csk,"57,526.0","850,165.0",10/37,0.2702703,0.0469823,4.29e-05,0.0667254,0.0676645,0.0314739,"26,758.0"
DrugEx_RNN_epsilon_0.1_3,sim,csk,"102,276.0","903,489.0",12/35,0.3428571,0.0335227,2.39e-05,0.0698613,0.1132012,0.0211713,"19,128.0"
DrugEx_RNN_epsilon_0.1_4,sim,csk,"81,618.0","817,897.0",16/35,0.4571429,0.0560101,2.35e-05,0.054742,0.0997901,0.0022069,"1,805.0"
DrugEx_RNN_epsilon_0.1_mean,sim,csk,"83,562.4","847,611.2",-,0.4403698,0.0530073,0.0001157,0.2607402,0.0984482,0.0200894,"17,138.8"
