name,type_cluster,scaffold,SSo,TUPOR_,TUPOR,SESY,ASER
DrugEx_RNN_epsilon_0.1_0,sim,csk,823559.0,21/38,0.5526316,0.1012593,0.0222449
DrugEx_RNN_epsilon_0.1_1,sim,csk,842946.0,22/38,0.5789474,0.1103262,0.0233503
DrugEx_RNN_epsilon_0.1_2,sim,csk,850165.0,10/37,0.2702703,0.0676645,0.0314739
DrugEx_RNN_epsilon_0.1_3,sim,csk,903489.0,12/35,0.3428571,0.1132012,0.0211713
DrugEx_RNN_epsilon_0.1_4,sim,csk,817897.0,16/35,0.4571429,0.0997901,0.0022069
DrugEx_RNN_epsilon_0.1_mean,sim,csk,847611.2,-,0.4403698,0.0984482,0.0200894
