name,type_cluster,scaffold,USo,SSo,TUPOR_,TUPOR,SESY,ASER,ACR,CwASo
DrugEx_RNN_epsilon_0.1_0,sim,csk,83393.0,823559.0,21/38,0.5526316,0.1012593,0.022751,0.0002519,18320.0
DrugEx_RNN_epsilon_0.1_1,sim,csk,92999.0,842946.0,22/38,0.5789474,0.1103262,0.0239085,0.0002366,19683.0
DrugEx_RNN_epsilon_0.1_2,sim,csk,57526.0,850165.0,10/37,0.2702703,0.0676645,0.0324967,0.0001739,26758.0
DrugEx_RNN_epsilon_0.1_3,sim,csk,102276.0,903489.0,12/35,0.3428571,0.1132012,0.0216292,0.0001173,19128.0
DrugEx_RNN_epsilon_0.1_4,sim,csk,81618.0,817897.0,16/35,0.4571429,0.0997901,0.0022118,0.0001961,1805.0
DrugEx_RNN_epsilon_0.1_mean,sim,csk,83562.4,847611.2,-,0.4403698,0.0984482,0.0205994,0.0001952,17138.8
