name,type_cluster,scaffold,USo,SSo,TUPOR_,TUPOR,TUPOR_unique,TUPOR_1,TUPOR_2,SESY,ASER,CwASo
DrugEx_RNN_epsilon_0.1_2,sim,csk,57526,850165,10/37,0.2702702702702703,0.046982281102505,4.2916947282570426e-05,0.0667254137669499,0.0676645121829292,0.03147389036245905,26758
