name,type_cluster,scaffold,SSo,TUPOR_,TUPOR,SESY,ASER
DrugEx_RNN_epsilon_0.1_3,sim,csk,903489,12/35,0.34285714285714286,0.11320115684861687,0.02117125941765755
