name,type_cluster,scaffold,SSo,TUPOR_,TUPOR,SESY,ASER
DrugEx_RNN_epsilon_0.1_1,sim,csk,842946,22/38,0.5789473684210527,0.11032616561440473,0.023350250193962602
