name,type_cluster,scaffold,USo,SSo,TUPOR_,TUPOR,SESY,ASER,ACR,CwASo
DrugEx_RNN_epsilon_0.1_4,sim,csk,81618,817897,16/35,0.45714285714285713,0.09979007136595439,0.0022117604387740597,0.00019607362564643023,1805
