name,type_cluster,scaffold,USo,SSo,TUPOR_,TUPOR,SESY,ASER,ASR,CwASo
DrugEx_RNN_epsilon_0.1_3,sim,csk,102276,903489,12/35,0.34285714285714286,0.11320115684861687,0.021629176320529738,0.00011734334663224596,19128
