name,type_cluster,scaffold,USo,SSo,TUPOR_,TUPOR,TUPOR_unique,TUPOR_1,TUPOR_2,SESY,ASER,CwASo
DrugEx_RNN_epsilon_0.1_0,sim,csk,83393,823559,21/38,0.5526315789473685,0.06626834134128386,0.00032611986192661487,0.7156872012012157,0.10125929046977812,0.022244915057694714,18320
