name,type_cluster,scaffold,SSo,TUPOR_,TUPOR,SESY,ASER
DrugEx_RNN_epsilon_0.1_0,sim,csk,823559,21/38,0.5526315789473685,0.10125929046977812,0.022244915057694714
