name,type_cluster,scaffold,USo,SSo,TUPOR_,TUPOR,TUPOR_unique,TUPOR_1,TUPOR_2,SESY,ASER,CwASo
DrugEx_RNN_epsilon_0.1_4,sim,csk,81618,817897,16/35,0.45714285714285713,0.056010053804657935,2.3474838518786594e-05,0.054741982006466405,0.09979007136595439,0.002206879350333844,1805
