name,type_cluster,scaffold,SSo,TUPOR_,TUPOR,SESY,ASER
DrugEx_RNN_epsilon_0.1_4,sim,csk,817897,16/35,0.45714285714285713,0.09979007136595439,0.002206879350333844
