name,type_cluster,scaffold,USo,SSo,TUPOR_,TUPOR,SESY,ASER,ASR,CwASo
DrugEx_RNN_epsilon_0.1_1,sim,csk,92999,842946,22/38,0.5789473684210527,0.11032616561440473,0.023908520120544712,0.0002366176581305054,19683
