name,type_cluster,scaffold,USo,SSo,TUPOR_,TUPOR,TUPOR_unique,TUPOR_1,TUPOR_2,SESY,ASER,CwASo
DrugEx_RNN_epsilon_0.1_1,sim,csk,92999,842946,22/38,0.5789473684210527,0.062253074594463664,0.00016208817521806668,0.3966852159764469,0.11032616561440473,0.023350250193962602,19683
