name,type_cluster,scaffold,USo,SSo,TUPOR_,TUPOR,TUPOR_unique,TUPOR_1,TUPOR_2,SESY,ASER,CwASo
DrugEx_RNN_epsilon_0.1_3,sim,csk,102276,903489,12/35,0.34285714285714286,0.03352273679623204,2.390731929221053e-05,0.06986128536943212,0.11320115684861687,0.02117125941765755,19128
