name,type_cluster,scaffold,SSo,TUPOR_,TUPOR,SESY,ASER
addcarbon_62.5k_1,dis,murcko,62500,1/96,0.010416666666666666,0.076944,0.0007044959651594723
