name,type_cluster,scaffold,SSo,TUPOR_,TUPOR,SESY,ASER
addcarbon_62.5k_2,dis,murcko,62500,11/102,0.10784313725490197,0.064576,0.0007365420949819066
