name,type_cluster,scaffold,SSo,TUPOR_,TUPOR,SESY,ASER
addcarbon_62.5k_4,dis,murcko,62500,2/71,0.028169014084507043,0.080672,0.00025606555278151206
