name,type_cluster,scaffold,SSo,TUPOR_,TUPOR,SESY,ASER
addcarbon_125k_0,dis,murcko,"125,000.0",0/92,0.0,0.018632,0.0
addcarbon_125k_1,dis,murcko,"125,000.0",1/34,0.0294118,0.02624,0.00064
addcarbon_125k_2,dis,murcko,"125,000.0",0/64,0.0,0.023,0.0
addcarbon_125k_3,dis,murcko,"125,000.0",2/76,0.0263158,0.025544,0.00012
addcarbon_125k_4,dis,murcko,"125,000.0",2/98,0.0204082,0.0248,0.002952
addcarbon_125k_mean,dis,murcko,"125,000.0",-,0.0152271,0.0236432,0.0007424
