name,type_cluster,scaffold,USo,SSo,TUPOR_,TUPOR,SESY,ASER,CwASo
addcarbon_125k_3,dis,murcko,3193,125000,2/76,0.02631578947368421,0.025544,0.00012001440172820739,15
