name,type_cluster,scaffold,USo,SSo,TUPOR_,TUPOR,SESY,ASER,ACR,CwASo
GB_GA_mut_r_0.5_100k_0,sim,csk,"22,481.0","99,988.0",19/38,0.5,0.224837,0.0101941,0.0008459,"1,009.0"
GB_GA_mut_r_0.5_100k_1,sim,csk,"25,192.0","99,999.0",19/38,0.5,0.2519225,0.0148783,0.0007548,"1,466.0"
GB_GA_mut_r_0.5_100k_2,sim,csk,"27,287.0","99,994.0",13/37,0.3513514,0.2728864,0.0084513,0.0004766,838.0
GB_GA_mut_r_0.5_100k_3,sim,csk,"25,626.0","99,997.0",20/35,0.5714286,0.2562677,0.0130485,0.0007811,"1,288.0"
GB_GA_mut_r_0.5_100k_4,sim,csk,"23,977.0","99,999.0",14/35,0.4,0.2397724,0.0028381,0.0005842,283.0
GB_GA_mut_r_0.5_100k_mean,sim,csk,"24,912.6","99,995.4",-,0.464556,0.2491372,0.009882,0.0006885,976.8
