name,type_cluster,scaffold,USo,SSo,TUPOR_,TUPOR,SESY,ASER,ACR,CwASo
GB_GA_mut_r_0.5_100k_3,sim,csk,25626,99997,20/35,0.5714285714285714,0.2562676880306409,0.013048455561296336,0.0007810669374365383,1288
