name,type_cluster,scaffold,USo,SSo,TUPOR_,TUPOR,SESY,ASER,ACR,CwASo
addcarbon_0,sim,csk,953.0,1000000.0,21/46,0.4565217,0.000953,0.0302884,0.0225322,29398.0
addcarbon_1,sim,csk,941.0,1000000.0,16/44,0.3636364,0.000941,0.0104613,0.0172973,10353.0
addcarbon_2,sim,csk,965.0,1000000.0,12/42,0.2857143,0.000965,0.0101949,0.0125918,10092.0
addcarbon_3,sim,csk,910.0,1000000.0,15/42,0.3571429,0.00091,0.0107176,0.0167598,10604.0
addcarbon_4,sim,csk,935.0,1000000.0,12/42,0.2857143,0.000935,0.0033009,0.0130011,3290.0
addcarbon_mean,sim,csk,940.8,1000000.0,-,0.3497459,0.0009408,0.0129926,0.0164364,12747.4
