name,type_cluster,scaffold,SSo,TUPOR_,TUPOR,SESY,ASER
addcarbon_2,sim,csk,1000000,12/42,0.2857142857142857,0.000965,0.010194886797560986
