name,type_cluster,scaffold,USo,SSo,TUPOR_,TUPOR,SESY,ASER,ACR,CwASo
addcarbon_0,sim,csk,953,1000000,21/46,0.45652173913043476,0.000953,0.030288418939998063,0.022532188841201718,29398
