name,type_cluster,scaffold,SSo,TUPOR_,TUPOR,SESY,ASER
addcarbon_4,sim,csk,1000000,12/42,0.2857142857142857,0.000935,0.0033008598288368734
