name,type_cluster,scaffold,SSo,TUPOR_,TUPOR,SESY,ASER
addcarbon_0,sim,csk,1000000,21/46,0.45652173913043476,0.000953,0.030288418939998063
