name,type_cluster,scaffold,USo,SSo,TUPOR_,TUPOR,SESY,ASER,ACR,CwASo
addcarbon_3,sim,csk,910,1000000,15/42,0.35714285714285715,0.00091,0.010717649960177725,0.01675977653631285,10604
