name,type_cluster,scaffold,USo,SSo,TUPOR_,TUPOR,SESY,ASER,ACR,CwASo
addcarbon_4,sim,csk,935,1000000,12/42,0.2857142857142857,0.000935,0.0033008598288368734,0.013001083423618635,3290
