name,type_cluster,scaffold,USo,SSo,TUPOR_,TUPOR,SESY,ASER,ACR,CwASo
addcarbon_2,sim,csk,965,1000000,12/42,0.2857142857142857,0.000965,0.010194886797560986,0.012591815320041973,10092
