name,type_cluster,scaffold,USo,SSo,TUPOR_,TUPOR,SESY,ASER,ACR,CwASo
DrugEx_RNN_epsilon_0.1_10k_0,sim,csk,"3,818.0","9,993.0",11/38,0.2894737,0.3820674,0.0232439,0.0028894,227.0
DrugEx_RNN_epsilon_0.1_10k_1,sim,csk,"4,043.0","9,993.0",10/38,0.2631579,0.4045832,0.0231391,0.0024795,226.0
DrugEx_RNN_epsilon_0.1_10k_2,sim,csk,"2,654.0","9,976.0",3/37,0.0810811,0.2660385,0.0314309,0.0011316,304.0
DrugEx_RNN_epsilon_0.1_10k_3,sim,csk,"3,980.0","9,995.0",7/35,0.2,0.3981991,0.01917,0.0017619,188.0
DrugEx_RNN_epsilon_0.1_10k_4,sim,csk,"3,663.0","9,994.0",5/35,0.1428571,0.3665199,0.0022062,0.0013669,22.0
DrugEx_RNN_epsilon_0.1_10k_mean,sim,csk,"3,631.6","9,990.2",-,0.195314,0.3634816,0.019838,0.0019259,193.4
