name,type_cluster,scaffold,USo,SSo,TUPOR_,TUPOR,SESY,ASER,ASR,CwASo
DrugEx_RNN_epsilon_0.1_10k_4,sim,csk,3663,9994,5/35,0.14285714285714285,0.3665199119471683,0.002206177296430004,0.001366867140513942,22
