name,type_cluster,scaffold,SSo,TUPOR_,TUPOR,SESY,ASER
GB_GA_new_mut_r_0.5_1,sim,csk,928312,38/44,0.8636363636363636,0.02893531485104146,0.024264471427709648
