name,type_cluster,scaffold,SSo,TUPOR_,TUPOR,SESY,ASER
GB_GA_new_mut_r_0.5_4,sim,csk,926967,31/42,0.7380952380952381,0.03059008573120726,0.007653994155131736
