name,type_cluster,scaffold,SSo,TUPOR_,TUPOR,SESY,ASER
GB_GA_new_mut_r_0.5_0,sim,csk,940576,43/46,0.9347826086956522,0.05403391113530433,0.17836410880141532
