name,type_cluster,scaffold,USo,SSo,TUPOR_,TUPOR,SESY,ASER,CwASo
Molpher_250k_2,dis,csk,37016,250098,7/40,0.175,0.14800598165519116,0.0001439642968543801,36
