name,type_cluster,scaffold,USo,SSo,TUPOR_,TUPOR,SESY,ASER,CwASo
Molpher_250k_1,dis,csk,40705,285349,9/23,0.391304347826087,0.14264987786885533,0.0010067985210234966,287
