name,type_cluster,scaffold,USo,SSo,TUPOR_,TUPOR,SESY,ASER,CwASo
Molpher_250k_4,dis,csk,42435,250280,33/43,0.7674418604651163,0.1695501038836503,0.012680763597225931,3134
