name,type_cluster,scaffold,USo,SSo,TUPOR_,TUPOR,SESY,ASER,CwASo
Molpher_250k_0,dis,csk,37652,250033,11/40,0.275,0.15058812236784744,0.00518203454153668,1289
