name,type_cluster,scaffold,SSo,TUPOR_,TUPOR,SESY,ASER
Molpher_250k_3,dis,csk,250082,14/37,0.3783783783783784,0.15744435825049383,0.006094001167617022
