name,type_cluster,scaffold,SSo,TUPOR_,TUPOR,SESY,ASER
Molpher_250k_0,dis,csk,250033,11/40,0.275,0.15058812236784744,0.005155319497826287
