name,type_cluster,scaffold,USo,SSo,TUPOR_,TUPOR,SESY,ASER,CwASo
Molpher_250k_3,dis,csk,39374,250082,14/37,0.3783783783783784,0.15744435825049383,0.006131365717458299,1524
