name,type_cluster,scaffold,SSo,TUPOR_,TUPOR,SESY,ASER
Molpher_250k_4,dis,csk,250280,33/43,0.7674418604651163,0.1695501038836503,0.012521975387565927
