name,type_cluster,scaffold,SSo,TUPOR_,TUPOR,SESY,ASER
Molpher_250k_2,dis,csk,250098,7/40,0.175,0.14800598165519116,0.00014394357411894536
