name,type_cluster,scaffold,SSo,TUPOR_,TUPOR,SESY,ASER
Molpher_250k_1,dis,csk,285349,9/23,0.391304347826087,0.14264987786885533,0.0010057858972696593
