name,type_cluster,scaffold,SSo,TUPOR_,TUPOR,SESY,ASER
GB_GA_mut_r_0.5_125k_0,dis,csk,"119,340.0",23/40,0.575,0.0977292,0.0181498
GB_GA_mut_r_0.5_125k_1,dis,csk,"119,118.0",13/23,0.5652174,0.0968451,0.0015111
GB_GA_mut_r_0.5_125k_2,dis,csk,"119,343.0",18/40,0.45,0.1039357,0.0025054
GB_GA_mut_r_0.5_125k_3,dis,csk,"119,101.0",20/37,0.5405405,0.0926776,0.032485
GB_GA_mut_r_0.5_125k_4,dis,csk,"118,696.0",28/43,0.6511628,0.0990177,0.0229915
GB_GA_mut_r_0.5_125k_mean,dis,csk,"119,119.6",-,0.5563841,0.0980411,0.0155286
