name,type_cluster,scaffold,USo,SSo,TUPOR_,TUPOR,SESY,ASER,CwASo
GB_GA_mut_r_0.5_125k_0,dis,csk,"28,393.0","124,997.0",9/40,0.225,0.2271495,0.0107465,"1,329.0"
GB_GA_mut_r_0.5_125k_1,dis,csk,"28,174.0","124,992.0",9/23,0.3913043,0.2254064,0.001699,212.0
GB_GA_mut_r_0.5_125k_2,dis,csk,"32,626.0","124,996.0",11/40,0.275,0.2610164,0.0008728,109.0
GB_GA_mut_r_0.5_125k_3,dis,csk,"27,881.0","124,999.0",12/37,0.3243243,0.2230498,0.0024942,311.0
GB_GA_mut_r_0.5_125k_4,dis,csk,"27,306.0","124,998.0",23/43,0.5348837,0.2184515,0.0058096,722.0
GB_GA_mut_r_0.5_125k_mean,dis,csk,"28,876.0","124,996.4",-,0.3501025,0.2310147,0.0043244,536.6
