name,type_cluster,scaffold,USo,SSo,TUPOR_,TUPOR,SESY,ASER,CwASo
GB_GA_mut_r_0.5_125k_4,dis,csk,27306,124998,23/43,0.5348837209302325,0.21845149522392357,0.005809649489845184,722
