name,type_cluster,scaffold,SSo,TUPOR_,TUPOR,SESY,ASER
GB_GA_mut_r_0.5_125k_2,dis,csk,124996,11/40,0.275,0.26101635252328076,0.0008720279048929566
