name,type_cluster,scaffold,SSo,TUPOR_,TUPOR,SESY,ASER
GB_GA_mut_r_0.5_125k_4,dis,csk,118696,28/43,0.6511627906976745,0.09901765855631192,0.022991507717193504
