name,type_cluster,scaffold,SSo,TUPOR_,TUPOR,SESY,ASER
GB_GA_mut_r_0.5_125k_4,dis,csk,124998,23/43,0.5348837209302325,0.21845149522392357,0.005776092417478679
