name,type_cluster,scaffold,SSo,TUPOR_,TUPOR,SESY,ASER
GB_GA_mut_r_0.5_125k_3,dis,csk,119101,20/37,0.5405405405405406,0.09267764334472423,0.03248503371088404
