name,type_cluster,scaffold,USo,SSo,TUPOR_,TUPOR,SESY,ASER,CwASo
GB_GA_mut_r_0.5_125k_2,dis,csk,32626,124996,11/40,0.275,0.26101635252328076,0.0008727890012571364,109
