name,type_cluster,scaffold,USo,SSo,TUPOR_,TUPOR,SESY,ASER,CwASo
GB_GA_mut_r_0.5_125k_1,dis,csk,28174,124992,9/23,0.391304347826087,0.22540642601126473,0.001698990222792114,212
