name,type_cluster,scaffold,USo,SSo,TUPOR_,TUPOR,SESY,ASER,CwASo
Molpher_250k_1,dis,csk,42985,250229,20/41,0.4878048780487805,0.17178264709526075,0.0032354804307559077,807
