name,type_cluster,scaffold,SSo,TUPOR_,TUPOR,SESY,ASER
Molpher_250k_1,dis,csk,250229,20/41,0.4878048780487805,0.17178264709526075,0.0032250458579940774
