name,type_cluster,scaffold,USo,SSo,TUPOR_,TUPOR,SESY,ASER,CwASo
Molpher_250k_0,dis,csk,41367,250057,21/42,0.5,0.16543028189572778,0.009279216009170239,2299
