name,type_cluster,scaffold,USo,SSo,TUPOR_,TUPOR,SESY,ASER,CwASo
Molpher_250k_3,dis,csk,45556,250190,31/47,0.6595744680851063,0.18208561493265119,0.006497033088605049,1615
