name,type_cluster,scaffold,USo,SSo,TUPOR_,TUPOR,SESY,ASER,CwASo
Molpher_250k_2,dis,csk,41566,249948,37/45,0.8222222222222222,0.1662985901067422,0.003476766687275676,866
