name,type_cluster,scaffold,SSo,TUPOR_,TUPOR,SESY,ASER
Molpher_250k_2,dis,csk,249948,37/45,0.8222222222222222,0.1662985901067422,0.003476766687275676
