name,type_cluster,scaffold,USo,SSo,TUPOR_,TUPOR,SESY,ASER,CwASo
Molpher_250k_4,dis,csk,43022,250035,25/41,0.6097560975609756,0.17206391105245267,0.005594343720339119,1391
