name,type_cluster,scaffold,SSo,TUPOR_,TUPOR,SESY,ASER
Molpher_250k_4,dis,csk,250035,25/41,0.6097560975609756,0.17206391105245267,0.0055632211490391345
