name,type_cluster,scaffold,SSo,TUPOR_,TUPOR,SESY,ASER
Molpher_250k_3,dis,csk,250190,31/47,0.6595744680851063,0.18208561493265119,0.006455094128462369
