name,type_cluster,scaffold,USo,SSo,TUPOR_,TUPOR,SESY,ASER,ASR,CwASo
DrugEx_RNN_epsilon_0.6_500k_0,sim,csk,"68,601.0","497,411.0",32/38,0.8421053,0.1379161,0.0183249,0.0004667,"8,951.0"
DrugEx_RNN_epsilon_0.6_500k_1,sim,csk,"60,730.0","496,471.0",30/38,0.7894737,0.1223234,0.0438506,0.0004942,"20,856.0"
DrugEx_RNN_epsilon_0.6_500k_2,sim,csk,"52,002.0","495,537.0",30/37,0.8108108,0.1049407,0.0385176,0.0005772,"18,379.0"
DrugEx_RNN_epsilon_0.6_500k_3,sim,csk,"50,344.0","494,551.0",28/35,0.8,0.1017974,0.0262481,0.0005565,"12,649.0"
DrugEx_RNN_epsilon_0.6_500k_4,sim,csk,"57,822.0","494,941.0",27/35,0.7714286,0.116826,0.0044934,0.0004672,"2,214.0"
DrugEx_RNN_epsilon_0.6_500k_mean,sim,csk,"57,899.8","495,782.2",-,0.8027637,0.1167607,0.0262869,0.0005124,"12,609.8"
