name,type_cluster,scaffold,USo,SSo,TUPOR_,TUPOR,SESY,ASER,ASR,CwASo
DrugEx_RNN_epsilon_0.6_500k_4,sim,csk,57822,494941,27/35,0.7714285714285715,0.11682604593274754,0.0044933604206792,0.0004671684401764859,2214
