name,type_cluster,scaffold,SSo,TUPOR_,TUPOR,SESY,ASER
DrugEx_RNN_epsilon_0.6_500k_2,sim,csk,495537,30/37,0.8108108108108109,0.1049407006943982,0.03708905692208654
