name,type_cluster,scaffold,USo,SSo,TUPOR_,TUPOR,SESY,ASER,ASR,CwASo
DrugEx_RNN_epsilon_0.6_500k_0,sim,csk,68601,497411,32/38,0.8421052631578947,0.13791612971968856,0.018324939606108995,0.00046668319502982396,8951
