name,type_cluster,scaffold,SSo,TUPOR_,TUPOR,SESY,ASER
DrugEx_RNN_epsilon_0.6_500k_1,sim,csk,496471,30/38,0.7894736842105263,0.12232335826261756,0.04200849596451756
