name,type_cluster,scaffold,SSo,TUPOR_,TUPOR,SESY,ASER
DrugEx_RNN_epsilon_0.6_500k_4,sim,csk,494941,27/35,0.7714285714285715,0.11682604593274754,0.004473260449225261
