name,type_cluster,scaffold,USo,SSo,TUPOR_,TUPOR,SESY,ASER,ACR,CwASo
DrugEx_RNN_epsilon_0.6_500k_1,sim,csk,60730,496471,30/38,0.7894736842105263,0.12232335826261756,0.043850593442174866,0.0004942339373970346,20856
