name,type_cluster,scaffold,SSo,TUPOR_,TUPOR,SESY,ASER
DrugEx_RNN_epsilon_0.6_500k_0,sim,csk,497411,32/38,0.8421052631578947,0.13791612971968856,0.017995179037053863
