name,type_cluster,scaffold,USo,SSo,TUPOR_,TUPOR,SESY,ASER,ACR,CwASo
DrugEx_RNN_epsilon_0.6_500k_3,sim,csk,50344,494551,28/35,0.8,0.10179738793370148,0.026248075334819113,0.0005564830272676684,12649
