name,type_cluster,scaffold,USo,SSo,TUPOR_,TUPOR,TUPOR_unique,TUPOR_1,TUPOR_2,SESY,ASER,CwASo
DrugEx_epsilon_0.6_0,dis,murcko,"7,035.0","9,998.0",4/92,0.0434783,0.0618028,0.0007828,0.059856,0.7036407,0.0009002,9.0
DrugEx_epsilon_0.6_1,dis,murcko,"7,126.0","9,985.0",2/34,0.0588235,0.0825478,0.0003711,0.0777876,0.7136705,0.0004006,4.0
DrugEx_epsilon_0.6_2,dis,murcko,"7,093.0","9,994.0",5/64,0.078125,0.1101438,0.001454,0.1611438,0.7097258,0.0009005,9.0
DrugEx_epsilon_0.6_3,dis,murcko,"7,294.0","9,995.0",8/76,0.1052632,0.1443147,0.0024117,0.2314628,0.7297649,0.0048024,48.0
DrugEx_epsilon_0.6_4,dis,murcko,"7,508.0","9,999.0",7/98,0.0714286,0.0951366,0.0021716,0.1663747,0.7508751,0.0027003,27.0
DrugEx_epsilon_0.6_mean,dis,murcko,"7,211.2","9,994.2",-,0.0714237,0.0987891,0.0014383,0.139325,0.7215354,0.0019408,19.4
