name,type_cluster,scaffold,USo,SSo,TUPOR_,TUPOR,SESY,ASER,CwASo
DrugEx_GT_epsilon_0.6_250k_0,sim,csk,"111,903.0","249,088.0",44/46,0.9565217,0.4492509,0.0628752,"14,735.0"
DrugEx_GT_epsilon_0.6_250k_1,sim,csk,"80,954.0","249,094.0",37/44,0.8409091,0.3249938,0.0291992,"7,067.0"
DrugEx_GT_epsilon_0.6_250k_2,sim,csk,"74,799.0","247,277.0",38/42,0.9047619,0.3024907,0.0195266,"4,736.0"
DrugEx_GT_epsilon_0.6_250k_3,sim,csk,"77,700.0","249,371.0",29/42,0.6904762,0.3115839,0.0185808,"4,549.0"
DrugEx_GT_epsilon_0.6_250k_4,sim,csk,"68,042.0","249,364.0",35/42,0.8333333,0.2728622,0.005719,"1,418.0"
DrugEx_GT_epsilon_0.6_250k_mean,sim,csk,"82,679.6","248,838.8",-,0.8452005,0.3322363,0.0271802,"6,501.0"
