name,type_cluster,scaffold,SSo,TUPOR_,TUPOR,SESY,ASER
DrugEx_GT_epsilon_0.6_250k_1,sim,csk,249094,37/44,0.8409090909090909,0.3249937774494769,0.029199221574452438
