name,type_cluster,scaffold,USo,SSo,TUPOR_,TUPOR,SESY,ASER,CwASo
DrugEx_GT_epsilon_0.6_250k_4,sim,csk,68042,249364,35/42,0.8333333333333334,0.272862161338445,0.005718987198825551,1418
