name,type_cluster,scaffold,SSo,TUPOR_,TUPOR,SESY,ASER
DrugEx_GT_epsilon_0.6_250k_4,sim,csk,249364,35/42,0.8333333333333334,0.272862161338445,0.005718987198825551
