name,type_cluster,scaffold,USo,SSo,TUPOR_,TUPOR,SESY,ASER,ASR,CwASo
DrugEx_RNN_epsilon_0.6_10k_0,dis,murcko,"7,031.0","9,930.0",1/92,0.0108696,0.7080564,0.0001007,0.0001422,1.0
DrugEx_RNN_epsilon_0.6_10k_1,dis,murcko,"6,485.0","9,872.0",4/34,0.1176471,0.6569084,0.0005067,0.0006172,5.0
DrugEx_RNN_epsilon_0.6_10k_2,dis,murcko,"6,979.0","9,906.0",0/64,0.0,0.7045225,0.0,0.0,0.0
DrugEx_RNN_epsilon_0.6_10k_3,dis,murcko,"7,480.0","9,931.0",8/76,0.1052632,0.7531971,0.0040441,0.0010707,40.0
DrugEx_RNN_epsilon_0.6_10k_4,dis,murcko,"7,621.0","9,905.0",5/98,0.0510204,0.7694094,0.0013142,0.0006565,13.0
DrugEx_RNN_epsilon_0.6_10k_mean,dis,murcko,"7,119.2","9,908.8",-,0.05696,0.7184188,0.0011931,0.0004973,11.8
