name,type_cluster,scaffold,SSo,TUPOR_,TUPOR,SESY,ASER
Molpher_250k_0,sim,murcko,250545.0,28/115,0.2434783,0.3010677,0.007779
Molpher_250k_1,sim,murcko,250030.0,24/100,0.24,0.2849538,0.0128785
Molpher_250k_2,sim,murcko,250104.0,15/58,0.2586207,0.2879602,0.002307
Molpher_250k_3,sim,murcko,250056.0,14/51,0.2745098,0.2822648,0.0031233
Molpher_250k_4,sim,murcko,250229.0,10/40,0.25,0.2854945,0.0012588
Molpher_250k_mean,sim,murcko,250192.8,-,0.2533218,0.2883482,0.0054693
