name,type_cluster,scaffold,USo,SSo,TUPOR_,TUPOR,SESY,ASER,CwASo
Molpher_250k_3,sim,murcko,70582,250056,14/51,0.27450980392156865,0.2822647726909172,0.0031330859492528333,781
