name,type_cluster,scaffold,SSo,TUPOR_,TUPOR,SESY,ASER
Molpher_250k_0,sim,murcko,250545,28/115,0.24347826086956523,0.3010676724740067,0.007779041689117723
