name,type_cluster,scaffold,SSo,TUPOR_,TUPOR,SESY,ASER
Molpher_250k_2,sim,murcko,250104,15/58,0.25862068965517243,0.28796020855324184,0.0023070402712471612
