name,type_cluster,scaffold,SSo,TUPOR_,TUPOR,SESY,ASER
Molpher_250k_3,sim,murcko,250056,14/51,0.27450980392156865,0.2822647726909172,0.00312330038071472
