name,type_cluster,scaffold,USo,SSo,TUPOR_,TUPOR,SESY,ASER,CwASo
Molpher_250k_2,sim,murcko,72020,250104,15/58,0.25862068965517243,0.28796020855324184,0.0023123750135255906,577
