name,type_cluster,scaffold,USo,SSo,TUPOR_,TUPOR,SESY,ASER,CwASo
REINVENT_125k_2,sim,murcko,95532,123106,6/58,0.10344827586206896,0.7760141666531282,0.0001787397224659582,22
