name,type_cluster,scaffold,USo,SSo,TUPOR_,TUPOR,SESY,ASER,CwASo
REINVENT_125k_0,sim,murcko,91294,124123,10/115,0.08695652173913043,0.735512354680438,0.010090899473482906,1240
