name,type_cluster,scaffold,SSo,TUPOR_,TUPOR,SESY,ASER
REINVENT_125k_3,sim,murcko,124374,5/51,0.09803921568627451,0.7708685094955537,0.00012864425040603342
