name,type_cluster,scaffold,SSo,TUPOR_,TUPOR,SESY,ASER
REINVENT_125k_0,sim,murcko,124123,10/115,0.08695652173913043,0.735512354680438,0.009990090474770993
