name,type_cluster,scaffold,USo,SSo,TUPOR_,TUPOR,SESY,ASER,CwASo
DrugEx_RNN_epsilon_0.1_250k_0,sim,csk,37490.0,249881.0,20/38,0.5263158,0.1500314,0.0223594,5465.0
DrugEx_RNN_epsilon_0.1_250k_1,sim,csk,40246.0,249877.0,16/38,0.4210526,0.1610632,0.0239895,5854.0
DrugEx_RNN_epsilon_0.1_250k_2,sim,csk,25227.0,249488.0,7/37,0.1891892,0.1011151,0.0323713,7823.0
DrugEx_RNN_epsilon_0.1_250k_3,sim,csk,41574.0,249845.0,11/35,0.3142857,0.1663992,0.0220323,5386.0
DrugEx_RNN_epsilon_0.1_250k_4,sim,csk,36256.0,249848.0,12/35,0.3428571,0.1451122,0.0023952,597.0
DrugEx_RNN_epsilon_0.1_250k_mean,sim,csk,36158.6,249787.8,-,0.3587401,0.1447442,0.0206295,5025.0
