name,type_cluster,scaffold,SSo,TUPOR_,TUPOR,SESY,ASER
DrugEx_RNN_epsilon_0.1_250k_0,sim,csk,249881,20/38,0.5263157894736842,0.15003141495351788,0.021870410315310087
