name,type_cluster,scaffold,USo,SSo,TUPOR_,TUPOR,SESY,ASER,CwASo
DrugEx_RNN_epsilon_0.1_250k_3,sim,csk,41574,249845,11/35,0.3142857142857143,0.16639916748383998,0.02203232443886296,5386
