name,type_cluster,scaffold,SSo,TUPOR_,TUPOR,SESY,ASER
DrugEx_RNN_epsilon_0.1_250k_3,sim,csk,249845,11/35,0.3142857142857143,0.16639916748383998,0.021557365566651325
