name,type_cluster,scaffold,SSo,TUPOR_,TUPOR,SESY,ASER
DrugEx_RNN_epsilon_0.1_250k_2,sim,csk,249488,7/37,0.1891891891891892,0.10111508369139999,0.031356217533508625
