name,type_cluster,scaffold,USo,SSo,TUPOR_,TUPOR,SESY,ASER,CwASo
DrugEx_RNN_epsilon_0.1_250k_2,sim,csk,25227,249488,7/37,0.1891891891891892,0.10111508369139999,0.03237125773281195,7823
