name,type_cluster,scaffold,USo,SSo,TUPOR_,TUPOR,SESY,ASER,CwASo
DrugEx_RNN_epsilon_0.1_250k_0,sim,csk,37490,249881,20/38,0.5263157894736842,0.15003141495351788,0.022359420005236972,5465
