name,type_cluster,scaffold,SSo,TUPOR_,TUPOR,SESY,ASER
DrugEx_RNN_epsilon_0.1_250k_1,sim,csk,249877,16/38,0.42105263157894735,0.16106324311561288,0.023427526342960737
