name,type_cluster,scaffold,USo,SSo,TUPOR_,TUPOR,SESY,ASER,CwASo
DrugEx_RNN_epsilon_0.1_250k_4,sim,csk,36256,249848,12/35,0.34285714285714286,0.14511222823476674,0.0023951759471376242,597
