name,type_cluster,scaffold,SSo,TUPOR_,TUPOR,SESY,ASER
GB_GA_mut_r_0.01_250k_0,sim,murcko,245114,43/115,0.3739130434782609,0.38913729937906444,0.01850159517612213
