name,type_cluster,scaffold,USo,SSo,TUPOR_,TUPOR,SESY,ASER,CwASo
GB_GA_mut_r_0.01_250k_0,sim,murcko,132582,250000,11/115,0.09565217391304348,0.530328,0.0021887802961668285,546
