name,type_cluster,scaffold,USo,SSo,TUPOR_,TUPOR,SESY,ASER,CwASo
GB_GA_mut_r_0.01_250k_3,sim,murcko,126989,249998,8/51,0.1568627450980392,0.5079600636805095,0.0028722490994135155,716
