name,type_cluster,scaffold,SSo,TUPOR_,TUPOR,SESY,ASER
GB_GA_mut_r_0.01_250k_3,sim,murcko,249998,8/51,0.1568627450980392,0.5079600636805095,0.0028640229121832976
