name,type_cluster,scaffold,SSo,TUPOR_,TUPOR,SESY,ASER
GB_GA_mut_r_0.01_250k_2,sim,murcko,242688,18/58,0.3103448275862069,0.3128090387658228,0.001829509493670886
