name,type_cluster,scaffold,USo,SSo,TUPOR_,TUPOR,SESY,ASER,CwASo
GB_GA_mut_r_0.01_250k_2,sim,murcko,136748,249998,4/58,0.06896551724137931,0.5469963759710078,0.0015905384994451145,397
