name,type_cluster,scaffold,USo,SSo,TUPOR_,TUPOR,SESY,ASER,ASR,CwASo
Molpher_1k_1,sim,csk,309,1238,3/38,0.07894736842105263,0.2495961227786753,0.008964955175224124,0.00980392156862745,11
