name,type_cluster,scaffold,USo,SSo,TUPOR_,TUPOR,SESY,ASER,ACR,CwASo
DrugEx_GT_epsilon_0.6_0,sim,murcko,"648,064.0","913,984.0",129/172,0.75,0.709054,0.030194,0.0001991,"26,788.0"
DrugEx_GT_epsilon_0.6_1,sim,murcko,"516,286.0","896,697.0",67/93,0.7204301,0.5757642,0.00564,0.0001298,"5,029.0"
DrugEx_GT_epsilon_0.6_2,sim,murcko,"537,376.0","912,782.0",48/65,0.7384615,0.5887233,0.0041264,8.93e-05,"3,751.0"
DrugEx_GT_epsilon_0.6_3,sim,murcko,"581,265.0","926,961.0",34/57,0.5964912,0.6270652,0.0023476,5.85e-05,"2,171.0"
DrugEx_GT_epsilon_0.6_4,sim,murcko,"508,399.0","891,573.0",21/50,0.42,0.570227,0.000505,4.13e-05,450.0
DrugEx_GT_epsilon_0.6_mean,sim,murcko,"558,278.0","908,399.4",-,0.6450766,0.6141667,0.0085626,0.0001036,"7,637.8"
