name,type_cluster,scaffold,USo,SSo,TUPOR_,TUPOR,SESY,ASER,ACR,CwASo
DrugEx_GT_epsilon_0.6_1,sim,murcko,516286,896697,67/93,0.7204301075268817,0.5757641655988589,0.005639991566367751,0.00012978987600223936,5029
