name,type_cluster,scaffold,SSo,TUPOR_,TUPOR,SESY,ASER
DrugEx_GT_epsilon_0.6_3,sim,murcko,926961,34/57,0.5964912280701754,0.6270652163359623,0.0023475599865915506
