name,type_cluster,scaffold,USo,SSo,TUPOR_,TUPOR,SESY,ASER,ACR,CwASo
DrugEx_GT_epsilon_0.6_0,sim,murcko,648064,913984,129/172,0.75,0.7090539878159793,0.030194004481535083,0.0001990940449273461,26788
