name,type_cluster,scaffold,SSo,TUPOR_,TUPOR,SESY,ASER
DrugEx_GT_epsilon_0.6_1,sim,murcko,896697,67/93,0.7204301075268817,0.5757641655988589,0.005639991566367751
