name,type_cluster,scaffold,SSo,TUPOR_,TUPOR,SESY,ASER
DrugEx_GT_epsilon_0.6_2,sim,murcko,912782,48/65,0.7384615384615385,0.5887232657962143,0.00410941495340618
