name,type_cluster,scaffold,USo,SSo,TUPOR_,TUPOR,SESY,ASER,ACR,CwASo
DrugEx_GT_epsilon_0.6_2,sim,murcko,537376,912782,48/65,0.7384615384615385,0.5887232657962143,0.004126371927910049,8.933091147306673e-05,3751
