name,type_cluster,scaffold,USo,SSo,TUPOR_,TUPOR,SESY,ASER,CwASo
DrugEx_GT_epsilon_0.6_62.5k_3,sim,murcko,45121,62418,19/51,0.37254901960784315,0.7228844243647665,0.002231891970005941,139
