name,type_cluster,scaffold,USo,SSo,TUPOR_,TUPOR,SESY,ASER,CwASo
DrugEx_GT_epsilon_0.6_62.5k_2,sim,murcko,47077,62486,10/58,0.1724137931034483,0.7534007617706366,0.0005123771095526307,32
