name,type_cluster,scaffold,SSo,TUPOR_,TUPOR,SESY,ASER
GB_GA_log_p_mut_r_0.01_4,sim,csk,999931,17/35,0.4857142857142857,0.14984533932841365,0.0025921788603413634
