name,type_cluster,scaffold,SSo,TUPOR_,TUPOR,SESY,ASER
GB_GA_log_p_mut_r_0.01_1,sim,csk,999951,22/38,0.5789473684210527,0.16650115855676928,0.00797239064714171
