name,type_cluster,scaffold,USo,SSo,TUPOR_,TUPOR,SESY,ASER,ACR,CwASo
DrugEx_GT_epsilon_0.1_100k_0,sim,murcko,66792.0,99927.0,21/115,0.1826087,0.6684079,0.00282,0.0003145,281.0
DrugEx_GT_epsilon_0.1_100k_1,sim,murcko,65666.0,99817.0,7/100,0.07,0.6578639,0.0348127,0.0001066,3358.0
DrugEx_GT_epsilon_0.1_100k_2,sim,murcko,64263.0,99916.0,3/58,0.0517241,0.6431703,3e-05,4.67e-05,3.0
DrugEx_GT_epsilon_0.1_100k_3,sim,murcko,63616.0,99993.0,9/51,0.1764706,0.6362045,0.0038652,0.0001415,385.0
DrugEx_GT_epsilon_0.1_100k_4,sim,murcko,69931.0,99932.0,0/40,0.0,0.6997859,0.0,0.0,0.0
DrugEx_GT_epsilon_0.1_100k_mean,sim,murcko,66053.6,99917.0,-,0.0961607,0.6610865,0.0083056,0.0001219,805.4
