name,type_cluster,scaffold,SSo,TUPOR_,TUPOR,SESY,ASER
REINVENT_250k_4,dis,murcko,246981,2/98,0.02040816326530612,0.6210437240111587,0.00011741793903174738
