name,type_cluster,scaffold,USo,SSo,TUPOR_,TUPOR,SESY,ASER,CwASo
REINVENT_250k_3,dis,murcko,161183,242771,17/76,0.2236842105263158,0.6639302058318333,0.002605930453456678,631
