name,type_cluster,scaffold,USo,SSo,TUPOR_,TUPOR,SESY,ASER,CwASo
REINVENT_250k_1,dis,murcko,165482,246810,2/34,0.058823529411764705,0.6704833677727807,1.2155246812286523e-05,3
