name,type_cluster,scaffold,USo,SSo,TUPOR_,TUPOR,SESY,ASER,CwASo
REINVENT_250k_0,dis,murcko,165815,248485,4/92,0.043478260869565216,0.6673038614000845,3.622080200904715e-05,9
