name,type_cluster,scaffold,SSo,TUPOR_,TUPOR,SESY,ASER
REINVENT_250k_1,dis,murcko,246810,2/34,0.058823529411764705,0.6704833677727807,1.2155099064057372e-05
