name,type_cluster,scaffold,SSo,TUPOR_,TUPOR,SESY,ASER
REINVENT_250k_0,dis,murcko,248485,4/92,0.043478260869565216,0.6673038614000845,3.6219490110067006e-05
