name,type_cluster,scaffold,SSo,TUPOR_,TUPOR,SESY,ASER
REINVENT_250k_3,dis,murcko,242771,17/76,0.2236842105263158,0.6639302058318333,0.0025991572304764573
