name,type_cluster,scaffold,USo,SSo,TUPOR_,TUPOR,SESY,ASER,CwASo
REINVENT_250k_4,dis,murcko,153386,246981,2/98,0.02040816326530612,0.6210437240111587,0.00011743172762318183,29
