name,type_cluster,scaffold,USo,SSo,TUPOR_,TUPOR,SESY,ASER,CwASo
addcarbon_62.5k_0,sim,csk,865.0,"62,500.0",3/38,0.0789474,0.01384,0.0034358,214.0
addcarbon_62.5k_1,sim,csk,839.0,"62,500.0",10/38,0.2631579,0.013424,0.0295523,"1,794.0"
addcarbon_62.5k_2,sim,csk,849.0,"62,500.0",13/37,0.3513514,0.013584,0.0099867,618.0
addcarbon_62.5k_3,sim,csk,870.0,"62,500.0",7/35,0.2,0.01392,0.0227124,"1,388.0"
addcarbon_62.5k_4,sim,csk,853.0,"62,500.0",4/35,0.1142857,0.013648,0.0065709,408.0
addcarbon_62.5k_mean,sim,csk,855.2,"62,500.0",-,0.2015485,0.0136832,0.0144516,884.4
