name,type_cluster,scaffold,SSo,TUPOR_,TUPOR,SESY,ASER
GB_GA_log_p_mut_r_0.5_2,sim,murcko,782336,4/65,0.06153846153846154,0.21237422284031413,0.0037132383017015706
