name,type_cluster,scaffold,SSo,TUPOR_,TUPOR,SESY,ASER
GB_GA_log_p_mut_r_0.5_0,sim,murcko,999918,25/172,0.14534883720930233,0.4307993255446947,0.01703739706655946
