name,type_cluster,scaffold,USo,SSo,TUPOR_,TUPOR,SESY,ASER,ASR,CwASo
REINVENT_10k_3,dis,csk,4280,9927,8/37,0.21621621621621623,0.4311473758436587,0.006693033160937024,0.0018726591760299626,66
