name,type_cluster,scaffold,USo,SSo,TUPOR_,TUPOR,SESY,ASER,ASR,CwASo
REINVENT_10k_0,dis,csk,4821,9926,8/40,0.2,0.4856941366109208,0.00884236202866145,0.0016621649698732599,87
