name,type_cluster,scaffold,USo,SSo,TUPOR_,TUPOR,SESY,ASER,ASR,CwASo
REINVENT_10k_1,dis,csk,4650,9928,2/23,0.08695652173913043,0.4683722804190169,0.0009073495312027422,0.0004302925989672978,9
