name,type_cluster,scaffold,USo,SSo,TUPOR_,TUPOR,SESY,ASER,ASR,CwASo
REINVENT_10k_2,dis,csk,4981,9936,6/40,0.15,0.5013083735909822,0.0010074551682450132,0.001206030150753769,10
