name,type_cluster,scaffold,USo,SSo,TUPOR_,TUPOR,SESY,ASER,ASR,CwASo
REINVENT_10k_4,dis,csk,4596,9930,18/43,0.4186046511627907,0.46283987915407854,0.05773327652322113,0.003931847968545216,542
