name,type_cluster,scaffold,USo,SSo,TUPOR_,TUPOR,SESY,ASER,ACR,CwASo
DrugEx_GT_epsilon_0.1_10k_3,sim,csk,4576,9996,14/42,0.3333333333333333,0.45778311324529813,0.02512562814070352,0.003068829460762823,245
