name,type_cluster,scaffold,USo,SSo,TUPOR_,TUPOR,TUPOR_unique,TUPOR_1,TUPOR_2,SESY,ASER,CwASo,KL_OS_IS,KL_OS_RS
DrugEx_RNN_epsilon_0.6_0,sim,csk,107715.0,909447.0,33/38,0.8684211,0.0806221,0.0004641,1.3154726,0.1184401,0.0179076,16286.0,0.004468791822281,0.0131198895986163
DrugEx_RNN_epsilon_0.6_1,sim,csk,91550.0,881406.0,30/38,0.7894737,0.0862342,0.0002114,0.5092704,0.1038681,0.042329,37309.0,0.000731286867298,0.0118054745803503
DrugEx_RNN_epsilon_0.6_2,sim,csk,79140.0,878345.0,31/37,0.8378378,0.1058678,0.0001288,0.2754374,0.0901013,0.0369707,32473.0,0.0016594819628234,0.0116460378972785
DrugEx_RNN_epsilon_0.6_3,sim,csk,78164.0,904329.0,28/35,0.8,0.1023489,5.57e-05,0.1244637,0.0864331,0.0256577,23203.0,0.0020320001394494,0.0147155603379277
DrugEx_RNN_epsilon_0.6_4,sim,csk,88192.0,886045.0,29/35,0.8285714,0.0939509,3.93e-05,0.0989657,0.0995344,0.0044535,3946.0,0.0006619357584144,0.0225222040325321
DrugEx_RNN_epsilon_0.6_mean,sim,csk,88952.2,891914.4,-,0.8248608,0.0938048,0.0001798,0.464722,0.0996754,0.0254637,22643.4,0.0019106993100532397,0.01476183328934098
