name,type_cluster,scaffold,USo,SSo,TUPOR_,TUPOR,TUPOR_unique,TUPOR_1,TUPOR_2,SESY,ASER,CwASo
DrugEx_RNN_epsilon_0.6_0,sim,csk,"107,715.0","909,447.0",33/38,0.8684211,0.0806221,0.0004641,1.3154726,0.1184401,0.0179076,"16,286.0"
DrugEx_RNN_epsilon_0.6_1,sim,csk,"91,550.0","881,406.0",30/38,0.7894737,0.0862342,0.0002114,0.5092704,0.1038681,0.042329,"37,309.0"
DrugEx_RNN_epsilon_0.6_2,sim,csk,"79,140.0","878,345.0",31/37,0.8378378,0.1058678,0.0001288,0.2754374,0.0901013,0.0369707,"32,473.0"
DrugEx_RNN_epsilon_0.6_3,sim,csk,"78,164.0","904,329.0",28/35,0.8,0.1023489,5.57e-05,0.1244637,0.0864331,0.0256577,"23,203.0"
DrugEx_RNN_epsilon_0.6_4,sim,csk,"88,192.0","886,045.0",29/35,0.8285714,0.0939509,3.93e-05,0.0989657,0.0995344,0.0044535,"3,946.0"
DrugEx_RNN_epsilon_0.6_mean,sim,csk,"88,952.2","891,914.4",-,0.8248608,0.0938048,0.0001798,0.464722,0.0996754,0.0254637,"22,643.4"
