name,type_cluster,scaffold,SSo,TUPOR_,TUPOR,SESY,ASER
DrugEx_RNN_epsilon_0.6_0,sim,csk,"909,447.0",33/38,0.8684211,0.1184401,0.0179076
DrugEx_RNN_epsilon_0.6_1,sim,csk,"881,406.0",30/38,0.7894737,0.1038681,0.042329
DrugEx_RNN_epsilon_0.6_2,sim,csk,"878,345.0",31/37,0.8378378,0.0901013,0.0369707
DrugEx_RNN_epsilon_0.6_3,sim,csk,"904,329.0",28/35,0.8,0.0864331,0.0256577
DrugEx_RNN_epsilon_0.6_4,sim,csk,"886,045.0",29/35,0.8285714,0.0995344,0.0044535
DrugEx_RNN_epsilon_0.6_mean,sim,csk,"891,914.4",-,0.8248608,0.0996754,0.0254637
