name,type_cluster,scaffold,USo,SSo,TUPOR_,TUPOR,SESY,ASER,ACR,CwASo
DrugEx_RNN_epsilon_0.6_0,sim,csk,"107,715.0","909,447.0",33/38,0.8684211,0.1184401,0.0182341,0.0003065,"16,286.0"
DrugEx_RNN_epsilon_0.6_1,sim,csk,"91,550.0","881,406.0",30/38,0.7894737,0.1038681,0.0441999,0.0003278,"37,309.0"
DrugEx_RNN_epsilon_0.6_2,sim,csk,"79,140.0","878,345.0",31/37,0.8378378,0.0901013,0.03839,0.0003919,"32,473.0"
DrugEx_RNN_epsilon_0.6_3,sim,csk,"78,164.0","904,329.0",28/35,0.8,0.0864331,0.0263334,0.0003583,"23,203.0"
DrugEx_RNN_epsilon_0.6_4,sim,csk,"88,192.0","886,045.0",29/35,0.8285714,0.0995344,0.0044734,0.0003289,"3,946.0"
DrugEx_RNN_epsilon_0.6_mean,sim,csk,"88,952.2","891,914.4",-,0.8248608,0.0996754,0.0263262,0.0003427,"22,643.4"
