name,type_cluster,scaffold,USo,SSo,TUPOR_,TUPOR,TUPOR_unique,TUPOR_1,TUPOR_2,SESY,ASER,CwASo
DrugEx_RNN_epsilon_0.6_3,sim,csk,78164,904329,28/35,0.8,0.10234890742541324,5.573192941949224e-05,0.12446372946129118,0.08643314545922999,0.02565769758572378,23203
