name,type_cluster,scaffold,SSo,TUPOR_,TUPOR,SESY,ASER
DrugEx_RNN_epsilon_0.6_0,sim,csk,909447,33/38,0.868421052631579,0.11844010701008414,0.017907585598720983
