name,type_cluster,scaffold,SSo,TUPOR_,TUPOR,SESY,ASER
DrugEx_RNN_epsilon_0.6_1,sim,csk,881406,30/38,0.7894736842105263,0.1038681379523171,0.04232896077403603
