name,type_cluster,scaffold,USo,SSo,TUPOR_,TUPOR,SESY,ASER,ASR,CwASo
DrugEx_RNN_epsilon_0.6_2,sim,csk,79140,878345,31/37,0.8378378378378378,0.09010127000210623,0.03838996916791193,0.00039186438963961117,32473
