name,type_cluster,scaffold,USo,SSo,TUPOR_,TUPOR,TUPOR_unique,TUPOR_1,TUPOR_2,SESY,ASER,CwASo
DrugEx_RNN_epsilon_0.6_2,sim,csk,79140,878345,31/37,0.8378378378378378,0.1058678086729641,0.00012877412418594984,0.2754374104885424,0.09010127000210623,0.036970666423785645,32473
