name,type_cluster,scaffold,USo,SSo,TUPOR_,TUPOR,SESY,ASER,ACR,CwASo
DrugEx_RNN_epsilon_0.6_3,sim,csk,78164,904329,28/35,0.8,0.08643314545922999,0.02633335073530914,0.0003583495443841507,23203
