name,type_cluster,scaffold,USo,SSo,TUPOR_,TUPOR,TUPOR_unique,TUPOR_1,TUPOR_2,SESY,ASER,CwASo
DrugEx_RNN_epsilon_0.6_0,sim,csk,107715,909447,33/38,0.868421052631579,0.08062210951414185,0.00046407611612215704,1.3154726012657405,0.11844010701008414,0.017907585598720983,16286
