name,type_cluster,scaffold,SSo,TUPOR_,TUPOR,SESY,ASER
DrugEx_RNN_epsilon_0.6_4,sim,csk,886045,29/35,0.8285714285714286,0.09953444802464886,0.004453498411480229
