name,type_cluster,scaffold,USo,SSo,TUPOR_,TUPOR,SESY,ASER,ASR,CwASo
DrugEx_RNN_epsilon_0.6_1,sim,csk,91550,881406,30/38,0.7894736842105263,0.1038681379523171,0.04419989645739767,0.0003277972027972028,37309
