name,type_cluster,scaffold,USo,SSo,TUPOR_,TUPOR,TUPOR_unique,TUPOR_1,TUPOR_2,SESY,ASER,CwASo
DrugEx_RNN_epsilon_0.6_4,sim,csk,88192,886045,29/35,0.8285714285714286,0.09395086046029442,3.92756575568961e-05,0.09896567975022229,0.09953444802464886,0.004453498411480229,3946
