name,type_cluster,scaffold,USo,SSo,TUPOR_,TUPOR,SESY,ASER,ASR,CwASo
DrugEx_RNN_epsilon_0.6_0,sim,csk,107715,909447,33/38,0.868421052631579,0.11844010701008414,0.018234114566130853,0.00030645790382793784,16286
