name,type_cluster,scaffold,USo,SSo,TUPOR_,TUPOR,TUPOR_unique,TUPOR_1,TUPOR_2,SESY,ASER,CwASo
DrugEx_RNN_epsilon_0.6_1,sim,csk,91550,881406,30/38,0.7894736842105263,0.08623415447411538,0.00021138475285360463,0.5092703716775658,0.1038681379523171,0.04232896077403603,37309
