name,type_cluster,scaffold,SSo,TUPOR_,TUPOR,SESY,ASER
DrugEx_RNN_epsilon_0.6_2,sim,csk,878345,31/37,0.8378378378378378,0.09010127000210623,0.036970666423785645
