name,type_cluster,scaffold,USo,SSo,TUPOR_,TUPOR,SESY,ASER,CwASo
DrugEx_GT_epsilon_0.6_62.5k_0,sim,csk,34131.0,62270.0,40/46,0.8695652,0.5481131,0.0619575,3633.0
DrugEx_GT_epsilon_0.6_62.5k_1,sim,csk,25285.0,62276.0,33/44,0.75,0.4060152,0.0296787,1795.0
DrugEx_GT_epsilon_0.6_62.5k_2,sim,csk,24031.0,61812.0,34/42,0.8095238,0.3887756,0.0198485,1203.0
DrugEx_GT_epsilon_0.6_62.5k_3,sim,csk,25074.0,62341.0,26/42,0.6190476,0.4022072,0.0185606,1136.0
DrugEx_GT_epsilon_0.6_62.5k_4,sim,csk,22308.0,62330.0,29/42,0.6904762,0.3579015,0.0055496,344.0
DrugEx_GT_epsilon_0.6_62.5k_mean,sim,csk,26165.8,62205.8,-,0.7477226,0.4206025,0.027119,1622.2
