name,type_cluster,scaffold,USo,SSo,TUPOR_,TUPOR,SESY,ASER,CwASo
DrugEx_GT_epsilon_0.6_62.5k_0,sim,csk,"34,131.0","62,270.0",40/46,0.8695652,0.5481131,0.0619575,"3,633.0"
DrugEx_GT_epsilon_0.6_62.5k_1,sim,csk,"25,285.0","62,276.0",33/44,0.75,0.4060152,0.0296787,"1,795.0"
DrugEx_GT_epsilon_0.6_62.5k_2,sim,csk,"24,031.0","61,812.0",34/42,0.8095238,0.3887756,0.0198485,"1,203.0"
DrugEx_GT_epsilon_0.6_62.5k_3,sim,csk,"25,074.0","62,341.0",26/42,0.6190476,0.4022072,0.0185606,"1,136.0"
DrugEx_GT_epsilon_0.6_62.5k_4,sim,csk,"22,308.0","62,330.0",29/42,0.6904762,0.3579015,0.0055496,344.0
DrugEx_GT_epsilon_0.6_62.5k_mean,sim,csk,"26,165.8","62,205.8",-,0.7477226,0.4206025,0.027119,"1,622.2"
