name,type_cluster,scaffold,USo,SSo,TUPOR_,TUPOR,SESY,ASER,CwASo
DrugEx_GT_epsilon_0.6_62.5k_0,sim,csk,34131,62270,40/46,0.8695652173913043,0.5481130560462502,0.06195746712826372,3633
