name,type_cluster,scaffold,SSo,TUPOR_,TUPOR,SESY,ASER
DrugEx_GT_epsilon_0.6_62.5k_0,sim,csk,62270,40/46,0.8695652173913043,0.5481130560462502,0.05834270114019592
