name,type_cluster,scaffold,SSo,TUPOR_,TUPOR,SESY,ASER
DrugEx_GT_epsilon_0.6_62.5k_2,sim,csk,61812,34/42,0.8095238095238095,0.38877564227010936,0.01984853734593872
