name,type_cluster,scaffold,USo,SSo,TUPOR_,TUPOR,SESY,ASER,CwASo
DrugEx_GT_epsilon_0.6_62.5k_3,sim,csk,25074,62341,26/42,0.6190476190476191,0.40220721515535524,0.018560575116412056,1136
