name,type_cluster,scaffold,SSo,TUPOR_,TUPOR,SESY,ASER
DrugEx_GT_epsilon_0.6_62.5k_3,sim,csk,62341,26/42,0.6190476190476191,0.40220721515535524,0.018560575116412056
