name,type_cluster,scaffold,USo,SSo,TUPOR_,TUPOR,SESY,ASER,CwASo
DrugEx_RNN_epsilon_0.1_62.5k_0,dis,murcko,39512,61933,13/106,0.12264150943396226,0.6379797523129834,0.0212551942484005,1289
