name,type_cluster,scaffold,USo,SSo,TUPOR_,TUPOR,SESY,ASER,CwASo
DrugEx_RNN_epsilon_0.1_62.5k_4,dis,murcko,33958,61854,5/71,0.07042253521126761,0.5490024897338894,0.007837322601143825,481
