name,type_cluster,scaffold,SSo,TUPOR_,TUPOR,SESY,ASER
DrugEx_RNN_epsilon_0.1_62.5k_2,dis,murcko,60609,1/102,0.00980392156862745,0.5238495932947252,1.6499199788810244e-05
