name,type_cluster,scaffold,USo,SSo,TUPOR_,TUPOR,SESY,ASER,CwASo
DrugEx_RNN_epsilon_0.1_62.5k_3,dis,murcko,38803,62323,6/62,0.0967741935483871,0.6226112350175698,0.046021382655544556,2742
