name,type_cluster,scaffold,SSo,TUPOR_,TUPOR,SESY,ASER
DrugEx_RNN_epsilon_0.1_62.5k_0,dis,murcko,61933,13/106,0.12264150943396226,0.6379797523129834,0.020812813847221997
