name,type_cluster,scaffold,SSo,TUPOR_,TUPOR,SESY,ASER
DrugEx_RNN_epsilon_0.1_62.5k_3,dis,murcko,62323,6/62,0.0967741935483871,0.6226112350175698,0.04399659836657414
