name,type_cluster,scaffold,USo,SSo,TUPOR_,TUPOR,SESY,ASER,ACR,CwASo
addcarbon_0,dis,csk,919.0,"1,000,000.0",3/42,0.0714286,0.000919,0.0007446,0.0032751,744.0
addcarbon_1,dis,csk,968.0,"1,000,000.0",3/41,0.0731707,0.000968,0.0011613,0.0031088,"1,160.0"
addcarbon_2,dis,csk,859.0,"1,000,000.0",10/45,0.2222222,0.000859,0.0059542,0.0117786,"5,919.0"
addcarbon_3,dis,csk,978.0,"1,000,000.0",6/47,0.1276596,0.000978,0.0061,0.0061728,"6,063.0"
addcarbon_4,dis,csk,926.0,"1,000,000.0",8/41,0.195122,0.000926,0.0062934,0.0087146,"6,254.0"
addcarbon_mean,dis,csk,930.0,"1,000,000.0",-,0.1379206,0.00093,0.0040507,0.00661,"4,028.0"
