name,type_cluster,scaffold,SSo,TUPOR_,TUPOR,SESY,ASER
addcarbon_2,dis,csk,1000000,10/45,0.2222222222222222,0.000859,0.005954243165295383
