name,type_cluster,scaffold,USo,SSo,TUPOR_,TUPOR,SESY,ASER,ACR,CwASo
addcarbon_2,dis,csk,859,1000000,10/45,0.2222222222222222,0.000859,0.005954243165295383,0.011778563015312132,5919
