name,type_cluster,scaffold,USo,SSo,TUPOR_,TUPOR,SESY,ASER,ACR,CwASo
addcarbon_0,dis,csk,919,1000000,3/42,0.07142857142857142,0.000919,0.0007445539481374142,0.0032751091703056767,744
