name,type_cluster,scaffold,SSo,TUPOR_,TUPOR,SESY,ASER
addcarbon_4,dis,csk,1000000,8/41,0.1951219512195122,0.000926,0.0062933586650914825
