name,type_cluster,scaffold,USo,SSo,TUPOR_,TUPOR,SESY,ASER,ACR,CwASo
addcarbon_3,dis,csk,978,1000000,6/47,0.1276595744680851,0.000978,0.006099984204230248,0.006172839506172839,6063
