name,type_cluster,scaffold,USo,SSo,TUPOR_,TUPOR,SESY,ASER,ACR,CwASo
addcarbon_1,dis,csk,968,1000000,3/41,0.07317073170731707,0.000968,0.0011613471627087422,0.0031088082901554403,1160
