name,type_cluster,scaffold,USo,SSo,TUPOR_,TUPOR,SESY,ASER,CwASo
DrugEx_RNN_epsilon_0.1_125k_0,sim,csk,17160.0,122003.0,33/46,0.7173913,0.1406523,0.2113567,21287.0
DrugEx_RNN_epsilon_0.1_125k_1,sim,csk,15130.0,122771.0,21/44,0.4772727,0.1232376,0.0422252,4974.0
DrugEx_RNN_epsilon_0.1_125k_2,sim,csk,19753.0,123250.0,27/42,0.6428571,0.1602677,0.0242581,2919.0
DrugEx_RNN_epsilon_0.1_125k_3,sim,csk,14822.0,123129.0,16/42,0.3809524,0.1203778,0.0500064,5864.0
DrugEx_RNN_epsilon_0.1_125k_4,sim,csk,12440.0,119116.0,16/42,0.3809524,0.104436,0.0031243,371.0
DrugEx_RNN_epsilon_0.1_125k_mean,sim,csk,15861.0,122053.8,-,0.5198852,0.1297943,0.0661941,7083.0
