name,type_cluster,scaffold,USo,SSo,TUPOR_,TUPOR,SESY,ASER,CwASo
DrugEx_RNN_epsilon_0.1_125k_3,sim,csk,14822,123129,16/42,0.38095238095238093,0.12037781513697017,0.05000639577026393,5864
