name,type_cluster,scaffold,SSo,TUPOR_,TUPOR,SESY,ASER
DrugEx_RNN_epsilon_0.1_125k_0,sim,csk,122003,33/46,0.717391304347826,0.14065227904231864,0.17447931608239142
