name,type_cluster,scaffold,USo,SSo,TUPOR_,TUPOR,SESY,ASER,CwASo
DrugEx_RNN_epsilon_0.1_125k_0,sim,csk,17160,122003,33/46,0.717391304347826,0.14065227904231864,0.21135668612732833,21287
