name,type_cluster,scaffold,USo,SSo,TUPOR_,TUPOR,SESY,ASER,CwASo
DrugEx_RNN_epsilon_0.1_125k_2,sim,csk,19753,123250,27/42,0.6428571428571429,0.16026774847870182,0.024258088106971602,2919
