name,type_cluster,scaffold,SSo,TUPOR_,TUPOR,SESY,ASER
DrugEx_RNN_epsilon_0.1_125k_1,sim,csk,122771,21/44,0.4772727272727273,0.12323757239087407,0.04222518400298819
