name,type_cluster,scaffold,USo,SSo,TUPOR_,TUPOR,SESY,ASER,CwASo
DrugEx_RNN_epsilon_0.1_125k_4,sim,csk,12440,119116,16/42,0.38095238095238093,0.1044360119547332,0.0031243420775611606,371
