name,type_cluster,scaffold,SSo,TUPOR_,TUPOR,SESY,ASER
GB_GA_log_p_mut_r_0.5_250k_3,dis,murcko,249997,8/76,0.10526315789473684,0.43464921579058946,0.0010160121921463058
