name,type_cluster,scaffold,SSo,TUPOR_,TUPOR,SESY,ASER
GB_GA_log_p_mut_r_0.5_250k_4,dis,murcko,249998,4/98,0.04081632653061224,0.3916631333050664,0.00022400179201433613
