name,type_cluster,scaffold,USo,SSo,TUPOR_,TUPOR,SESY,ASER,ACR,CwASo
GB_GA_mut_r_0.5_100k_0,dis,murcko,"48,540.0","99,997.0",2/92,0.0217391,0.4854146,8e-05,4.12e-05,8.0
GB_GA_mut_r_0.5_100k_1,dis,murcko,"48,769.0","99,997.0",2/34,0.0588235,0.4877046,4e-05,4.1e-05,4.0
GB_GA_mut_r_0.5_100k_2,dis,murcko,"56,531.0","99,998.0",5/64,0.078125,0.5653213,0.0002301,8.85e-05,23.0
GB_GA_mut_r_0.5_100k_3,dis,murcko,"51,176.0","99,999.0",7/76,0.0921053,0.5117651,0.0011413,0.0001368,114.0
GB_GA_mut_r_0.5_100k_4,dis,murcko,"46,459.0","99,998.0",3/98,0.0306122,0.4645993,0.0002601,6.46e-05,26.0
GB_GA_mut_r_0.5_100k_mean,dis,murcko,"50,295.0","99,997.8",-,0.056281,0.502961,0.0003503,7.44e-05,35.0
