name,type_cluster,scaffold,SSo,TUPOR_,TUPOR,SESY,ASER
GB_GA_log_p_mut_r_0.5_0,sim,csk,999915,33/46,0.717391304347826,0.12794887565443064,0.04989024067045699
