name,type_cluster,scaffold,SSo,TUPOR_,TUPOR,SESY,ASER
GB_GA_log_p_mut_r_0.5_3,sim,csk,812979,14/42,0.3333333333333333,0.049669179646706745,0.04600487835479145
