name,type_cluster,scaffold,SSo,TUPOR_,TUPOR,SESY,ASER
GB_GA_log_p_mut_r_0.5_1,sim,csk,760800,24/44,0.5454545454545454,0.041197423764458466,0.012601209253417456
