name,type_cluster,scaffold,USo,SSo,TUPOR_,TUPOR,SESY,ASER,CwASo
DrugEx_RNN_epsilon_0.1_62.5k_0,sim,murcko,38503.0,61112.0,20/172,0.1162791,0.6300399,0.0889522,4992.0
DrugEx_RNN_epsilon_0.1_62.5k_1,sim,murcko,37847.0,61377.0,5/93,0.0537634,0.6166316,0.0043199,264.0
DrugEx_RNN_epsilon_0.1_62.5k_2,sim,murcko,36265.0,61836.0,7/65,0.1076923,0.5864707,0.0022367,138.0
DrugEx_RNN_epsilon_0.1_62.5k_3,sim,murcko,35888.0,61674.0,2/57,0.0350877,0.5818984,0.0017379,107.0
DrugEx_RNN_epsilon_0.1_62.5k_4,sim,murcko,29738.0,59572.0,0/50,0.0,0.4991943,0.0,0.0
DrugEx_RNN_epsilon_0.1_62.5k_mean,sim,murcko,35648.2,61114.2,-,0.0625645,0.582847,0.0194494,1100.2
