name,type_cluster,scaffold,SSo,TUPOR_,TUPOR,SESY,ASER
DrugEx_RNN_epsilon_0.1_62.5k_1,sim,murcko,61377,5/93,0.053763440860215055,0.6166316372582563,0.004301285497824918
