name,type_cluster,scaffold,USo,SSo,TUPOR_,TUPOR,SESY,ASER,CwASo
DrugEx_RNN_epsilon_0.1_62.5k_0,sim,murcko,38503,61112,20/172,0.11627906976744186,0.6300399266919754,0.08895224518888097,4992
