name,type_cluster,scaffold,USo,SSo,TUPOR_,TUPOR,SESY,ASER,CwASo
DrugEx_RNN_epsilon_0.1_62.5k_2,sim,murcko,36265,61836,7/65,0.1076923076923077,0.5864706643379262,0.0022367013517455995,138
