name,type_cluster,scaffold,USo,SSo,TUPOR_,TUPOR,TUPOR_unique,TUPOR_1,TUPOR_2,SESY,ASER,CwASo
DrugEx_GT_epsilon_0.6_desired_0,sim,murcko,309439.0,483560.0,70/115,0.6086957,0.0196709,0.0006118,1.6461269,0.6399185,0.011558,5589.0
DrugEx_GT_epsilon_0.6_desired_1,sim,murcko,313390.0,550589.0,54/100,0.54,0.0172309,0.0002315,0.7253763,0.5691904,0.0103362,5691.0
DrugEx_GT_epsilon_0.6_desired_2,sim,murcko,370830.0,634934.0,26/58,0.4482759,0.0120884,9.53e-05,0.6093929,0.584045,0.0007591,482.0
DrugEx_GT_epsilon_0.6_desired_3,sim,murcko,295412.0,553268.0,31/51,0.6078431,0.0205761,6.92e-05,0.400917,0.5339402,0.0021834,1208.0
DrugEx_GT_epsilon_0.6_desired_4,sim,murcko,290537.0,532406.0,23/40,0.575,0.0197909,4.54e-05,0.3294698,0.5457057,0.0015364,818.0
DrugEx_GT_epsilon_0.6_desired_mean,sim,murcko,315921.6,550951.4,-,0.5559629,0.0178715,0.0002106,0.7422566,0.57456,0.0052746,2757.6
