name,type_cluster,scaffold,USo,SSo,TUPOR_,TUPOR,SESY,ASER,CwASo
DrugEx_RNN_epsilon_0.1_125k_2,dis,csk,12065,121033,22/45,0.4888888888888889,0.09968355737691373,0.0018873391002028062,228
