name,type_cluster,scaffold,USo,SSo,TUPOR_,TUPOR,SESY,ASER,CwASo
DrugEx_RNN_epsilon_0.1_125k_0,dis,csk,20378,123772,25/42,0.5952380952380952,0.16464143748182142,0.05452748526053914,6400
