name,type_cluster,scaffold,SSo,TUPOR_,TUPOR,SESY,ASER
DrugEx_RNN_epsilon_0.1_125k_3,dis,csk,124504,30/47,0.6382978723404256,0.1283251943712652,0.15314581037149552
