name,type_cluster,scaffold,SSo,TUPOR_,TUPOR,SESY,ASER
DrugEx_RNN_epsilon_0.1_125k_4,dis,csk,123510,20/41,0.4878048780487805,0.12940652578738562,0.028333069679535746
