name,type_cluster,scaffold,USo,SSo,TUPOR_,TUPOR,SESY,ASER,CwASo
DrugEx_RNN_epsilon_0.1_125k_1,dis,csk,14999,123254,18/41,0.43902439024390244,0.12169179093579113,0.008848108829283066,1081
