name,type_cluster,scaffold,USo,SSo,TUPOR_,TUPOR,SESY,ASER,CwASo
DrugEx_RNN_epsilon_0.1_125k_4,dis,csk,15983,123510,20/41,0.4878048780487805,0.12940652578738562,0.028333069679535746,3403
