name,type_cluster,scaffold,SSo,TUPOR_,TUPOR,SESY,ASER
DrugEx_RNN_epsilon_0.1_125k_1,dis,csk,123254,18/41,0.43902439024390244,0.12169179093579113,0.008770506433868272
