name,type_cluster,scaffold,USo,SSo,TUPOR_,TUPOR,SESY,ASER,CwASo
DrugEx_RNN_epsilon_0.1_125k_3,dis,csk,15977,124504,30/47,0.6382978723404256,0.1283251943712652,0.15314581037149552,16535
