name,type_cluster,scaffold,SSo,TUPOR_,TUPOR,SESY,ASER
DrugEx_RNN_epsilon_0.1_125k_2,dis,csk,121033,22/45,0.4888888888888889,0.09968355737691373,0.001883783761453488
