name,type_cluster,scaffold,SSo,TUPOR_,TUPOR,SESY,ASER
GB_GA_log_p_mut_r_0.5_62.5k_3,sim,csk,50814,8/42,0.19047619047619047,0.12246624945881056,0.045774786476167985
