name,type_cluster,scaffold,USo,SSo,TUPOR_,TUPOR,SESY,ASER,ACR,CwASo
addcarbon_500k_1,sim,murcko,2744,500000,4/100,0.04,0.005488,0.006420965761558745,0.00145985401459854,3190
