name,type_cluster,scaffold,USo,SSo,TUPOR_,TUPOR,SESY,ASER,ASR,CwASo
addcarbon_500k_2,sim,murcko,3064,500000,4/58,0.06896551724137931,0.006128,0.0018855486024698482,0.00130718954248366,941
