name,type_cluster,scaffold,USo,SSo,TUPOR_,TUPOR,SESY,ASER,ASR,CwASo
addcarbon_500k_0,sim,murcko,2583,500000,1/115,0.008695652173913044,0.005166,0.00015602433979700834,0.0003872966692486445,78
