name,type_cluster,scaffold,USo,SSo,TUPOR_,TUPOR,SESY,ASER,ASR,CwASo
addcarbon_500k_4,sim,murcko,3270,500000,3/40,0.075,0.00654,0.003355219855195775,0.0009182736455463728,1672
