name,type_cluster,scaffold,USo,SSo,TUPOR,SESY,ASER,ACR,CwASo
Molpher_10k_mean,sim,murcko,0.1771430276981853,1.0,0.14265533156927304,0.16918722967044525,0.16832318499858492,0.5602166373699463,0.21604046242774566
REINVENT_10k_mean,sim,murcko,1.0,0.8584300341296931,0.0,1.0,0.0,0.0,0.0
DrugEx_GT_epsilon_0.1_10k_mean,sim,murcko,0.8650608882521491,0.9249146757679174,0.33488509200719085,0.8535370376771645,0.11519223925598182,0.2647631716471091,0.1452312138728324
DrugEx_GT_epsilon_0.6_10k_mean,sim,murcko,0.8746418338108883,0.8956996587030703,0.9999999999999999,0.8682529677873445,0.18265601488484698,0.8886882987315311,0.2297687861271676
DrugEx_RNN_epsilon_0.1_10k_mean,sim,murcko,0.6409980897803247,0.7797952218430027,0.030872528127335513,0.6536273528462149,0.5299027945515631,0.11796284859138201,0.6148843930635838
DrugEx_RNN_epsilon_0.6_10k_mean,sim,murcko,0.7534324259789875,0.8439590443686003,0.6872822277657705,0.7566387165243662,0.2975960635856453,0.6476792246662549,0.36416184971098264
GB_GA_mut_r_0.01_10k_mean,sim,murcko,0.3446155682903535,0.33515358361774705,0.0040461449895974055,0.3948101138280025,0.07104768362975064,0.12124091405767495,0.07803468208092486
GB_GA_mut_r_0.5_10k_mean,sim,murcko,0.09828677172874883,0.0,0.23528238430928958,0.1693918361853462,1.0,0.8581880374364578,1.0
addcarbon_10k_mean,sim,murcko,0.0,0.9299658703071669,0.3341629719029632,0.0,0.018014811991941118,0.9999999999999999,0.02384393063583816
