name,type_cluster,scaffold,USo,SSo,TUPOR,SESY,ASER,ACR,CwASo
Molpher_500k_mean,sim,murcko,0.5058137991451856,1.0,0.5816985542658746,0.503509557111024,0.08716110239749046,0.10261344589980756,0.11154894566614411
REINVENT_500k_mean,sim,murcko,0.9370513078203752,0.9207816718732973,0.3806477319483724,0.9431188879284105,0.0,0.02278229561114905,0.0
DrugEx_GT_epsilon_0.1_500k_mean,sim,murcko,0.9493103461353215,0.9930130052910364,0.613782248692568,0.945867761769511,0.12208237923741551,0.04798559811285617,0.15449910314534693
DrugEx_GT_epsilon_0.6_500k_mean,sim,murcko,1.0,0.9666343767206174,0.9999999999999999,1.0,0.2005459523562298,0.0808243838847849,0.25199497196446485
DrugEx_RNN_epsilon_0.1_500k_mean,sim,murcko,0.6892335367341339,0.8485356165956581,0.06616976367064237,0.7001943592555042,0.5042080411841537,0.0,0.5884920130502945
DrugEx_RNN_epsilon_0.6_500k_mean,sim,murcko,0.8213264917849589,0.9032862135670774,0.7956717925968845,0.8284676923948193,0.29341250280080666,0.08225215717921659,0.35984350945581406
GB_GA_mut_r_0.01_500k_mean,sim,murcko,0.4112469644737557,0.3589542768475189,0.0,0.4402357481022247,0.061929250258220714,0.00018623129927369808,0.06878239622614861
GB_GA_mut_r_0.5_500k_mean,sim,murcko,0.22792962256446817,0.0,0.3401186975135222,0.2642661345318428,1.0,0.15705506238748526,1.0
addcarbon_500k_mean,sim,murcko,0.0,0.9993581269083212,0.11432086331507002,0.0,0.013353699523999493,1.0,0.017781732412468394
