name,type_cluster,scaffold,USo,SSo,TUPOR,SESY,ASER,ACR,CwASo
Molpher_mean,sim,murcko,505888.8,1661210.0,0.4656107,0.3045451,0.0045907,8.27e-05,7462.8
REINVENT_mean,sim,murcko,412546.8,724047.0,0.292322,0.5697947,0.001216,6.26e-05,912.8
DrugEx_GT_epsilon_0.1_mean,sim,murcko,511699.6,888095.0,0.4276411,0.5746572,0.0056482,7.69e-05,5060.8
DrugEx_GT_epsilon_0.6_mean,sim,murcko,558278.0,908399.4,0.6450766,0.6141667,0.0085626,0.0001036,7637.8
DrugEx_RNN_epsilon_0.1_mean,sim,murcko,395997.2,945613.2,0.1048262,0.4180348,0.0196661,2.59e-05,16708.6
DrugEx_RNN_epsilon_0.6_mean,sim,murcko,452293.2,901145.0,0.5629985,0.5015812,0.0119722,0.0001131,10491.8
GB_GA_mut_r_0.01_mean,sim,murcko,239421.0,913169.2,0.0673792,0.2566105,0.0034638,2.78e-05,3127.6
GB_GA_mut_r_0.5_mean,sim,murcko,136899.4,864302.6,0.307261,0.1579129,0.0378896,0.0002051,29577.4
addcarbon_mean,sim,murcko,5150.8,1000000.0,0.1182724,0.0051508,0.0016898,0.0016519,1685.8
