name,type_cluster,scaffold,SSo,TUPOR_,TUPOR,SESY,ASER
Molpher_62.5k_mean,sim,murcko,1.0,-,0.4202406848365507,0.3831198564914009,0.17809091108623604
REINVENT_62.5k_mean,sim,murcko,0.926491523230232,-,0.16184128550166604,1.0,0.0
DrugEx_GT_epsilon_0.1_62.5k_mean,sim,murcko,0.9814195122853073,-,0.5272734540990744,0.8999660329073625,0.23709971247338735
DrugEx_GT_epsilon_0.6_62.5k_mean,sim,murcko,0.9606389469208159,-,0.9999999999999999,0.9194306244114773,0.3975329777660719
DrugEx_RNN_epsilon_0.1_62.5k_mean,sim,murcko,0.858843757510769,-,0.05554901384374274,0.6862773081018213,1.0
DrugEx_RNN_epsilon_0.6_62.5k_mean,sim,murcko,0.9054706132485348,-,0.711854787413553,0.7931602909942295,0.5987192994008034
GB_GA_mut_r_0.01_62.5k_mean,sim,murcko,0.4804488897927497,-,0.0,0.45087913355912235,0.12295603696143632
GB_GA_mut_r_0.5_62.5k_mean,sim,murcko,0.0,-,0.003106663472256632,0.4234685961309981,0.20923048221066265
addcarbon_62.5k_mean,sim,murcko,0.9869474384810228,-,0.19750020191680911,0.0,0.030459164636421496
