name,type_cluster,scaffold,USo,SSo,TUPOR,SESY,ASER,ACR,CwASo
Molpher_100k_mean,sim,murcko,0.42607863760461884,1.0,0.3534448736196444,0.4208650623249448,0.07083574439943788,0.24572946982158672,0.09081857620368397
REINVENT_100k_mean,sim,murcko,1.0,0.9165323171625381,0.17540686449362097,1.0,0.0,0.013286093888396813,0.0
DrugEx_GT_epsilon_0.1_100k_mean,sim,murcko,0.9270520968536006,0.9870731349846116,0.540767696108466,0.9174747977332964,0.11985891818908266,0.14690623813741616,0.15162506222885996
DrugEx_GT_epsilon_0.6_100k_mean,sim,murcko,0.9489157678019962,0.9608969661439248,1.0,0.9427085940635244,0.20052354578270093,0.2972289004175629,0.2517601877533604
DrugEx_RNN_epsilon_0.1_100k_mean,sim,murcko,0.6896539184532068,0.842517953979188,0.04997392465533208,0.6970450931741954,0.5050811495963186,0.0029735543464507186,0.5887205746390727
DrugEx_RNN_epsilon_0.6_100k_mean,sim,murcko,0.8053417177639529,0.8980067419023889,0.6927132316229002,0.8075316810518284,0.3009065608553085,0.2530684550170821,0.3681814949150132
GB_GA_mut_r_0.01_100k_mean,sim,murcko,0.4257429620015217,0.353905906492745,0.0,0.4573405534334519,0.06264914166046677,0.0,0.06919849228362138
GB_GA_mut_r_0.5_100k_mean,sim,murcko,0.2211374927270286,0.0,0.2481534882978066,0.26281534121002403,0.9999999999999999,0.37726179931671516,1.0
addcarbon_100k_mean,sim,murcko,0.0,0.9937710684449659,0.16641694672875368,0.0,0.013978672398115233,1.0,0.018561979944527414
