name,type_cluster,scaffold,USo,SSo,TUPOR,SESY,ASER,ACR,CwASo
Molpher_10k_mean,sim,murcko,3700.6,10102.6,0.053786,0.3663805,0.0073288,0.0015472,72.8
REINVENT_10k_mean,sim,murcko,9214.4,9895.2,0.0311862,0.9312015,0.0013218,0.000368,13.0
DrugEx_GT_epsilon_0.1_10k_mean,sim,murcko,8310.2,9992.6,0.0842395,0.8316299,0.0054327,0.0009253,53.2
DrugEx_GT_epsilon_0.6_10k_mean,sim,murcko,8374.4,9949.8,0.1896086,0.8416344,0.0078403,0.0022386,76.6
DrugEx_RNN_epsilon_0.1_10k_mean,sim,murcko,6808.8,9780.0,0.0360771,0.695723,0.0202326,0.0006163,183.2
DrugEx_RNN_epsilon_0.6_10k_mean,sim,murcko,7562.2,9874.0,0.1400671,0.7657544,0.0119422,0.0017313,113.8
GB_GA_mut_r_0.01_10k_mean,sim,murcko,4822.8,9128.6,0.0318272,0.5197683,0.0038573,0.0006232,34.6
GB_GA_mut_r_0.5_10k_mean,sim,murcko,3172.2,8637.6,0.0684602,0.3665196,0.0370091,0.0021744,289.8
addcarbon_10k_mean,sim,murcko,2513.6,10000.0,0.0841251,0.25136,0.0019647,0.0024729,19.6
