name,type_cluster,scaffold,USo,SSo,TUPOR,SESY,ASER,ACR,CwASo
Molpher_100k_mean,sim,murcko,35441.0,100085.0,0.1990717,0.3541139,0.0037834,0.0005119,374.8
REINVENT_100k_mean,sim,murcko,76475.0,98946.0,0.1221562,0.7729034,0.0012127,0.0001445,119.4
DrugEx_GT_epsilon_0.1_100k_mean,sim,murcko,71259.4,99908.6,0.2799984,0.713227,0.0055625,0.0003557,545.8
DrugEx_GT_epsilon_0.6_100k_mean,sim,murcko,72822.6,99551.4,0.4783947,0.7314743,0.0084899,0.0005933,827.4
DrugEx_RNN_epsilon_0.1_100k_mean,sim,murcko,54286.0,97936.0,0.067967,0.5538278,0.0195426,0.0001282,1775.0
DrugEx_RNN_epsilon_0.6_100k_mean,sim,murcko,62557.4,98693.2,0.3456415,0.6337239,0.0121329,0.0005235,1154.8
GB_GA_mut_r_0.01_100k_mean,sim,murcko,35417.0,91268.4,0.0463774,0.3804904,0.0034863,0.0001235,314.0
GB_GA_mut_r_0.5_100k_mean,sim,murcko,20788.2,86439.0,0.153584,0.2398235,0.0375037,0.0007198,2931.6
addcarbon_100k_mean,sim,murcko,4977.4,100000.0,0.1182724,0.049774,0.00172,0.0017041,171.6
