name,type_cluster,scaffold,USo,SSo,TUPOR_,TUPOR,SESY,ASER,CwASo
GB_GA_mut_r_0.01_125k_0,sim,csk,"38,914.0","125,000.0",20/38,0.5263158,0.311312,0.0067087,833.0
GB_GA_mut_r_0.01_125k_1,sim,csk,"40,261.0","124,996.0",20/38,0.5263158,0.3220983,0.0080079,993.0
GB_GA_mut_r_0.01_125k_2,sim,csk,"41,325.0","124,999.0",12/37,0.3243243,0.3306026,0.0058582,728.0
GB_GA_mut_r_0.01_125k_3,sim,csk,"37,590.0","124,998.0",20/35,0.5714286,0.3007248,0.0086259,"1,069.0"
GB_GA_mut_r_0.01_125k_4,sim,csk,"37,612.0","124,992.0",15/35,0.4285714,0.3009153,0.0025265,315.0
GB_GA_mut_r_0.01_125k_mean,sim,csk,"39,140.4","124,997.0",-,0.4753912,0.3131306,0.0063454,787.6
