name,type_cluster,scaffold,SSo,TUPOR_,TUPOR,SESY,ASER
GB_GA_mut_r_0.01_125k_4,sim,csk,121219,25/35,0.7142857142857143,0.11497372524109256,0.00596441151964626
