name,type_cluster,scaffold,SSo,TUPOR_,TUPOR,SESY,ASER
GB_GA_mut_r_0.01_125k_0,sim,csk,122520,30/38,0.7894736842105263,0.14667809337251062,0.029480901077375124
