name,type_cluster,scaffold,SSo,TUPOR_,TUPOR,SESY,ASER
GB_GA_mut_r_0.01_125k_2,sim,csk,121347,26/37,0.7027027027027027,0.11599792331083587,0.018253438486324342
