name,type_cluster,scaffold,USo,SSo,TUPOR_,TUPOR,SESY,ASER,CwASo
GB_GA_mut_r_0.01_125k_4,sim,csk,37612,124992,15/35,0.42857142857142855,0.3009152585765489,0.0025265285497726125,315
