name,type_cluster,scaffold,USo,SSo,TUPOR_,TUPOR,SESY,ASER,CwASo
GB_GA_mut_r_0.01_125k_0,sim,csk,38914,125000,20/38,0.5263157894736842,0.311312,0.006708706822263565,833
