name,type_cluster,scaffold,USo,SSo,TUPOR_,TUPOR,SESY,ASER,CwASo
GB_GA_mut_r_0.01_125k_3,sim,csk,37590,124998,20/35,0.5714285714285714,0.30072481159698555,0.008625906769198492,1069
