name,type_cluster,scaffold,SSo,TUPOR_,TUPOR,SESY,ASER
GB_GA_mut_r_0.01_125k_1,sim,csk,124996,20/38,0.5263157894736842,0.32209830714582866,0.007944254216134917
