name,type_cluster,scaffold,SSo,TUPOR_,TUPOR,SESY,ASER
GB_GA_mut_r_0.01_125k_4,sim,csk,124992,15/35,0.42857142857142855,0.3009152585765489,0.0025201612903225806
