name,type_cluster,scaffold,SSo,TUPOR_,TUPOR,SESY,ASER
GB_GA_mut_r_0.01_125k_2,sim,csk,124999,12/37,0.32432432432432434,0.3306026448211586,0.005824046592372739
