name,type_cluster,scaffold,SSo,TUPOR_,TUPOR,SESY,ASER
GB_GA_mut_r_0.01_500k_0,dis,csk,486596.0,27/40,0.675,0.073186,0.0113133
GB_GA_mut_r_0.01_500k_1,dis,csk,484589.0,16/23,0.6956522,0.0685591,0.0020595
GB_GA_mut_r_0.01_500k_2,dis,csk,487086.0,23/40,0.575,0.0771465,0.0021639
GB_GA_mut_r_0.01_500k_3,dis,csk,485464.0,23/37,0.6216216,0.0676631,0.0280886
GB_GA_mut_r_0.01_500k_4,dis,csk,480842.0,34/43,0.7906977,0.0700584,0.0347162
GB_GA_mut_r_0.01_500k_mean,dis,csk,484915.4,-,0.6715943,0.0713226,0.0156683
