name,type_cluster,scaffold,SSo,TUPOR_,TUPOR,SESY,ASER
GB_GA_mut_r_0.01_500k_0,dis,csk,499996.0,12/40,0.3,0.1914415,0.001584
GB_GA_mut_r_0.01_500k_1,dis,csk,499947.0,14/23,0.6086957,0.1830574,0.0015542
GB_GA_mut_r_0.01_500k_2,dis,csk,499982.0,12/40,0.3,0.2075435,0.000894
GB_GA_mut_r_0.01_500k_3,dis,csk,499991.0,16/37,0.4324324,0.1982836,0.002186
GB_GA_mut_r_0.01_500k_4,dis,csk,499977.0,30/43,0.6976744,0.2079056,0.0093844
GB_GA_mut_r_0.01_500k_mean,dis,csk,499978.6,-,0.4677605,0.1976463,0.0031205
