name,type_cluster,scaffold,SSo,TUPOR_,TUPOR,SESY,ASER
GB_GA_mut_r_0.01_500k_0,dis,csk,486596,27/40,0.675,0.07318596946953941,0.011313286586819456
