name,type_cluster,scaffold,USo,SSo,TUPOR_,TUPOR,SESY,ASER,ACR,CwASo
GB_GA_mut_r_0.01_500k_0,dis,csk,95720,499996,12/40,0.3,0.19144153153225227,0.001586525748992396,0.00012538136832866635,792
