name,type_cluster,scaffold,SSo,TUPOR_,TUPOR,SESY,ASER
GB_GA_mut_r_0.01_500k_1,dis,csk,484589,16/23,0.6956521739130435,0.06855912948911345,0.002059477206457431
