name,type_cluster,scaffold,SSo,TUPOR_,TUPOR,SESY,ASER
GB_GA_mut_r_0.01_500k_3,dis,csk,485464,23/37,0.6216216216216216,0.0676631016924015,0.028088591533048796
