name,type_cluster,scaffold,USo,SSo,TUPOR_,TUPOR,SESY,ASER,ACR,CwASo
GB_GA_mut_r_0.01_500k_2,dis,csk,103768,499982,12/40,0.3,0.20754347156497635,0.0008948321939403646,0.00011565596206484445,447
