name,type_cluster,scaffold,USo,SSo,TUPOR_,TUPOR,SESY,ASER,ASR,CwASo
GB_GA_mut_r_0.01_500k_4,dis,csk,103948,499977,30/43,0.6976744186046512,0.20790556365592816,0.009473333535237287,0.00028868915875979135,4692
