name,type_cluster,scaffold,SSo,TUPOR_,TUPOR,SESY,ASER
GB_GA_mut_r_0.01_500k_4,dis,csk,499977,30/43,0.6976744186046512,0.20790556365592816,0.009384431683857457
