name,type_cluster,scaffold,SSo,TUPOR_,TUPOR,SESY,ASER
GB_GA_mut_r_0.01_500k_2,dis,csk,487086,23/40,0.575,0.07714654085726134,0.002163888923105981
