name,type_cluster,scaffold,SSo,TUPOR_,TUPOR,SESY,ASER
GB_GA_mut_r_0.01_500k_4,dis,csk,480842,34/43,0.7906976744186046,0.0700583559672408,0.03471618535818419
