name,type_cluster,scaffold,USo,SSo,TUPOR_,TUPOR,SESY,ASER,ACR,CwASo
GB_GA_mut_r_0.01_500k_1,dis,csk,91519,499947,14/23,0.6086956521739131,0.18305740408483298,0.0015565839293226757,0.0001529971039833889,777
