name,type_cluster,scaffold,USo,SSo,TUPOR_,TUPOR,TUPOR_unique,TUPOR_1,TUPOR_2,SESY,ASER,CwASo
DrugEx_epsilon_0.6_0,dis,csk,"4,635.0","9,998.0",11/40,0.275,0.5933118,0.004951,0.573696,0.4635927,0.0091018,91.0
DrugEx_epsilon_0.6_1,dis,csk,"4,752.0","9,985.0",10/23,0.4347826,0.9149466,0.0027432,0.5667783,0.4759139,0.0037056,37.0
DrugEx_epsilon_0.6_2,dis,csk,"4,527.0","9,993.0",5/40,0.125,0.2761211,0.0023266,0.2633162,0.4530171,0.0010007,10.0
DrugEx_epsilon_0.6_3,dis,csk,"5,116.0","9,995.0",14/37,0.3783784,0.7395981,0.0086692,1.1986926,0.5118559,0.008004,80.0
DrugEx_epsilon_0.6_4,dis,csk,"5,419.0","9,998.0",24/43,0.5581395,1.0299678,0.0169708,2.13872,0.5420084,0.020004,200.0
DrugEx_epsilon_0.6_mean,dis,csk,"4,889.8","9,993.8",-,0.3542601,0.710789,0.0071322,0.9482406,0.4892776,0.0083632,83.6
