name,type_cluster,scaffold,SSo,TUPOR_,TUPOR,SESY,ASER
DrugEx_RNN_epsilon_0.6_500k_0,sim,csk,"493,993.0",43/46,0.9347826,0.1592108,0.1270017
DrugEx_RNN_epsilon_0.6_500k_1,sim,csk,"492,494.0",38/44,0.8636364,0.1313153,0.03321
DrugEx_RNN_epsilon_0.6_500k_2,sim,csk,"494,584.0",35/42,0.8333333,0.1472652,0.0265701
DrugEx_RNN_epsilon_0.6_500k_3,sim,csk,"489,314.0",32/42,0.7619048,0.1081412,0.0487562
DrugEx_RNN_epsilon_0.6_500k_4,sim,csk,"489,764.0",33/42,0.7857143,0.1108166,0.0055207
DrugEx_RNN_epsilon_0.6_500k_mean,sim,csk,"492,029.8",-,0.8358743,0.1313498,0.0482117
