name,type_cluster,scaffold,USo,SSo,TUPOR_,TUPOR,SESY,ASER,ACR,CwASo
DrugEx_RNN_epsilon_0.6_500k_0,sim,csk,78649.0,493993.0,43/46,0.9347826,0.1592108,0.1270017,0.000547,55668.0
DrugEx_RNN_epsilon_0.6_500k_1,sim,csk,64672.0,492494.0,38/44,0.8636364,0.1313153,0.03321,0.0005879,15830.0
DrugEx_RNN_epsilon_0.6_500k_2,sim,csk,72835.0,494584.0,35/42,0.8333333,0.1472652,0.0265701,0.0004808,12801.0
DrugEx_RNN_epsilon_0.6_500k_3,sim,csk,52915.0,489314.0,32/42,0.7619048,0.1081412,0.0487562,0.0006051,22748.0
DrugEx_RNN_epsilon_0.6_500k_4,sim,csk,54274.0,489764.0,33/42,0.7857143,0.1108166,0.0055207,0.0006084,2689.0
DrugEx_RNN_epsilon_0.6_500k_mean,sim,csk,64669.0,492029.8,-,0.8358743,0.1313498,0.0482117,0.0005658,21947.2
