name,type_cluster,scaffold,SSo,TUPOR_,TUPOR,SESY,ASER
DrugEx_RNN_epsilon_0.6_500k_4,sim,csk,489764,33/42,0.7857142857142857,0.11081663821759051,0.005490399457697993
