name,type_cluster,scaffold,SSo,TUPOR_,TUPOR,SESY,ASER
DrugEx_RNN_epsilon_0.6_500k_1,sim,csk,492494,38/44,0.8636363636363636,0.13131530536412625,0.032142523563738847
