name,type_cluster,scaffold,USo,SSo,TUPOR_,TUPOR,SESY,ASER,ACR,CwASo
DrugEx_RNN_epsilon_0.6_500k_2,sim,csk,72835,494584,35/42,0.8333333333333334,0.14726517639066367,0.02657005332276149,0.0004807692307692308,12801
