name,type_cluster,scaffold,USo,SSo,TUPOR_,TUPOR,SESY,ASER,ACR,CwASo
DrugEx_RNN_epsilon_0.6_500k_3,sim,csk,52915,489314,32/42,0.7619047619047619,0.10814119358939249,0.04875623170140988,0.0006051093924323507,22748
