name,type_cluster,scaffold,USo,SSo,TUPOR_,TUPOR,SESY,ASER,ACR,CwASo
DrugEx_RNN_epsilon_0.6_500k_1,sim,csk,64672,492494,38/44,0.8636363636363636,0.13131530536412625,0.033209975999865735,0.0005879258594547761,15830
