name,type_cluster,scaffold,SSo,TUPOR_,TUPOR,SESY,ASER
DrugEx_RNN_epsilon_0.6_500k_2,sim,csk,494584,35/42,0.8333333333333334,0.14726517639066367,0.02657005332276149
