name,type_cluster,scaffold,SSo,TUPOR_,TUPOR,SESY,ASER
DrugEx_RNN_epsilon_0.6_500k_0,sim,csk,493993,43/46,0.9347826086956522,0.1592107580471788,0.1126898559291326
