name,type_cluster,scaffold,USo,SSo,TUPOR_,TUPOR,SESY,ASER,ACR,CwASo
DrugEx_RNN_epsilon_0.6_500k_4,sim,csk,54274,489764,33/42,0.7857142857142857,0.11081663821759051,0.00552071036288046,0.0006083958629081322,2689
