name,type_cluster,scaffold,USo,SSo,TUPOR_,TUPOR,SESY,ASER,CwASo
DrugEx_GT_epsilon_0.6_62.5k_0,sim,murcko,51919.0,62277.0,83/172,0.4825581,0.8336786,0.0293379,1775.0
DrugEx_GT_epsilon_0.6_62.5k_1,sim,murcko,44450.0,62288.0,45/93,0.483871,0.7136206,0.0057482,356.0
DrugEx_GT_epsilon_0.6_62.5k_2,sim,murcko,45202.0,61819.0,31/65,0.4769231,0.7311991,0.0043541,268.0
DrugEx_GT_epsilon_0.6_62.5k_3,sim,murcko,48046.0,62361.0,22/57,0.3859649,0.7704495,0.0024756,154.0
DrugEx_GT_epsilon_0.6_62.5k_4,sim,murcko,45320.0,62332.0,11/50,0.22,0.7270744,0.0004334,27.0
DrugEx_GT_epsilon_0.6_62.5k_mean,sim,murcko,46987.4,62215.4,-,0.4098634,0.7552044,0.0084698,516.0
