name,type_cluster,scaffold,USo,SSo,TUPOR_,TUPOR,SESY,ASER,CwASo
DrugEx_GT_epsilon_0.6_62.5k_3,sim,murcko,48046,62361,22/57,0.38596491228070173,0.7704494796427255,0.0024756056392367417,154
