name,type_cluster,scaffold,SSo,TUPOR_,TUPOR,SESY,ASER
DrugEx_GT_epsilon_0.6_62.5k_3,sim,murcko,62361,22/57,0.38596491228070173,0.7704494796427255,0.002469492150542807
