name,type_cluster,scaffold,USo,SSo,TUPOR_,TUPOR,SESY,ASER,CwASo
DrugEx_GT_epsilon_0.6_62.5k_2,sim,murcko,45202,61819,31/65,0.47692307692307695,0.7311991458936573,0.004354112849506913,268
