name,type_cluster,scaffold,USo,SSo,TUPOR_,TUPOR,SESY,ASER,CwASo
DrugEx_GT_epsilon_0.6_62.5k_0,sim,murcko,51919,62277,83/172,0.48255813953488375,0.8336785651203494,0.02933787312816105,1775
