name,type_cluster,scaffold,SSo,TUPOR_,TUPOR,SESY,ASER
DrugEx_GT_epsilon_0.6_62.5k_2,sim,murcko,61819,31/65,0.47692307692307695,0.7311991458936573,0.004354112849506913
