name,type_cluster,scaffold,SSo,TUPOR_,TUPOR,SESY,ASER
GB_GA_new_mut_r_0.01_4,sim,csk,969662,29/35,0.8285714285714286,0.050414474321980235,0.005640109646454125
