name,type_cluster,scaffold,SSo,TUPOR_,TUPOR,SESY,ASER
GB_GA_new_mut_r_0.01_2,sim,csk,970465,28/37,0.7567567567567568,0.05284580072439501,0.018659096412544502
