name,type_cluster,scaffold,SSo,TUPOR_,TUPOR,SESY,ASER
GB_GA_new_mut_r_0.01_0,sim,csk,980527,34/38,0.8947368421052632,0.06743720468686737,0.028965036148928078
