name,type_cluster,scaffold,SSo,TUPOR_,TUPOR,SESY,ASER
DrugEx_GT_epsilon_0.6_125k_1,dis,murcko,124848,9/34,0.2647058823529412,0.7001874279123415,0.00041650647186979365
