name,type_cluster,scaffold,SSo,TUPOR_,TUPOR,SESY,ASER
DrugEx_GT_epsilon_0.6_125k_4,dis,murcko,124975,19/98,0.19387755102040816,0.74999799959992,0.0022404480896179237
