name,type_cluster,scaffold,USo,SSo,TUPOR_,TUPOR,SESY,ASER,CwASo
DrugEx_GT_epsilon_0.6_125k_1,dis,murcko,87417,124848,9/34,0.2647058823529412,0.7001874279123415,0.0004166800217955704,52
