name,type_cluster,scaffold,USo,SSo,TUPOR_,TUPOR,SESY,ASER,CwASo
DrugEx_GT_epsilon_0.6_125k_4,dis,murcko,93731,124975,19/98,0.19387755102040816,0.74999799959992,0.0022454789686835877,280
