name,type_cluster,scaffold,SSo,TUPOR_,TUPOR,SESY,ASER
DrugEx_GT_epsilon_0.6_125k_0,dis,murcko,124979,9/92,0.09782608695652174,0.6979172500980164,0.001184198945422831
