name,type_cluster,scaffold,USo,SSo,TUPOR_,TUPOR,SESY,ASER,CwASo
GB_GA_mut_r_0.01_125k_0,sim,csk,"44,042.0","125,000.0",23/46,0.5,0.352336,0.0204165,"2,501.0"
GB_GA_mut_r_0.01_125k_1,sim,csk,"10,183.0","109,010.0",16/44,0.3636364,0.0934134,0.0130382,"1,403.0"
GB_GA_mut_r_0.01_125k_2,sim,csk,"10,929.0","111,502.0",15/42,0.3571429,0.0980162,0.0271286,"2,945.0"
GB_GA_mut_r_0.01_125k_3,sim,csk,"12,894.0","112,560.0",8/42,0.1904762,0.1145522,0.026015,"2,854.0"
GB_GA_mut_r_0.01_125k_4,sim,csk,"11,653.0","112,275.0",14/42,0.3333333,0.1037898,0.0008558,96.0
GB_GA_mut_r_0.01_125k_mean,sim,csk,"17,940.2","114,069.4",-,0.3489177,0.1524215,0.0174908,"1,959.8"
