name,type_cluster,scaffold,USo,SSo,TUPOR_,TUPOR,SESY,ASER,CwASo
GB_GA_mut_r_0.01_125k_1,sim,csk,10183,109010,16/44,0.36363636363636365,0.09341344830749472,0.013038185248171588,1403
