name,type_cluster,scaffold,USo,SSo,TUPOR_,TUPOR,SESY,ASER,CwASo
GB_GA_mut_r_0.01_125k_4,sim,csk,11653,112275,14/42,0.3333333333333333,0.10378980182587397,0.00085577514508063,96
