name,type_cluster,scaffold,SSo,TUPOR_,TUPOR,SESY,ASER
GB_GA_mut_r_0.01_125k_0,sim,csk,121228,41/46,0.8913043478260869,0.17221269013759197,0.13248589434784044
