name,type_cluster,scaffold,USo,SSo,TUPOR_,TUPOR,SESY,ASER,CwASo
GB_GA_mut_r_0.01_125k_3,sim,csk,12894,112560,8/42,0.19047619047619047,0.11455223880597015,0.026014985506717957,2854
