name,type_cluster,scaffold,SSo,TUPOR_,TUPOR,SESY,ASER
GB_GA_mut_r_0.01_125k_1,sim,csk,109010,16/44,0.36363636363636365,0.09341344830749472,0.013038185248171588
