name,type_cluster,scaffold,SSo,TUPOR_,TUPOR,SESY,ASER
GB_GA_mut_r_0.01_125k_1,sim,csk,119884,31/44,0.7045454545454546,0.09375729872209802,0.01893497047145574
