name,type_cluster,scaffold,SSo,TUPOR_,TUPOR,SESY,ASER
GB_GA_mut_r_0.01_125k_3,sim,csk,119473,29/42,0.6904761904761905,0.09638997932587279,0.06038184359646113
