name,type_cluster,scaffold,SSo,TUPOR_,TUPOR,SESY,ASER
GB_GA_mut_r_0.01_125k_2,sim,csk,119363,31/42,0.7380952380952381,0.09476135820983052,0.03888977321280464
