name,type_cluster,scaffold,USo,SSo,TUPOR_,TUPOR,SESY,ASER,CwASo
GB_GA_mut_r_0.01_125k_2,sim,csk,10929,111502,15/42,0.35714285714285715,0.09801617908198956,0.02712860524885544,2945
