name,type_cluster,scaffold,SSo,TUPOR_,TUPOR,SESY,ASER
GB_GA_mut_r_0.01_125k_4,sim,csk,119609,27/42,0.6428571428571429,0.09915641799530135,0.00732386358886037
