name,type_cluster,scaffold,USo,SSo,TUPOR_,TUPOR,TUPOR_unique,TUPOR_1,TUPOR_2,SESY,ASER,CwASo,KL_OS_IS,KL_OS_RS
DrugEx_GT_epsilon_0.6_0,sim,murcko,614998.0,904023.0,73/115,0.6347826,0.0103217,0.0003413,1.8249782,0.6802902,0.0087077,7872.0,0.0035569307320133,0.0307334979748681
DrugEx_GT_epsilon_0.6_1,sim,murcko,549438.0,914954.0,56/100,0.56,0.0101922,0.0001444,0.7936325,0.6005089,0.0108869,9961.0,0.0021552073279334,0.0417343178943869
DrugEx_GT_epsilon_0.6_2,sim,murcko,567272.0,927616.0,26/58,0.4482759,0.0079023,6.52e-05,0.6380787,0.6115375,0.0006026,559.0,0.0048197838223778,0.0529215140302812
DrugEx_GT_epsilon_0.6_3,sim,murcko,515240.0,890240.0,32/51,0.627451,0.0121778,4.44e-05,0.4485932,0.5787653,0.0022679,2019.0,0.0021093574281323,0.0345537654378043
DrugEx_GT_epsilon_0.6_4,sim,murcko,536029.0,912081.0,23/40,0.575,0.010727,2.65e-05,0.3548232,0.5876989,0.0009648,880.0,0.0031181029433555,0.028735033210517
DrugEx_GT_epsilon_0.6_mean,sim,murcko,556595.4,909782.8,-,0.5691019,0.0102642,0.0001244,0.8120212,0.6117602,0.004686,4258.2,0.00315187645076246,0.037735625709571494
