name,type_cluster,scaffold,USo,SSo,TUPOR_,TUPOR,TUPOR_unique,TUPOR_1,TUPOR_2,SESY,ASER,CwASo
DrugEx_GT_epsilon_0.6_1,sim,murcko,549438,914954,56/100,0.56,0.010192232790596938,0.00014444442015664177,0.7936325332202494,0.6005088780419562,0.01088688611667909,9961
