name,type_cluster,scaffold,USo,SSo,TUPOR_,TUPOR,TUPOR_unique,TUPOR_1,TUPOR_2,SESY,ASER,CwASo
DrugEx_GT_epsilon_0.6_4,sim,murcko,536029,912081,23/40,0.575,0.010727031559859634,2.6477911501281138e-05,0.35482321060300565,0.5876988995494917,0.000964826588866559,880
