name,type_cluster,scaffold,USo,SSo,TUPOR_,TUPOR,TUPOR_unique,TUPOR_1,TUPOR_2,SESY,ASER,CwASo
DrugEx_GT_epsilon_0.6_3,sim,murcko,515240,890240,32/51,0.6274509803921569,0.012177839072901112,4.4403095530088385e-05,0.4485931557043674,0.5787652767792955,0.002267927749820273,2019
