name,type_cluster,scaffold,USo,SSo,TUPOR_,TUPOR,TUPOR_unique,TUPOR_1,TUPOR_2,SESY,ASER,CwASo
DrugEx_GT_epsilon_0.6_0,sim,murcko,614998,904023,73/115,0.6347826086956522,0.010321702000586215,0.0003412571890605515,1.8249781631118354,0.6802902138551785,0.008707743055209879,7872
