name,type_cluster,scaffold,USo,SSo,TUPOR_,TUPOR,TUPOR_unique,TUPOR_1,TUPOR_2,SESY,ASER,CwASo
DrugEx_GT_epsilon_0.6_2,sim,murcko,567272,927616,26/58,0.4482758620689655,0.007902308981740073,6.523954026160647e-05,0.6380786979876212,0.6115375327721816,0.0006026200496757279,559
