name,type_cluster,scaffold,USo,SSo,TUPOR,TUPOR_unique,TUPOR_set,SESY,ASER,CwASo
Molpher_mean,sim,csk,"103,807.6","836,443.4",0.69861,0.0674203,0.0083768,0.1241568,0.0130255,"10,759.2"
DrugEx_GT_mean,sim,csk,"231,889.4","759,533.4",0.9010851,0.0511238,0.0167758,0.3138381,0.0176727,"12,369.0"
DrugEx_GT_1_mean,sim,csk,"312,092.0","925,142.4",0.8519366,0.0274438,0.0092074,0.3373212,0.0166412,"15,419.4"
DrugEx_RNN_mean,sim,csk,"147,793.8","888,514.8",0.7227637,0.0558144,0.008249,0.1637674,0.0192559,"16,863.6"
REINVENT_mean,sim,csk,"177,692.0","964,258.0",0.5678074,0.0319466,0.0058882,0.1842854,0.0124883,"12,041.2"
addcarbon_mean,sim,csk,863.8,"1,000,000.0",0.2015485,2.3395083,0.0020155,0.0008638,0.0142338,"14,233.8"
GB_GA_mean,sim,csk,"2,704.6","9,999.6",0.3933103,1.481861,0.3933229,0.270471,0.0220802,220.8
