name,type_cluster,scaffold,USo,SSo,TUPOR,SESY,ASER,ACR,CwASo
Molpher_mean,sim,csk,0.3787742649055454,0.11993289052848155,0.7451304926337148,0.41259845365516723,0.33884506089651373,0.01516937187131705,0.2653280745787021
REINVENT_mean,sim,csk,0.41832516868336095,0.0,0.5810339332715515,0.460835724956228,0.11263205180620117,0.012882297343026174,0.03157725547409157
DrugEx_GT_epsilon_0.1_mean,sim,csk,0.49975090274757566,0.08362856048246492,0.6146952733391118,0.5495895868025251,0.3845136607057232,0.005787698806287121,0.28583969040936685
DrugEx_GT_epsilon_0.6_mean,sim,csk,1.0,0.5142343967250236,1.0,1.0,0.5608939900970609,0.0,0.5699237150875978
DrugEx_RNN_epsilon_0.1_mean,sim,csk,0.304283516090505,0.18002470868290654,0.35801009114651644,0.3265649513019174,0.7109472398459542,0.009124960617976872,0.6597099442390671
DrugEx_RNN_epsilon_0.6_mean,sim,csk,0.32411489527980936,0.418411842949201,0.9343894088833149,0.33067176046647356,0.9999999999999998,0.026336363318125066,1.0
GB_GA_mut_r_0.01_mean,sim,csk,0.5815526743184044,0.9998471849750548,0.5330916930777996,0.5289447722514631,0.0,0.0014002497111984952,0.0
GB_GA_mut_r_0.5_mean,sim,csk,0.41838477541141517,0.9997126647066166,0.5261279085350807,0.380546802632213,0.1683499644160445,0.007222954760265583,0.2021241082578108
addcarbon_mean,sim,csk,0.0,1.0,0.0,0.0,0.40522301802415656,1.0,0.48012512209295133
