name,type_cluster,scaffold,USo,SSo,TUPOR,TUPOR_unique,TUPOR_set,SESY,ASER,CwASo
Molpher_mean,sim,csk,103807.6,836443.4,0.69861,0.0674203,0.0083768,0.1241568,0.0130255,10759.2
DrugEx_GT_mean,sim,csk,231889.4,759533.4,0.9010851,0.0511238,0.0167758,0.3138381,0.0176727,12369.0
DrugEx_GT_1_mean,sim,csk,312092.0,925142.4,0.8519366,0.0274438,0.0092074,0.3373212,0.0166412,15419.4
DrugEx_RNN_mean,sim,csk,147793.8,888514.8,0.7227637,0.0558144,0.008249,0.1637674,0.0192559,16863.6
REINVENT_mean,sim,csk,177692.0,964258.0,0.5678074,0.0319466,0.0058882,0.1842854,0.0124883,12041.2
addcarbon_mean,sim,csk,863.8,1000000.0,0.2015485,2.3395083,0.0020155,0.0008638,0.0142338,14233.8
GB_GA_mean,sim,csk,2704.6,9999.6,0.3933103,1.481861,0.3933229,0.270471,0.0220802,220.8
