name,type_cluster,scaffold,USo,SSo,TUPOR,SESY,ASER,ACR,CwASo
Molpher_500k_mean,sim,csk,68826.6,500345.4,0.6819183,0.1375549,0.0134907,0.0003627,6644.8
REINVENT_500k_mean,sim,csk,79479.8,495247.6,0.5508067,0.1605458,0.008748,0.0002964,4283.8
DrugEx_GT_epsilon_0.1_500k_mean,sim,csk,94092.2,499550.4,0.550571,0.1883478,0.0141759,0.000217,6860.0
DrugEx_GT_epsilon_0.6_500k_mean,sim,csk,165521.4,499745.4,0.8579598,0.3312035,0.0175075,0.0001901,8572.2
DrugEx_RNN_epsilon_0.1_500k_mean,sim,csk,58113.6,499580.2,0.4078886,0.1163138,0.0206198,0.0002596,10044.8
DrugEx_RNN_epsilon_0.6_500k_mean,sim,csk,57899.8,495782.2,0.8027637,0.1167607,0.0262869,0.0005124,12609.8
GB_GA_mut_r_0.01_500k_mean,sim,csk,100604.0,499987.6,0.5571632,0.2012129,0.0065313,0.0002037,3242.2
GB_GA_mut_r_0.5_500k_mean,sim,csk,73024.4,499973.4,0.5301118,0.1460565,0.0098262,0.0002692,4857.2
addcarbon_500k_mean,sim,csk,863.8,500000.0,0.2015485,0.0017276,0.0145639,0.0086869,7127.8
