name,type_cluster,scaffold,USo,SSo,TUPOR_,TUPOR,SESY,ASER,CwASo
Molpher_62.5k_mean,sim,csk,11481.0,62631.6,-,0.4667791,0.183303,0.0146131,900.0
REINVENT_62.5k_mean,sim,csk,17606.4,61914.6,-,0.3039707,0.2844463,0.0089646,548.6
DrugEx_GT_epsilon_0.1_62.5k_mean,sim,csk,19859.4,62444.0,-,0.375883,0.3180325,0.0139166,842.6
DrugEx_GT_epsilon_0.6_62.5k_mean,sim,csk,28863.8,62467.2,-,0.7204471,0.4620537,0.017285,1058.0
DrugEx_RNN_epsilon_0.1_62.5k_mean,sim,csk,13718.4,62445.8,-,0.2780126,0.2196659,0.0206238,1255.6
DrugEx_RNN_epsilon_0.6_62.5k_mean,sim,csk,12482.8,61978.6,-,0.6542248,0.2013727,0.0264034,1583.2
GB_GA_mut_r_0.01_62.5k_mean,sim,csk,23878.4,62497.6,-,0.421264,0.3820688,0.0063453,393.8
GB_GA_mut_r_0.5_62.5k_mean,sim,csk,18052.4,62497.4,-,0.4313392,0.2888501,0.0099717,616.0
addcarbon_62.5k_mean,sim,csk,855.2,62500.0,-,0.2015485,0.0136832,0.0144516,884.4
