name,type_cluster,scaffold,USo,SSo,TUPOR,SESY,ASER,ASR,CwASo
Molpher_500k_mean,sim,csk,"68,826.6","500,345.4",0.6819183,0.1375549,0.0134907,0.0003627,"6,644.8"
REINVENT_500k_mean,sim,csk,"106,980.8","497,121.0",0.5463036,0.2152009,0.0126421,0.0001873,"6,186.8"
DrugEx_GT_epsilon_0.1_500k_mean,sim,csk,"94,092.2","499,550.4",0.550571,0.1883478,0.0141759,0.000217,"6,860.0"
DrugEx_GT_epsilon_0.6_500k_mean,sim,csk,"165,521.4","499,745.4",0.8579598,0.3312035,0.0175075,0.0001901,"8,572.2"
DrugEx_RNN_epsilon_0.1_500k_mean,sim,csk,"58,113.6","499,580.2",0.4078886,0.1163138,0.0206198,0.0002596,"10,044.8"
DrugEx_RNN_epsilon_0.6_500k_mean,sim,csk,"57,899.8","495,782.2",0.8027637,0.1167607,0.0262869,0.0005124,"12,609.8"
GB_GA_mut_r_0.01_500k_mean,sim,csk,"100,604.0","499,987.6",0.5571632,0.2012129,0.0065313,0.0002037,"3,242.2"
addcarbon_500k_mean,sim,csk,863.8,"500,000.0",0.2015485,0.0017276,0.0145639,0.0086869,"7,127.8"
