name,type_cluster,scaffold,uniq_scaffolds,set_size,TUPOR,TUPOR_unique,TUPOR_set,SESY,ASER,tRS
Molpher_mean,sim,csk,"103,807.6","836,443.4",0.69861,0.0013302,0.0001676,0.1241568,0.0130255,"10,759.2"
addcarbon_mean,sim,csk,863.8,"1,000,000.0",0.2015485,0.0385373,3.31e-05,0.0008638,0.0142338,"14,233.8"
GB_GA_mean,sim,csk,"2,704.6","9,999.6",0.3933103,0.0312394,0.0080288,0.270471,0.0220802,220.8
