name,type_cluster,scaffold,USo,SSo,TUPOR,SESY,ASER,ASR,CwASo
Molpher_mean,sim,csk,103807.6,836443.4,0.69861,0.1241568,0.0132272,0.000247,10759.2
REINVENT_mean,sim,csk,177692.0,964258.0,0.5678074,0.1842854,0.0126878,0.0001171,12041.2
DrugEx_GT_epsilon_0.1_mean,sim,csk,136686.8,829696.4,0.6115993,0.1650926,0.014132,0.0001666,11091.0
DrugEx_GT_epsilon_0.6_mean,sim,csk,272645.2,909722.6,0.8686283,0.2996846,0.0176265,0.000117,15686.4
DrugEx_RNN_epsilon_0.1_mean,sim,csk,83562.4,847611.2,0.4403698,0.0984482,0.0205994,0.0001952,17138.8
DrugEx_RNN_epsilon_0.6_mean,sim,csk,88952.2,891914.4,0.8248608,0.0996754,0.0263262,0.0003427,22643.4
GB_GA_mut_r_0.01_mean,sim,csk,158919.0,999971.6,0.5571632,0.1589235,0.0065139,0.000129,6467.2
addcarbon_mean,sim,csk,863.8,1000000.0,0.2015485,0.0008638,0.0145423,0.0086869,14233.8
