name,type_cluster,scaffold,USo,SSo,TUPOR,SESY,ASER,ACR,CwASo
Molpher_10k_mean,sim,csk,0.2952883528081417,1.0,0.29266061567975044,0.28954677646597915,0.30626187378922437,0.3255455221023713,0.32181638696939774
REINVENT_10k_mean,sim,csk,0.6981153411232567,0.0,0.0,0.7052445998176711,0.1349564354767765,0.0,0.13524185587364262
DrugEx_GT_epsilon_0.1_10k_mean,sim,csk,0.7731247644176404,0.3638009049773743,0.2944556616114913,0.7735157503748298,0.42243081616800643,0.07353570383047717,0.42349457058242834
DrugEx_GT_epsilon_0.6_10k_mean,sim,csk,1.0,0.3819004524886864,0.9999999999999998,1.0000000000000002,0.5057836466921846,0.21136307338933052,0.5182625863770977
DrugEx_RNN_epsilon_0.1_10k_mean,sim,csk,0.5483980399547681,0.361085972850681,0.11587794333945323,0.5486856479842084,0.6408477066624241,0.06864908685567592,0.6535044422507402
DrugEx_RNN_epsilon_0.6_10k_mean,sim,csk,0.4552958914436487,0.02262443438913664,0.9092061136043799,0.46002188703127483,1.0000000000000002,0.5030062827932533,0.9999999999999999
GB_GA_mut_r_0.01_10k_mean,sim,csk,0.9744440256313607,0.403619909502261,0.3992908141365388,0.9739222238127889,0.0,0.06386380525592814,0.0
GB_GA_mut_r_0.5_10k_mean,sim,csk,0.7586505842442518,0.4054298642533922,0.4126316730549764,0.758210462076292,0.2062225674524814,0.12017249532731328,0.21322803553800584
addcarbon_10k_mean,sim,csk,0.0,0.4054298642533922,0.11727875776143282,0.0,0.40346082936370525,1.0,0.41164856860809473
