name,type_cluster,scaffold,USo,SSo,TUPOR_,TUPOR,SESY,ASER,ASR,CwASo
GB_GA_mut_r_0.01_100k_0,sim,murcko,61474.0,100000.0,9/115,0.0782609,0.61474,0.0021647,0.0001464,216.0
GB_GA_mut_r_0.01_100k_1,sim,murcko,61100.0,99996.0,14/100,0.14,0.6110244,0.002637,0.0002292,263.0
GB_GA_mut_r_0.01_100k_2,sim,murcko,63291.0,100000.0,3/58,0.0517241,0.63291,0.0017129,4.74e-05,171.0
GB_GA_mut_r_0.01_100k_3,sim,murcko,59507.0,99998.0,8/51,0.1568627,0.5950819,0.0030996,0.0001345,309.0
GB_GA_mut_r_0.01_100k_4,sim,murcko,59361.0,99992.0,4/40,0.1,0.5936575,0.0006104,6.74e-05,61.0
GB_GA_mut_r_0.01_100k_mean,sim,murcko,60946.6,99997.2,-,0.1053696,0.6094828,0.0020449,0.000125,204.0
