name,type_cluster,scaffold,USo,SSo,TUPOR_,TUPOR,SESY,ASER,ASR,CwASo
GB_GA_mut_r_0.01_100k_4,sim,murcko,59361,99992,4/40,0.1,0.5936574925994079,0.0006104211906215289,6.738885051468235e-05,61
