name,type_cluster,scaffold,USo,SSo,TUPOR_,TUPOR,TUPOR_unique,TUPOR_1,TUPOR_2,SESY,ASER,CwASo
DrugEx_epsilon_0.1_0,dis,csk,3319.0,9990.0,5/40,0.125,0.3766195,0.0022523,0.1868806,0.3322322,0.0077077,77.0
DrugEx_epsilon_0.1_1,dis,csk,3372.0,9989.0,3/23,0.1304348,0.3868173,0.0008226,0.1206068,0.3375713,0.0005006,5.0
DrugEx_epsilon_0.1_2,dis,csk,3164.0,9993.0,1/40,0.025,0.0790139,0.0004653,0.0368073,0.3166216,0.0002001,2.0
DrugEx_epsilon_0.1_3,dis,csk,3214.0,9990.0,6/37,0.1621622,0.5045494,0.0037172,0.3228967,0.3217217,0.0039039,39.0
DrugEx_epsilon_0.1_4,dis,csk,4000.0,9973.0,15/43,0.3488372,0.872093,0.0106334,0.9891499,0.4010829,0.0102276,102.0
DrugEx_epsilon_0.1_mean,dis,csk,3413.8,9987.0,-,0.1582868,0.4438186,0.0035782,0.3312683,0.341846,0.004508,45.0
