name,type_cluster,scaffold,SSo,TUPOR_,TUPOR,SESY,ASER
GB_GA_log_p_mut_r_0.5_1,sim,csk,999979,22/38,0.5789473684210527,0.1163614435903154,0.014637307383455053
