name,type_cluster,scaffold,SSo,TUPOR_,TUPOR,SESY,ASER
GB_GA_log_p_mut_r_0.5_0,sim,csk,999903,23/38,0.6052631578947368,0.10158385363380248,0.00973394419258668
