name,type_cluster,scaffold,SSo,TUPOR_,TUPOR,SESY,ASER
GB_GA_log_p_mut_r_0.5_3,sim,csk,999949,23/35,0.6571428571428571,0.11748199158157066,0.01284665517941415
