name,type_cluster,scaffold,USo,SSo,TUPOR_,TUPOR,SESY,ASER,ACR,CwASo
addcarbon_500k_2,dis,murcko,4450,500000,11/102,0.10784313725490197,0.0089,0.0007505629221916438,0.0024780355936021626,375
