name,type_cluster,scaffold,USo,SSo,TUPOR_,TUPOR,SESY,ASER,ACR,CwASo
addcarbon_500k_1,dis,murcko,5305,500000,1/96,0.010416666666666666,0.01061,0.0007165130233247005,0.0001885369532428356,358
