name,type_cluster,scaffold,USo,SSo,TUPOR_,TUPOR,SESY,ASER,ACR,CwASo
addcarbon_500k_4,dis,murcko,5476,500000,2/71,0.028169014084507043,0.010952,0.00012601587800062809,0.00036536353671903543,63
