name,type_cluster,scaffold,USo,SSo,TUPOR_,TUPOR,SESY,ASER,ACR,CwASo
DrugEx_RNN_epsilon_0.1_10k_0,sim,murcko,7710.0,10000.0,4/115,0.0347826,0.771,0.0087764,0.0005191,87.0
DrugEx_RNN_epsilon_0.1_10k_1,sim,murcko,7500.0,9999.0,7/100,0.07,0.750075,0.0035126,0.0009342,35.0
DrugEx_RNN_epsilon_0.1_10k_2,sim,murcko,7118.0,9980.0,1/58,0.0172414,0.7132265,0.000401,0.0001405,4.0
DrugEx_RNN_epsilon_0.1_10k_3,sim,murcko,8087.0,9999.0,1/51,0.0196078,0.8087809,0.0001,0.0001237,1.0
DrugEx_RNN_epsilon_0.1_10k_4,sim,murcko,7629.0,10000.0,0/40,0.0,0.7629,0.0,0.0,0.0
DrugEx_RNN_epsilon_0.1_10k_mean,sim,murcko,7608.8,9995.6,-,0.0283264,0.7611965,0.002558,0.0003435,25.4
