name,type_cluster,scaffold,USo,SSo,TUPOR_,TUPOR,SESY,ASER,ASR,CwASo
DrugEx_RNN_epsilon_0.1_10k_1,sim,murcko,7500,9999,7/100,0.07,0.7500750075007501,0.0035126455238859897,0.0009342052582410249,35
