name,type_cluster,scaffold,USo,SSo,TUPOR_,TUPOR,SESY,ASER,ACR,CwASo
DrugEx_RNN_epsilon_0.6_10k_0,dis,csk,"3,398.0","9,872.0",15/42,0.3571429,0.3442058,0.0346924,0.0044339,331.0
DrugEx_RNN_epsilon_0.6_10k_1,dis,csk,"3,289.0","9,808.0",12/41,0.2926829,0.3353385,0.0116555,0.0036619,113.0
DrugEx_RNN_epsilon_0.6_10k_2,dis,csk,"2,695.0","9,771.0",21/45,0.4666667,0.2758162,0.0048334,0.0078534,47.0
DrugEx_RNN_epsilon_0.6_10k_3,dis,csk,"3,127.0","9,907.0",18/47,0.3829787,0.3156354,0.1007778,0.0057896,907.0
DrugEx_RNN_epsilon_0.6_10k_4,dis,csk,"2,525.0","9,737.0",13/41,0.3170732,0.2593201,0.02646,0.0051752,251.0
DrugEx_RNN_epsilon_0.6_10k_mean,dis,csk,"3,006.8","9,819.0",-,0.3633089,0.3060632,0.0356838,0.0053828,329.8
