name,type_cluster,scaffold,USo,SSo,TUPOR_,TUPOR,SESY,ASER,ACR,CwASo
DrugEx_RNN_epsilon_0.6_10k_1,dis,csk,3289,9808,12/41,0.2926829268292683,0.33533849918433933,0.011655492521918515,0.00366188587122368,113
