name,type_cluster,scaffold,USo,SSo,TUPOR_,TUPOR,SESY,ASER,CwASo
GB_GA_mut_r_0.5_250k_0,dis,csk,45113.0,249990.0,12/40,0.3,0.1804592,0.0110574,2734.0
GB_GA_mut_r_0.5_250k_1,dis,csk,44832.0,249989.0,10/23,0.4347826,0.1793359,0.0016668,416.0
GB_GA_mut_r_0.5_250k_2,dis,csk,52291.0,249994.0,11/40,0.275,0.209169,0.0008167,204.0
GB_GA_mut_r_0.5_250k_3,dis,csk,44318.0,249996.0,13/37,0.3513514,0.1772748,0.0024058,600.0
GB_GA_mut_r_0.5_250k_4,dis,csk,43523.0,249998.0,27/43,0.627907,0.1740934,0.0057934,1440.0
GB_GA_mut_r_0.5_250k_mean,dis,csk,46015.4,249993.4,-,0.3978082,0.1840665,0.004348,1078.8
