name,type_cluster,scaffold,USo,SSo,TUPOR_,TUPOR,SESY,ASER,CwASo
GB_GA_mut_r_0.5_250k_4,dis,csk,43523,249998,27/43,0.627906976744186,0.17409339274714197,0.00579341642594485,1440
