name,type_cluster,scaffold,SSo,TUPOR_,TUPOR,SESY,ASER
GB_GA_mut_r_0.5_250k_4,dis,csk,249998,27/43,0.627906976744186,0.17409339274714197,0.005760046080368643
