name,type_cluster,scaffold,USo,SSo,TUPOR_,TUPOR,SESY,ASER,CwASo
GB_GA_mut_r_0.5_250k_2,dis,csk,52291,249994,11/40,0.275,0.20916902005648136,0.0008166860162536531,204
