name,type_cluster,scaffold,SSo,TUPOR_,TUPOR,SESY,ASER
GB_GA_mut_r_0.5_250k_3,dis,csk,238203,22/37,0.5945945945945946,0.071867272872298,0.03249749163528587
