name,type_cluster,scaffold,SSo,TUPOR_,TUPOR,SESY,ASER
GB_GA_mut_r_0.5_250k_1,dis,csk,238282,17/23,0.7391304347826086,0.07562468000100721,0.0016199293274355596
