name,type_cluster,scaffold,SSo,TUPOR_,TUPOR,SESY,ASER
GB_GA_mut_r_0.5_250k_4,dis,csk,237209,32/43,0.7441860465116279,0.0771429414566901,0.022844833037532302
