name,type_cluster,scaffold,USo,SSo,TUPOR_,TUPOR,SESY,ASER,CwASo
GB_GA_mut_r_0.5_250k_1,dis,csk,44832,249989,10/23,0.43478260869565216,0.1793358907791943,0.0016668469746326726,416
