name,type_cluster,scaffold,SSo,TUPOR_,TUPOR,SESY,ASER
GB_GA_mut_r_0.5_250k_2,dis,csk,238615,19/40,0.475,0.08028833057435618,0.0023929761331014394
