name,type_cluster,scaffold,USo,SSo,TUPOR_,TUPOR,SESY,ASER,CwASo
GB_GA_mut_r_0.5_250k_3,dis,csk,44318,249996,13/37,0.35135135135135137,0.17727483639738237,0.0024058124428619544,600
