name,type_cluster,scaffold,SSo,TUPOR_,TUPOR,SESY,ASER
GB_GA_mut_r_0.5_250k_2,dis,csk,249994,11/40,0.275,0.20916902005648136,0.0008160195844700272
