name,type_cluster,scaffold,USo,SSo,TUPOR_,TUPOR,SESY,ASER,ACR,CwASo
GB_GA_mut_r_0.01_500k_0,sim,csk,"116,020.0","500,000.0",25/46,0.5434783,0.23204,0.0206206,0.0002155,"10,102.0"
GB_GA_mut_r_0.01_500k_1,sim,csk,"25,104.0","436,612.0",19/44,0.4318182,0.0574973,0.0131008,0.0007574,"5,646.0"
GB_GA_mut_r_0.01_500k_2,sim,csk,"27,100.0","446,303.0",19/42,0.452381,0.0607211,0.0269589,0.0007016,"11,716.0"
GB_GA_mut_r_0.01_500k_3,sim,csk,"32,848.0","450,158.0",12/42,0.2857143,0.0729699,0.0264456,0.0003655,"11,598.0"
GB_GA_mut_r_0.01_500k_4,sim,csk,"29,041.0","449,426.0",18/42,0.4285714,0.064618,0.0008574,0.0006202,385.0
GB_GA_mut_r_0.01_500k_mean,sim,csk,"46,022.6","456,499.8",-,0.4283926,0.0975693,0.0175967,0.000532,"7,889.4"
