name,type_cluster,scaffold,SSo,TUPOR_,TUPOR,SESY,ASER
GB_GA_mut_r_0.01_500k_1,sim,csk,479504,34/44,0.7727272727272727,0.056245620474490304,0.019251142847609197
