name,type_cluster,scaffold,USo,SSo,TUPOR_,TUPOR,SESY,ASER,ACR,CwASo
GB_GA_mut_r_0.01_500k_0,sim,csk,116020,500000,25/46,0.5434782608695652,0.23204,0.020620618985993003,0.000215526531316005,10102
