name,type_cluster,scaffold,USo,SSo,TUPOR_,TUPOR,SESY,ASER,ACR,CwASo
GB_GA_mut_r_0.01_500k_3,sim,csk,32848,450158,12/42,0.2857142857142857,0.07296993500059978,0.02644564027727107,0.00036545255207698867,11598
