name,type_cluster,scaffold,USo,SSo,TUPOR_,TUPOR,SESY,ASER,ACR,CwASo
GB_GA_mut_r_0.01_500k_1,sim,csk,25104,436612,19/44,0.4318181818181818,0.05749727446794866,0.013100801455335223,0.0007574247558301774,5646
