name,type_cluster,scaffold,USo,SSo,TUPOR_,TUPOR,SESY,ASER,ACR,CwASo
GB_GA_mut_r_0.01_500k_4,sim,csk,29041,449426,18/42,0.42857142857142855,0.06461797937814012,0.0008573827334252329,0.0006201977741790994,385
