name,type_cluster,scaffold,SSo,TUPOR_,TUPOR,SESY,ASER
GB_GA_mut_r_0.01_500k_2,sim,csk,477274,36/42,0.8571428571428571,0.05646861132179838,0.038070374669477075
