name,type_cluster,scaffold,SSo,TUPOR_,TUPOR,SESY,ASER
GB_GA_mut_r_0.01_500k_4,sim,csk,478518,30/42,0.7142857142857143,0.05967591605749418,0.006900471873576334
