name,type_cluster,scaffold,SSo,TUPOR_,TUPOR,SESY,ASER
GB_GA_mut_r_0.01_500k_1,sim,csk,436612,19/44,0.4318181818181818,0.05749727446794866,0.013100801455335223
