name,type_cluster,scaffold,SSo,TUPOR_,TUPOR,SESY,ASER
GB_GA_mut_r_0.01_500k_3,sim,csk,477476,32/42,0.7619047619047619,0.057630121723395523,0.06125124613593144
