name,type_cluster,scaffold,SSo,TUPOR_,TUPOR,SESY,ASER
GB_GA_mut_r_0.01_500k_0,sim,csk,485055,44/46,0.9565217391304348,0.10705796249909805,0.13188195153126964
