name,type_cluster,scaffold,USo,SSo,TUPOR_,TUPOR,SESY,ASER,ACR,CwASo
GB_GA_mut_r_0.01_500k_2,sim,csk,27100,446303,19/42,0.4523809523809524,0.060721079625277,0.026958928822077052,0.0007015989069827554,11716
