name,type_cluster,scaffold,uniq_scaffolds,set_size,TUPOR_,TUPOR,TUPOR_unique,TUPOR_set,SESY,ASER,tRS
addcarbon_0,dis,csk,766.0,1000000.0,2/40,0.05,0.0117493,9e-06,0.000766,0.00179,1790.0
addcarbon_1,dis,csk,942.0,1000000.0,1/23,0.0434783,0.0029078,2.7e-06,0.000942,0.003549,3549.0
addcarbon_2,dis,csk,758.0,1000000.0,0/40,0.0,0.0,0.0,0.000758,0.0,0.0
addcarbon_3,dis,csk,887.0,1000000.0,1/37,0.027027,0.0069777,6.2e-06,0.000887,0.000343,343.0
addcarbon_4,dis,csk,931.0,1000000.0,2/43,0.0465116,0.0151875,1.41e-05,0.000931,0.003453,3453.0
addcarbon_mean,dis,csk,856.8,1000000.0,-,0.0334034,0.0073645,6.4e-06,0.0008568,0.001827,1827.0
