name,type_cluster,scaffold,uniq_scaffolds,set_size,TUPOR_,TUPOR,TUPOR_unique,TUPOR_set,SESY,ASER,tRS
addcarbon_1,dis,csk,942,1000000,1/23,0.043478260869565216,0.0029077817779008587,2.7391304347826087e-06,0.000942,0.003549,3549
