name,type_cluster,scaffold,USo,SSo,TUPOR_,TUPOR,TUPOR_unique,TUPOR_set,SESY,ASER,CwASo
addcarbon_3,dis,csk,887,1000000,1/37,0.02702702702702703,0.3047015448368323,0.0002702702702702703,0.000887,0.000343,343
