name,type_cluster,scaffold,USo,SSo,TUPOR_,TUPOR,SESY,ASER,ACR,CwASo
addcarbon_3,dis,csk,887,1000000,1/37,0.02702702702702703,0.000887,0.00034311768936745303,0.001128668171557562,343
