name,type_cluster,scaffold,USo,SSo,TUPOR_,TUPOR,SESY,ASER,ACR,CwASo
addcarbon_1,dis,csk,942,1000000,1/23,0.043478260869565216,0.000942,0.0035616402612873087,0.0010626992561105207,3549
