name,type_cluster,scaffold,USo,SSo,TUPOR_,TUPOR,TUPOR_unique,TUPOR_set,SESY,ASER,CwASo
addcarbon_4,dis,csk,931,1000000,2/43,0.046511627906976744,0.4995878400319736,0.00046511627906976747,0.000931,0.003453,3453
