name,type_cluster,scaffold,USo,SSo,TUPOR_,TUPOR,TUPOR_unique,TUPOR_set,SESY,ASER,CwASo
addcarbon_1,dis,csk,942,1000000,1/23,0.043478260869565216,0.46155266315886645,0.0004347826086956522,0.000942,0.003549,3549
