name,type_cluster,scaffold,USo,SSo,TUPOR_,TUPOR,TUPOR_unique,TUPOR_1,TUPOR_2,SESY,ASER,CwASo
addcarbon_1,dis,csk,942,1000000,1/23,0.043478260869565216,0.46155266315886645,2.7391304347826087e-06,0.0001121852551984877,0.000942,0.003549,3549
