name,type_cluster,scaffold,USo,SSo,TUPOR_,TUPOR,SESY,ASER,ACR,CwASo
addcarbon_4,dis,csk,931,1000000,2/43,0.046511627906976744,0.000931,0.003464964522496179,0.002152852529601722,3453
