name,type_cluster,scaffold,USo,SSo,TUPOR_,TUPOR,SESY,ASER,ACR,CwASo
DrugEx_RNN_epsilon_0.1_500k_0,sim,csk,"48,369.0","488,225.0",37/46,0.8043478,0.0990711,0.2123789,0.0007655,"85,525.0"
DrugEx_RNN_epsilon_0.1_500k_1,sim,csk,"41,339.0","491,082.0",25/44,0.5681818,0.0841794,0.0421701,0.0006051,"19,871.0"
DrugEx_RNN_epsilon_0.1_500k_2,sim,csk,"57,203.0","492,891.0",32/42,0.7619048,0.1160561,0.0247662,0.0005597,"11,912.0"
DrugEx_RNN_epsilon_0.1_500k_3,sim,csk,"39,948.0","492,570.0",20/42,0.4761905,0.0811012,0.0505829,0.0005009,"23,716.0"
DrugEx_RNN_epsilon_0.1_500k_4,sim,csk,"34,450.0","476,550.0",18/42,0.4285714,0.0722904,0.0033477,0.0005228,"1,590.0"
DrugEx_RNN_epsilon_0.1_500k_mean,sim,csk,"44,261.8","488,263.6",-,0.6078393,0.0905396,0.0666491,0.0005908,"28,522.8"
