name,type_cluster,scaffold,SSo,TUPOR_,TUPOR,SESY,ASER
DrugEx_RNN_epsilon_0.1_500k_0,sim,csk,488225.0,37/46,0.8043478,0.0990711,0.2123789
DrugEx_RNN_epsilon_0.1_500k_1,sim,csk,491082.0,25/44,0.5681818,0.0841794,0.0421701
DrugEx_RNN_epsilon_0.1_500k_2,sim,csk,492891.0,32/42,0.7619048,0.1160561,0.0247662
DrugEx_RNN_epsilon_0.1_500k_3,sim,csk,492570.0,20/42,0.4761905,0.0811012,0.0505829
DrugEx_RNN_epsilon_0.1_500k_4,sim,csk,476550.0,18/42,0.4285714,0.0722904,0.0033477
DrugEx_RNN_epsilon_0.1_500k_mean,sim,csk,488263.6,-,0.6078393,0.0905396,0.0666491
