name,type_cluster,scaffold,USo,SSo,TUPOR_,TUPOR,SESY,ASER,ACR,CwASo
DrugEx_RNN_epsilon_0.1_500k_0,sim,csk,48369.0,488225.0,37/46,0.8043478,0.0990711,0.2123789,0.0007655,85525.0
DrugEx_RNN_epsilon_0.1_500k_1,sim,csk,41339.0,491082.0,25/44,0.5681818,0.0841794,0.0421701,0.0006051,19871.0
DrugEx_RNN_epsilon_0.1_500k_2,sim,csk,57203.0,492891.0,32/42,0.7619048,0.1160561,0.0247662,0.0005597,11912.0
DrugEx_RNN_epsilon_0.1_500k_3,sim,csk,39948.0,492570.0,20/42,0.4761905,0.0811012,0.0505829,0.0005009,23716.0
DrugEx_RNN_epsilon_0.1_500k_4,sim,csk,34450.0,476550.0,18/42,0.4285714,0.0722904,0.0033477,0.0005228,1590.0
DrugEx_RNN_epsilon_0.1_500k_mean,sim,csk,44261.8,488263.6,-,0.6078393,0.0905396,0.0666491,0.0005908,28522.8
