name,type_cluster,scaffold,USo,SSo,TUPOR_,TUPOR,SESY,ASER,ACR,CwASo
DrugEx_RNN_epsilon_0.1_500k_1,sim,csk,41339,491082,25/44,0.5681818181818182,0.08417942421021336,0.042170068186014334,0.0006051217504961998,19871
