name,type_cluster,scaffold,SSo,TUPOR_,TUPOR,SESY,ASER
DrugEx_RNN_epsilon_0.1_500k_4,sim,csk,476550,18/42,0.42857142857142855,0.07229042073234708,0.0033476503284487116
