name,type_cluster,scaffold,USo,SSo,TUPOR_,TUPOR,SESY,ASER,ACR,CwASo
DrugEx_RNN_epsilon_0.1_500k_4,sim,csk,34450,476550,18/42,0.42857142857142855,0.07229042073234708,0.0033476503284487116,0.0005227695167286245,1590
