name,type_cluster,scaffold,USo,SSo,TUPOR_,TUPOR,SESY,ASER,ACR,CwASo
DrugEx_RNN_epsilon_0.1_500k_2,sim,csk,57203,492891,32/42,0.7619047619047619,0.11605608542253765,0.0247661540316729,0.0005597243357646359,11912
