name,type_cluster,scaffold,SSo,TUPOR_,TUPOR,SESY,ASER
DrugEx_RNN_epsilon_0.1_500k_1,sim,csk,491082,25/44,0.5681818181818182,0.08417942421021336,0.040463710744845054
