name,type_cluster,scaffold,SSo,TUPOR_,TUPOR,SESY,ASER
DrugEx_RNN_epsilon_0.1_500k_0,sim,csk,488225,37/46,0.8043478260869565,0.09907112499359927,0.17517538020379947
