name,type_cluster,scaffold,USo,SSo,TUPOR_,TUPOR,SESY,ASER,ACR,CwASo
DrugEx_RNN_epsilon_0.1_500k_0,sim,csk,48369,488225,37/46,0.8043478260869565,0.09907112499359927,0.21237894214055128,0.0007655383596788877,85525
