name,type_cluster,scaffold,USo,SSo,TUPOR_,TUPOR,SESY,ASER,ACR,CwASo
DrugEx_RNN_epsilon_0.1_500k_3,sim,csk,39948,492570,20/42,0.47619047619047616,0.08110116328643645,0.050582910671552336,0.0005009016229212583,23716
