name,type_cluster,scaffold,SSo,TUPOR_,TUPOR,SESY,ASER
DrugEx_RNN_epsilon_0.1_500k_2,sim,csk,492891,32/42,0.7619047619047619,0.11605608542253765,0.0247661540316729
