name,type_cluster,scaffold,SSo,TUPOR_,TUPOR,SESY,ASER
DrugEx_RNN_epsilon_0.1_500k_3,sim,csk,492570,20/42,0.47619047619047616,0.08110116328643645,0.048147471425381165
