name,type_cluster,scaffold,SSo,TUPOR_,TUPOR,SESY,ASER
REINVENT_500k_2,dis,murcko,496001,62/102,0.6078431372549019,0.5789343166646841,0.0012859230787865086
