name,type_cluster,scaffold,USo,SSo,TUPOR_,TUPOR,SESY,ASER,ACR,CwASo
REINVENT_500k_3,dis,murcko,242888,485663,7/62,0.11290322580645161,0.500116335813105,0.00041816009557945044,2.8820698202000158e-05,203
