name,type_cluster,scaffold,SSo,TUPOR_,TUPOR,SESY,ASER
REINVENT_500k_0,dis,murcko,495894,33/106,0.3113207547169811,0.6207475791197312,0.0004920406377169315
