name,type_cluster,scaffold,SSo,TUPOR_,TUPOR,SESY,ASER
REINVENT_500k_4,dis,murcko,495160,18/71,0.2535211267605634,0.5954600533160999,0.001379232240868148
