name,type_cluster,scaffold,SSo,TUPOR_,TUPOR,SESY,ASER
REINVENT_500k_1,dis,murcko,495573,6/96,0.0625,0.6105033970777262,0.00011099495881077982
