name,type_cluster,scaffold,USo,SSo,TUPOR_,TUPOR,SESY,ASER,ACR,CwASo
REINVENT_500k_4,dis,murcko,294848,495160,18/71,0.2535211267605634,0.5954600533160999,0.001379232240868148,6.105213173693315e-05,682
