name,type_cluster,scaffold,SSo,TUPOR_,TUPOR,SESY,ASER
REINVENT_500k_3,dis,murcko,485663,7/62,0.11290322580645161,0.500116335813105,0.00041798531080193465
