name,type_cluster,scaffold,USo,SSo,TUPOR_,TUPOR,SESY,ASER,ACR,CwASo
REINVENT_500k_0,dis,murcko,307825,495894,33/106,0.3113207547169811,0.6207475791197312,0.0004922828608897407,0.00010721526225502937,244
