name,type_cluster,scaffold,uniq_scaffolds,set_size,TUPOR_,TUPOR,SESY,ASER,tRS
Molpher_0,dis,csk,"135,545.0","1,187,859.0",16/42,0.3809524,0.1141087,0.0033868,"4,023.0"
Molpher_1,dis,csk,"132,077.0","1,211,203.0",18/36,0.5,0.1090461,0.0013293,"1,610.0"
Molpher_2,dis,csk,"137,303.0","1,178,785.0",12/42,0.2857143,0.1164784,0.0002333,275.0
Molpher_3,dis,csk,"116,723.0","891,650.0",23/40,0.575,0.1309067,0.0077059,"6,871.0"
Molpher_4,dis,csk,"106,618.0","707,678.0",38/46,0.826087,0.1506589,0.0107182,"7,585.0"
Molpher_mean,dis,csk,"125,653.2","1,035,435.0",-,0.5135507,0.1242398,0.0046747,"4,072.8"
