name,type_cluster,scaffold,USo,SSo,TUPOR_,TUPOR,TUPOR_unique,TUPOR_1,TUPOR_2,SESY,ASER,CwASo
Molpher_0,dis,csk,104715.0,916546.0,15/40,0.375,0.0358115,7.36e-05,0.1927962,0.1142496,0.0032906,3016.0
Molpher_1,dis,csk,119055.0,1070030.0,15/23,0.6521739,0.0547792,3.84e-05,0.1987595,0.1112632,0.0011056,1183.0
Molpher_2,dis,csk,105240.0,906891.0,9/40,0.225,0.0213797,4.61e-05,0.1214119,0.1160448,0.0001136,103.0
Molpher_3,dis,csk,89696.0,693460.0,20/37,0.5405405,0.0602636,0.0001785,0.4327267,0.1293456,0.0067257,4664.0
Molpher_4,dis,csk,81634.0,532962.0,34/43,0.7906977,0.0968589,0.000451,0.85623,0.1531704,0.0117082,6240.0
Molpher_mean,dis,csk,100068.0,823977.8,-,0.5166824,0.0538186,0.0001575,0.3603848,0.1248147,0.0045887,3041.2
