name,type_cluster,scaffold,USo,SSo,TUPOR_,TUPOR,SESY,ASER,ACR,CwASo
Molpher_0,dis,csk,104715.0,916546.0,15/40,0.375,0.1142496,0.0033015,0.0001433,3016.0
Molpher_1,dis,csk,119055.0,1070030.0,15/23,0.6521739,0.1112632,0.0011068,0.000126,1183.0
Molpher_2,dis,csk,105240.0,906891.0,9/40,0.225,0.1160448,0.0001136,8.55e-05,103.0
Molpher_3,dis,csk,89696.0,693460.0,20/37,0.5405405,0.1293456,0.0067712,0.000223,4664.0
Molpher_4,dis,csk,81634.0,532962.0,34/43,0.7906977,0.1531704,0.0118469,0.0004167,6240.0
Molpher_mean,dis,csk,100068.0,823977.8,-,0.5166824,0.1248147,0.004628,0.0001989,3041.2
