name,type_cluster,scaffold,USo,SSo,TUPOR_,TUPOR,TUPOR_unique,TUPOR_1,TUPOR_2,SESY,ASER,CwASo
Molpher_1,dis,csk,119055,1070030,15/23,0.6521739130434783,0.054779212384484334,3.839794820868493e-05,0.19875946626021668,0.11126323561021653,0.0011055764791641355,1183
