name,type_cluster,scaffold,SSo,TUPOR_,TUPOR,SESY,ASER
Molpher_3,dis,csk,693460,20/37,0.5405405405405406,0.12934560032301792,0.006725694344302483
