name,type_cluster,scaffold,uniq_scaffolds,set_size,TUPOR_,TUPOR,SESY,ASER,tRS
Molpher_0,dis,csk,135545,1187859,16/42,0.38095238095238093,0.1141086610447873,0.0033867656009677915,4023
