name,type_cluster,scaffold,USo,SSo,TUPOR_,TUPOR,TUPOR_unique,TUPOR_1,TUPOR_2,SESY,ASER,CwASo
Molpher_0,dis,csk,104715,916546,15/40,0.375,0.035811488325454804,7.364605813565278e-05,0.19279617444187197,0.11424958485444266,0.0032906149827722775,3016
