name,type_cluster,scaffold,SSo,TUPOR_,TUPOR,SESY,ASER
Molpher_1,dis,csk,1070030,15/23,0.6521739130434783,0.11126323561021653,0.0011055764791641355
