name,type_cluster,scaffold,USo,SSo,TUPOR_,TUPOR,SESY,ASER,ACR,CwASo
Molpher_4,dis,csk,81634,532962,34/43,0.7906976744186046,0.1531703948874404,0.011846856596079145,0.0004166666666666667,6240
