name,type_cluster,scaffold,SSo,TUPOR_,TUPOR,SESY,ASER
Molpher_4,dis,csk,532962,34/43,0.7906976744186046,0.1531703948874404,0.011708151800691232
