name,type_cluster,scaffold,USo,SSo,TUPOR_,TUPOR,TUPOR_unique,TUPOR_set,SESY,ASER,CwASo
Molpher_0,dis,csk,104715,916546,15/40,0.375,0.035811488325454804,0.004091447674202931,0.11424958485444266,0.0032906149827722775,3016
