name,type_cluster,scaffold,USo,SSo,TUPOR_,TUPOR,SESY,ASER,ASR,CwASo
Molpher_1,dis,csk,119055,1070030,15/23,0.6521739130434783,0.11126323561021653,0.001106800131356499,0.00012600806451612903,1183
