name,type_cluster,scaffold,SSo,TUPOR_,TUPOR,SESY,ASER
Molpher_2,dis,csk,906891,9/40,0.225,0.11604481685230088,0.00011357483975472246
