name,type_cluster,scaffold,USo,SSo,TUPOR_,TUPOR,SESY,ASER,ASR,CwASo
Molpher_3,dis,csk,89696,693460,20/37,0.5405405405405406,0.12934560032301792,0.006771235605317104,0.00022302511262768188,4664
