name,type_cluster,scaffold,uniq_scaffolds,set_size,TUPOR_,TUPOR,TUPOR_unique,TUPOR_set,SESY,ASER,tRS
Molpher_0,dis,csk,104715,916546,15/40,0.375,0.0006446067898581866,7.364605813565278e-05,0.11424958485444266,0.0032906149827722775,3016
