name,type_cluster,scaffold,USo,SSo,TUPOR_,TUPOR,TUPOR_unique,TUPOR_set,SESY,ASER,CwASo
Molpher_4,dis,csk,81634,532962,34/43,0.7906976744186046,0.09685886694497448,0.014835910898311787,0.1531703948874404,0.011708151800691232,6240
