name,type_cluster,scaffold,uniq_scaffolds,set_size,TUPOR_,TUPOR,TUPOR_unique,TUPOR_set,SESY,ASER,tRS
Molpher_3,dis,csk,89696,693460,20/37,0.5405405405405406,0.0013800368331228126,0.00017850169264814667,0.12934560032301792,0.006725694344302483,4664
