name,type_cluster,scaffold,SSo,TUPOR_,TUPOR,SESY,ASER
Molpher_0,dis,csk,916546,15/40,0.375,0.11424958485444266,0.0032906149827722775
