name,type_cluster,scaffold,USo,SSo,TUPOR_,TUPOR,TUPOR_unique,TUPOR_set,SESY,ASER,CwASo
Molpher_2,dis,csk,105240,906891,9/40,0.225,0.021379703534777653,0.0024810037810497625,0.11604481685230088,0.00011357483975472246,103
