name,type_cluster,scaffold,uniq_scaffolds,set_size,TUPOR_,TUPOR,SESY,ASER,tRS
Molpher_2,dis,csk,137303,1178785,12/42,0.2857142857142857,0.11647840785215285,0.00023329105816582329,275
