name,type_cluster,scaffold,uniq_scaffolds,set_size,TUPOR_,TUPOR,TUPOR_unique,TUPOR_set,SESY,ASER,tRS
Molpher_2,dis,csk,105240,906891,9/40,0.225,0.00039766248574686435,4.614667032752558e-05,0.11604481685230088,0.00011357483975472246,103
