name,type_cluster,scaffold,USo,SSo,TUPOR_,TUPOR,TUPOR_unique,TUPOR_1,TUPOR_2,SESY,ASER,CwASo
Molpher_3,dis,csk,89696,693460,20/37,0.5405405405405406,0.06026361716693504,0.00017850169264814667,0.4327266979396801,0.12934560032301792,0.006725694344302483,4664
