name,type_cluster,scaffold,uniq_scaffolds,set_size,TUPOR_,TUPOR,SESY,ASER,tRS
Molpher_4,dis,csk,106618,707678,38/46,0.8260869565217391,0.15065891549546545,0.010718151475671138,7585
