name,type_cluster,scaffold,uniq_scaffolds,set_size,TUPOR_,TUPOR,TUPOR_unique,TUPOR_set,SESY,ASER,tRS
Molpher_1,dis,csk,119055,1070030,15/23,0.6521739130434783,0.00034510903802225133,3.839794820868493e-05,0.11126323561021653,0.0011055764791641355,1183
