name,type_cluster,scaffold,USo,SSo,TUPOR_,TUPOR,SESY,ASER,CwASo
GB_GA_mut_r_0.5_250k_0,dis,murcko,43473.0,213978.0,15/106,0.1415094,0.2031657,0.0245535,5128.0
GB_GA_mut_r_0.5_250k_1,dis,murcko,40207.0,211081.0,4/96,0.0416667,0.1904814,2.37e-05,5.0
GB_GA_mut_r_0.5_250k_2,dis,murcko,42257.0,214810.0,3/102,0.0294118,0.196718,0.0002514,54.0
GB_GA_mut_r_0.5_250k_3,dis,murcko,44038.0,221306.0,9/62,0.1451613,0.1989914,0.1913865,35551.0
GB_GA_mut_r_0.5_250k_4,dis,murcko,39732.0,213137.0,10/71,0.1408451,0.1864153,0.0040135,852.0
GB_GA_mut_r_0.5_250k_mean,dis,murcko,41941.4,214862.4,-,0.0997188,0.1951544,0.0440457,8318.0
