name,type_cluster,scaffold,SSo,TUPOR_,TUPOR,SESY,ASER
GB_GA_mut_r_0.5_250k_0,dis,murcko,188921.0,8/106,0.0754717,0.2482096,0.0081568
GB_GA_mut_r_0.5_250k_1,dis,murcko,189461.0,2/96,0.0208333,0.2572508,2.11e-05
GB_GA_mut_r_0.5_250k_2,dis,murcko,202157.0,1/102,0.0098039,0.2833342,1.48e-05
GB_GA_mut_r_0.5_250k_3,dis,murcko,249958.0,5/62,0.0806452,0.446271,0.0031205
GB_GA_mut_r_0.5_250k_4,dis,murcko,184263.0,5/71,0.0704225,0.2359508,0.0182674
GB_GA_mut_r_0.5_250k_mean,dis,murcko,202952.0,-,0.0514353,0.2942033,0.0059161
