name,type_cluster,scaffold,SSo,TUPOR_,TUPOR,SESY,ASER
GB_GA_mut_r_0.5_250k_0,dis,murcko,231938.0,32/106,0.3018868,0.32441,0.0341298
GB_GA_mut_r_0.5_250k_1,dis,murcko,228174.0,10/96,0.1041667,0.2965763,0.0011965
GB_GA_mut_r_0.5_250k_2,dis,murcko,228314.0,24/102,0.2352941,0.2837496,0.0011519
GB_GA_mut_r_0.5_250k_3,dis,murcko,232770.0,14/62,0.2258065,0.3132148,0.0747089
GB_GA_mut_r_0.5_250k_4,dis,murcko,226500.0,23/71,0.3239437,0.2838146,0.0024283
GB_GA_mut_r_0.5_250k_mean,dis,murcko,229539.2,-,0.2382195,0.300353,0.0227231
