name,type_cluster,scaffold,USo,SSo,TUPOR_,TUPOR,SESY,ASER,CwASo
GB_GA_mut_r_0.5_250k_2,dis,murcko,42257,214810,3/102,0.029411764705882353,0.19671802988687678,0.00025144815511557304,54
