name,type_cluster,scaffold,USo,SSo,TUPOR_,TUPOR,SESY,ASER,CwASo
GB_GA_mut_r_0.5_250k_3,dis,murcko,44038,221306,9/62,0.14516129032258066,0.1989914417141876,0.19138650372802885,35551
