name,type_cluster,scaffold,USo,SSo,TUPOR_,TUPOR,SESY,ASER,CwASo
GB_GA_mut_r_0.5_250k_0,dis,murcko,46892,188921,8/106,0.07547169811320754,0.2482095690791389,0.008223929981855053,1541
