name,type_cluster,scaffold,USo,SSo,TUPOR_,TUPOR,SESY,ASER,CwASo
GB_GA_mut_r_0.5_250k_3,dis,murcko,111549,249958,5/62,0.08064516129032258,0.44627097352355194,0.003130292401415855,780
