name,type_cluster,scaffold,USo,SSo,TUPOR_,TUPOR,SESY,ASER,CwASo
GB_GA_mut_r_0.5_250k_1,dis,murcko,48739,189461,2/96,0.020833333333333332,0.25725083262518406,2.111297022543374e-05,4
