name,type_cluster,scaffold,USo,SSo,TUPOR_,TUPOR,SESY,ASER,CwASo
GB_GA_mut_r_0.5_250k_2,dis,murcko,57278,202157,1/102,0.00980392156862745,0.28333424021923553,1.4840171354511906e-05,3
