name,type_cluster,scaffold,SSo,TUPOR_,TUPOR,SESY,ASER
GB_GA_mut_r_0.5_250k_3,dis,murcko,249958,5/62,0.08064516129032258,0.44627097352355194,0.0031205242480736766
