name,type_cluster,scaffold,SSo,TUPOR_,TUPOR,SESY,ASER
GB_GA_mut_r_0.5_250k_4,dis,murcko,184263,5/71,0.07042253521126761,0.23595078773275155,0.018607273752466874
