name,type_cluster,scaffold,SSo,TUPOR_,TUPOR,SESY,ASER
GB_GA_mut_r_0.5_250k_3,dis,murcko,232770,14/62,0.22580645161290322,0.31321476135240794,0.07470894015551832
