name,type_cluster,scaffold,USo,SSo,TUPOR_,TUPOR,SESY,ASER,CwASo
GB_GA_mut_r_0.5_250k_4,dis,murcko,39732,213137,10/71,0.14084507042253522,0.18641531034029757,0.0040134724544833595,852
