name,type_cluster,scaffold,SSo,TUPOR_,TUPOR,SESY,ASER
GB_GA_mut_r_0.5_250k_4,dis,murcko,226500,23/71,0.323943661971831,0.28381456953642387,0.0024282560706401766
