name,type_cluster,scaffold,USo,SSo,TUPOR_,TUPOR,SESY,ASER,CwASo
GB_GA_mut_r_0.5_250k_0,dis,murcko,43473,213978,15/106,0.14150943396226415,0.20316574601127219,0.02455350730189131,5128
