name,type_cluster,scaffold,USo,SSo,TUPOR_,TUPOR,SESY,ASER,CwASo
GB_GA_mut_r_0.5_250k_1,dis,murcko,40207,211081,4/96,0.041666666666666664,0.19048137918618918,2.368815023972408e-05,5
