name,type_cluster,scaffold,SSo,TUPOR_,TUPOR,SESY,ASER
GB_GA_mut_r_0.5_250k_0,dis,murcko,231938,32/106,0.3018867924528302,0.3244099716303495,0.03412981055282015
