name,type_cluster,scaffold,SSo,TUPOR_,TUPOR,SESY,ASER
GB_GA_mut_r_0.5_250k_1,dis,murcko,228174,10/96,0.10416666666666667,0.29657629703647215,0.0011964553367167163
