name,type_cluster,scaffold,SSo,TUPOR_,TUPOR,SESY,ASER
GB_GA_mut_r_0.5_250k_2,dis,murcko,228314,24/102,0.23529411764705882,0.2837495729565423,0.0011519223525495589
