name,type_cluster,scaffold,USo,SSo,TUPOR_,TUPOR,SESY,ASER,CwASo
GB_GA_mut_r_0.01_250k_0,dis,csk,"16,767.0","219,339.0",14/42,0.3333333,0.0764433,0.0282544,"6,027.0"
GB_GA_mut_r_0.01_250k_1,dis,csk,"17,453.0","217,029.0",14/41,0.3414634,0.0804178,0.0021287,461.0
GB_GA_mut_r_0.01_250k_2,dis,csk,"19,072.0","222,035.0",8/45,0.1777778,0.0858964,0.0003469,77.0
GB_GA_mut_r_0.01_250k_3,dis,csk,"47,190.0","250,000.0",18/47,0.3829787,0.18876,0.0085037,"2,108.0"
GB_GA_mut_r_0.01_250k_4,dis,csk,"15,297.0","212,113.0",11/41,0.2682927,0.0721172,0.0333769,"6,851.0"
GB_GA_mut_r_0.01_250k_mean,dis,csk,"23,155.8","224,103.2",-,0.3007692,0.1007269,0.0145221,"3,104.8"
