name,type_cluster,scaffold,SSo,TUPOR_,TUPOR,SESY,ASER
GB_GA_mut_r_0.01_250k_4,dis,csk,212113,11/41,0.2682926829268293,0.0721172205381094,0.03229882185438893
