name,type_cluster,scaffold,SSo,TUPOR_,TUPOR,SESY,ASER
GB_GA_mut_r_0.01_250k_4,dis,csk,237659,23/41,0.5609756097560976,0.07031082349079984,0.01621651189309052
