name,type_cluster,scaffold,SSo,TUPOR_,TUPOR,SESY,ASER
GB_GA_mut_r_0.01_250k_3,dis,csk,242443,32/47,0.6808510638297872,0.08463845109984615,0.14857512899939368
