name,type_cluster,scaffold,USo,SSo,TUPOR_,TUPOR,SESY,ASER,CwASo
GB_GA_mut_r_0.01_250k_2,dis,csk,19072,222035,8/45,0.17777777777777778,0.08589636768977864,0.00034691247893745664,77
