name,type_cluster,scaffold,USo,SSo,TUPOR_,TUPOR,SESY,ASER,CwASo
GB_GA_mut_r_0.01_250k_1,dis,csk,17453,217029,14/41,0.34146341463414637,0.08041782434605514,0.0021286616674670313,461
