name,type_cluster,scaffold,USo,SSo,TUPOR_,TUPOR,SESY,ASER,CwASo
GB_GA_mut_r_0.01_250k_0,dis,csk,16767,219339,14/42,0.3333333333333333,0.07644331377456813,0.02825438793879388,6027
