name,type_cluster,scaffold,SSo,TUPOR_,TUPOR,SESY,ASER
GB_GA_mut_r_0.01_250k_1,dis,csk,238527,23/41,0.5609756097560976,0.08251057532270979,0.010753499603818436
