name,type_cluster,scaffold,SSo,TUPOR_,TUPOR,SESY,ASER
GB_GA_mut_r_0.01_250k_0,dis,csk,241317,26/42,0.6190476190476191,0.08857229287617532,0.04644098840943655
