name,type_cluster,scaffold,SSo,TUPOR_,TUPOR,SESY,ASER
GB_GA_mut_r_0.01_250k_3,dis,csk,250000,18/47,0.3829787234042553,0.18876,0.008503703225598245
