name,type_cluster,scaffold,SSo,TUPOR_,TUPOR,SESY,ASER
GB_GA_mut_r_0.01_250k_2,dis,csk,237554,38/45,0.8444444444444444,0.06937370029551175,0.004761022756931055
