name,type_cluster,scaffold,USo,SSo,TUPOR_,TUPOR,SESY,ASER,CwASo
addcarbon_125k_1,dis,csk,964,125000,3/41,0.07317073170731707,0.007712,0.0011292738208699413,141
