name,type_cluster,scaffold,USo,SSo,TUPOR_,TUPOR,SESY,ASER,CwASo
addcarbon_125k_2,dis,csk,857,125000,10/45,0.2222222222222222,0.006856,0.005599176213154846,696
