name,type_cluster,scaffold,SSo,TUPOR_,TUPOR,SESY,ASER
addcarbon_125k_4,dis,csk,125000,8/41,0.1951219512195122,0.007376,0.006271081379154894
