name,type_cluster,scaffold,SSo,TUPOR_,TUPOR,SESY,ASER
addcarbon_125k_0,dis,csk,125000,3/42,0.07142857142857142,0.007352,0.00079262776118686
