name,type_cluster,scaffold,SSo,TUPOR_,TUPOR,SESY,ASER
addcarbon_125k_3,dis,csk,125000,6/47,0.1276595744680851,0.007808,0.006206280337119352
