name,type_cluster,scaffold,USo,SSo,TUPOR_,TUPOR,SESY,ASER,ACR,CwASo
REINVENT_500k_3,sim,murcko,330059,494637,21/57,0.3684210526315789,0.6672751937279258,0.00065545514684016,6.362903665638502e-05,324
