name,type_cluster,scaffold,USo,SSo,TUPOR_,TUPOR,SESY,ASER,ACR,CwASo
REINVENT_500k_1,sim,murcko,299433,494462,35/93,0.3763440860215054,0.6055733302053545,0.0002913104519762582,0.00011690124850533404,144
