name,type_cluster,scaffold,SSo,TUPOR_,TUPOR,SESY,ASER
REINVENT_500k_1,sim,murcko,494462,35/93,0.3763440860215054,0.6055733302053545,0.0002913104519762582
