name,type_cluster,scaffold,USo,SSo,TUPOR_,TUPOR,SESY,ASER,ACR,CwASo
REINVENT_500k_0,sim,murcko,303450,493960,43/172,0.25,0.6143209976516317,0.004802694879363058,0.00014172382311548515,2361
