name,type_cluster,scaffold,SSo,TUPOR_,TUPOR,SESY,ASER
REINVENT_500k_2,sim,murcko,495539,10/65,0.15384615384615385,0.5941812854285939,0.00020184119538429554
