name,type_cluster,scaffold,USo,SSo,TUPOR_,TUPOR,SESY,ASER,ACR,CwASo
REINVENT_500k_2,sim,murcko,294440,495539,10/65,0.15384615384615385,0.5941812854285939,0.00020184119538429554,3.396393030601501e-05,100
