name,type_cluster,scaffold,USo,SSo,TUPOR_,TUPOR,SESY,ASER,ACR,CwASo
REINVENT_500k_4,sim,murcko,280879,494715,9/50,0.18,0.5677592149015089,0.00015566939863091795,3.20432940506284e-05,77
