name,type_cluster,scaffold,SSo,TUPOR_,TUPOR,SESY,ASER
REINVENT_500k_3,sim,murcko,494637,21/57,0.3684210526315789,0.6672751937279258,0.0006550258068037773
