name,type_cluster,scaffold,USo,SSo,TUPOR_,TUPOR,SESY,ASER,ACR,CwASo
DrugEx_RNN_epsilon_0.1_100k_4,dis,murcko,62786,100000,4/98,0.04081632653061224,0.62786,0.001682827149611347,6.371252906884139e-05,168
