name,type_cluster,scaffold,USo,SSo,TUPOR_,TUPOR,SESY,ASER,CwASo
DrugEx_RNN_epsilon_0.6_125k_4,dis,murcko,75923,123628,23/98,0.23469387755102042,0.6141246319603973,0.0020425366359745818,252
