name,type_cluster,scaffold,USo,SSo,TUPOR_,TUPOR,SESY,ASER,CwASo
DrugEx_RNN_epsilon_0.6_125k_1,dis,murcko,60302,123627,14/34,0.4117647058823529,0.4877737063909987,0.0004450846470074127,55
