name,type_cluster,scaffold,SSo,TUPOR_,TUPOR,SESY,ASER
DrugEx_RNN_epsilon_0.6_125k_1,dis,murcko,123627,14/34,0.4117647058823529,0.4877737063909987,0.00044488663479660593
