name,type_cluster,scaffold,SSo,TUPOR_,TUPOR,SESY,ASER
DrugEx_RNN_epsilon_0.6_125k_0,dis,murcko,123991,6/92,0.06521739130434782,0.5402488890322684,0.0006452081199441895
