name,type_cluster,scaffold,SSo,TUPOR_,TUPOR,SESY,ASER
DrugEx_RNN_epsilon_0.6_125k_4,dis,murcko,123628,23/98,0.23469387755102042,0.6141246319603973,0.002038373184068334
