name,type_cluster,scaffold,USo,SSo,TUPOR_,TUPOR,SESY,ASER,CwASo
DrugEx_RNN_epsilon_0.6_125k_3,dis,murcko,71590,124022,21/76,0.27631578947368424,0.577236296786054,0.004373107011548242,540
