name,type_cluster,scaffold,SSo,TUPOR_,TUPOR,SESY,ASER
DrugEx_RNN_epsilon_0.6_125k_3,dis,murcko,124022,21/76,0.27631578947368424,0.577236296786054,0.004354066214058796
