name,type_cluster,scaffold,USo,SSo,TUPOR_,TUPOR,SESY,ASER,ACR,CwASo
DrugEx_RNN_epsilon_0.1_0,dis,murcko,425671.0,907043.0,23/106,0.2169811,0.4692953,0.0213804,5.4e-05,18987.0
DrugEx_RNN_epsilon_0.1_1,dis,murcko,355674.0,898962.0,3/96,0.03125,0.3956496,1.11e-05,8.4e-06,10.0
DrugEx_RNN_epsilon_0.1_2,dis,murcko,334001.0,896106.0,8/102,0.0784314,0.3727249,3.24e-05,2.4e-05,29.0
DrugEx_RNN_epsilon_0.1_3,dis,murcko,408392.0,924216.0,10/62,0.1612903,0.4418794,0.0462294,2.45e-05,40838.0
DrugEx_RNN_epsilon_0.1_4,dis,murcko,303553.0,746210.0,9/71,0.1267606,0.406793,0.0079996,2.96e-05,5922.0
DrugEx_RNN_epsilon_0.1_mean,dis,murcko,365458.2,874507.4,-,0.1229427,0.4172684,0.0151306,2.81e-05,13157.2
