name,type_cluster,scaffold,USo,SSo,TUPOR_,TUPOR,SESY,ASER,ACR,CwASo
DrugEx_RNN_epsilon_0.1_4,dis,murcko,303553,746210,9/71,0.1267605633802817,0.40679299392932283,0.007999589349010116,2.964973776454155e-05,5922
