name,type_cluster,scaffold,SSo,TUPOR_,TUPOR,SESY,ASER
DrugEx_RNN_epsilon_0.1_0,dis,murcko,906867,23/106,0.2169811320754717,0.46933122497565793,0.02092809640222877
