name,type_cluster,scaffold,USo,SSo,TUPOR_,TUPOR,SESY,ASER,ACR,CwASo
DrugEx_RNN_epsilon_0.1_3,dis,murcko,408392,924216,10/62,0.16129032258064516,0.4418793875024886,0.046229360477621134,2.4486877482357204e-05,40838
