name,type_cluster,scaffold,USo,SSo,TUPOR_,TUPOR,SESY,ASER,ACR,CwASo
DrugEx_RNN_epsilon_0.1_1,dis,murcko,355674,898962,3/96,0.03125,0.395649649262149,1.1124064466178395e-05,8.434761338427929e-06,10
