name,type_cluster,scaffold,USo,SSo,TUPOR_,TUPOR,SESY,ASER,ACR,CwASo
DrugEx_RNN_epsilon_0.1_2,dis,murcko,334001,896106,8/102,0.0784313725490196,0.37272487852999536,3.236329020831915e-05,2.3952597808936116e-05,29
