name,type_cluster,scaffold,SSo,TUPOR_,TUPOR,SESY,ASER
DrugEx_RNN_epsilon_0.1_3,dis,murcko,924173,10/62,0.16129032258064516,0.4418847986253656,0.04418328602978014
