name,type_cluster,scaffold,SSo,TUPOR_,TUPOR,SESY,ASER
GB_GA_mut_r_0.5_250k_0,sim,murcko,"235,096.0",89/172,0.5174419,0.3857616,0.0798695
GB_GA_mut_r_0.5_250k_1,sim,murcko,"231,966.0",31/93,0.3333333,0.2686428,0.0071993
GB_GA_mut_r_0.5_250k_2,sim,murcko,"231,348.0",31/65,0.4769231,0.2711413,0.011822
GB_GA_mut_r_0.5_250k_3,sim,murcko,"231,936.0",24/57,0.4210526,0.276891,0.0109858
GB_GA_mut_r_0.5_250k_4,sim,murcko,"231,777.0",13/50,0.26,0.2769818,0.0003193
GB_GA_mut_r_0.5_250k_mean,sim,murcko,"232,424.6",-,0.4017502,0.2958837,0.0220392
