name,type_cluster,scaffold,USo,SSo,TUPOR_,TUPOR,SESY,ASER,CwASo
GB_GA_mut_r_0.5_250k_0,sim,murcko,132515.0,249982.0,20/172,0.1162791,0.5300982,0.0173781,4270.0
GB_GA_mut_r_0.5_250k_1,sim,murcko,46285.0,190507.0,5/93,0.0537634,0.242957,0.0042011,797.0
GB_GA_mut_r_0.5_250k_2,sim,murcko,51207.0,195607.0,4/65,0.0615385,0.2617851,0.0035039,683.0
GB_GA_mut_r_0.5_250k_3,sim,murcko,56826.0,203238.0,3/57,0.0526316,0.2796032,0.000443,90.0
GB_GA_mut_r_0.5_250k_4,sim,murcko,53057.0,197437.0,0/50,0.0,0.2687288,0.0,0.0
GB_GA_mut_r_0.5_250k_mean,sim,murcko,67978.0,207354.2,-,0.0568425,0.3166344,0.0051052,1168.0
