name,type_cluster,scaffold,USo,SSo,TUPOR_,TUPOR,SESY,ASER,CwASo
GB_GA_mut_r_0.5_250k_0,sim,murcko,132515,249982,20/172,0.11627906976744186,0.5300981670680289,0.01737806863319659,4270
