name,type_cluster,scaffold,USo,SSo,TUPOR_,TUPOR,SESY,ASER,CwASo
GB_GA_mut_r_0.5_250k_0,sim,murcko,56318,226861,54/172,0.313953488372093,0.24824892775752552,0.17245674239761852,33369
