name,type_cluster,scaffold,SSo,TUPOR_,TUPOR,SESY,ASER
GB_GA_mut_r_0.5_250k_1,sim,murcko,190507,5/93,0.053763440860215055,0.24295695171306042,0.00418357330701759
