name,type_cluster,scaffold,USo,SSo,TUPOR_,TUPOR,SESY,ASER,CwASo
GB_GA_mut_r_0.5_250k_1,sim,murcko,39294,211769,22/93,0.23655913978494625,0.18555123743324095,0.003730176033974462,787
