name,type_cluster,scaffold,USo,SSo,TUPOR_,TUPOR,SESY,ASER,CwASo
GB_GA_mut_r_0.5_250k_2,sim,murcko,51207,195607,4/65,0.06153846153846154,0.26178510993982834,0.0035039297367179005,683
