name,type_cluster,scaffold,USo,SSo,TUPOR_,TUPOR,SESY,ASER,CwASo
GB_GA_mut_r_0.5_250k_3,sim,murcko,41826,214363,11/57,0.19298245614035087,0.19511762757565437,0.0027177217913575513,581
