name,type_cluster,scaffold,SSo,TUPOR_,TUPOR,SESY,ASER
GB_GA_mut_r_0.5_250k_1,sim,murcko,231966,31/93,0.3333333333333333,0.26864281834406767,0.007199330936430339
