name,type_cluster,scaffold,SSo,TUPOR_,TUPOR,SESY,ASER
GB_GA_mut_r_0.5_250k_0,sim,murcko,249982,20/172,0.11627906976744186,0.5300981670680289,0.017081229848549095
