name,type_cluster,scaffold,USo,SSo,TUPOR_,TUPOR,SESY,ASER,CwASo
GB_GA_mut_r_0.5_250k_3,sim,murcko,56826,203238,3/57,0.05263157894736842,0.2796032238065716,0.0004430267588162325,90
