name,type_cluster,scaffold,USo,SSo,TUPOR_,TUPOR,SESY,ASER,CwASo
GB_GA_mut_r_0.5_250k_1,sim,murcko,46285,190507,5/93,0.053763440860215055,0.24295695171306042,0.004201149122344631,797
