name,type_cluster,scaffold,SSo,TUPOR_,TUPOR,SESY,ASER
GB_GA_mut_r_0.5_250k_2,sim,murcko,195607,4/65,0.06153846153846154,0.26178510993982834,0.003491695082486823
