name,type_cluster,scaffold,SSo,TUPOR_,TUPOR,SESY,ASER
GB_GA_mut_r_0.5_250k_0,sim,murcko,235096,89/172,0.5174418604651163,0.3857615612345595,0.07986950011910028
