name,type_cluster,scaffold,SSo,TUPOR_,TUPOR,SESY,ASER
GB_GA_mut_r_0.5_250k_2,sim,murcko,231348,31/65,0.47692307692307695,0.2711413109255321,0.011822017047910508
