name,type_cluster,scaffold,SSo,TUPOR_,TUPOR,SESY,ASER
GB_GA_mut_r_0.5_250k_3,sim,murcko,231936,24/57,0.42105263157894735,0.2768910389072848,0.010985789183222959
