name,type_cluster,scaffold,USo,SSo,TUPOR_,TUPOR,SESY,ASER,CwASo
addcarbon_125k_0,sim,murcko,2583,125000,1/115,0.008695652173913044,0.020664,0.00018403386223065044,23
