name,type_cluster,scaffold,USo,SSo,TUPOR_,TUPOR,SESY,ASER,CwASo
addcarbon_125k_3,sim,murcko,3169,125000,3/51,0.058823529411764705,0.025352,0.004798919640201603,597
