name,type_cluster,scaffold,USo,SSo,TUPOR_,TUPOR,SESY,ASER,CwASo
Molpher_62.5k_0,dis,murcko,"22,378.0","62,584.0",8/106,0.0754717,0.3575674,0.0046553,290.0
Molpher_62.5k_1,dis,murcko,"22,502.0","62,701.0",4/96,0.0416667,0.3588778,0.0001117,7.0
Molpher_62.5k_2,dis,murcko,"22,379.0","62,565.0",15/102,0.1470588,0.357692,0.001665,104.0
Molpher_62.5k_3,dis,murcko,"22,998.0","62,517.0",4/62,0.0645161,0.3678679,0.0013775,86.0
Molpher_62.5k_4,dis,murcko,"22,123.0","62,574.0",11/71,0.1549296,0.3535494,0.0013923,87.0
Molpher_62.5k_mean,dis,murcko,"22,476.0","62,588.2",-,0.0967286,0.3591109,0.0018404,114.8
