name,type_cluster,scaffold,SSo,TUPOR_,TUPOR,SESY,ASER
Molpher_62.5k_3,dis,murcko,62517,4/62,0.06451612903225806,0.36786793992034167,0.0013756258297743015
