name,type_cluster,scaffold,USo,SSo,TUPOR_,TUPOR,SESY,ASER,CwASo
Molpher_62.5k_4,dis,murcko,22123,62574,11/71,0.15492957746478872,0.3535493975133442,0.001392289596236017,87
