name,type_cluster,scaffold,SSo,TUPOR_,TUPOR,SESY,ASER
Molpher_62.5k_0,dis,murcko,62584,8/106,0.07547169811320754,0.3575674293749201,0.004655344013869715
