name,type_cluster,scaffold,SSo,TUPOR_,TUPOR,SESY,ASER
Molpher_62.5k_1,dis,murcko,62701,4/96,0.041666666666666664,0.35887784883813656,0.00011165342776023223
