name,type_cluster,scaffold,USo,SSo,TUPOR_,TUPOR,SESY,ASER,CwASo
Molpher_62.5k_0,dis,murcko,22378,62584,8/106,0.07547169811320754,0.3575674293749201,0.004655344013869715,290
