name,type_cluster,scaffold,SSo,TUPOR_,TUPOR,SESY,ASER
Molpher_62.5k_4,dis,murcko,62574,11/71,0.15492957746478872,0.3535493975133442,0.0013903538210758462
