name,type_cluster,scaffold,USo,SSo,TUPOR_,TUPOR,SESY,ASER,CwASo
Molpher_62.5k_2,dis,murcko,22379,62565,15/102,0.14705882352941177,0.3576920003196675,0.0016650389843262195,104
