name,type_cluster,scaffold,SSo,TUPOR_,TUPOR,SESY,ASER
Molpher_62.5k_2,dis,murcko,62565,15/102,0.14705882352941177,0.3576920003196675,0.0016622712379125708
