name,type_cluster,scaffold,USo,SSo,TUPOR_,TUPOR,SESY,ASER,ACR,CwASo
addcarbon_10k_0,sim,csk,775.0,"10,000.0",3/38,0.0789474,0.0775,0.0035123,0.003886,35.0
addcarbon_10k_1,sim,csk,700.0,"10,000.0",10/38,0.2631579,0.07,0.0303967,0.0144928,295.0
addcarbon_10k_2,sim,csk,715.0,"10,000.0",13/37,0.3513514,0.0715,0.0085729,0.0185185,85.0
addcarbon_10k_3,sim,csk,725.0,"10,000.0",7/35,0.2,0.0725,0.0248002,0.0097493,242.0
addcarbon_10k_4,sim,csk,694.0,"10,000.0",3/35,0.0857143,0.0694,0.0065425,0.0043415,65.0
addcarbon_10k_mean,sim,csk,721.8,"10,000.0",-,0.1958342,0.07218,0.0147649,0.0101976,144.4
