name,type_cluster,scaffold,SSo,TUPOR_,TUPOR,SESY,ASER
addcarbon_62.5k_1,sim,csk,62500,16/44,0.36363636363636365,0.014784,0.009676741894315116
