name,type_cluster,scaffold,SSo,TUPOR_,TUPOR,SESY,ASER
addcarbon_62.5k_3,sim,csk,62500,15/42,0.35714285714285715,0.014224,0.011065096415167595
