name,type_cluster,scaffold,SSo,TUPOR_,TUPOR,SESY,ASER
addcarbon_62.5k_2,sim,csk,62500,12/42,0.2857142857142857,0.015152,0.010101010101010102
