name,type_cluster,scaffold,SSo,TUPOR_,TUPOR,SESY,ASER
GB_GA_log_p_mut_r_0.01_125k_3,dis,murcko,124996,5/76,0.06578947368421052,0.5920589458862684,0.0007840250888028416
