name,type_cluster,scaffold,USo,SSo,TUPOR_,TUPOR,SESY,ASER,ACR,CwASo
GB_GA_mut_r_0.01_100k_3,dis,murcko,55518,100000,3/62,0.04838709677419355,0.55518,0.0004902402177066762,5.4039448797622264e-05,49
