name,type_cluster,scaffold,USo,SSo,TUPOR_,TUPOR,SESY,ASER,ACR,CwASo
GB_GA_mut_r_0.5_500k_0,sim,csk,"20,086.0","453,749.0",39/46,0.8478261,0.0442668,0.3757015,0.0019454,"123,918.0"
GB_GA_mut_r_0.5_500k_1,sim,csk,"11,350.0","423,655.0",30/44,0.6818182,0.0267907,0.0175991,0.0026502,"7,327.0"
GB_GA_mut_r_0.5_500k_2,sim,csk,"11,185.0","425,515.0",32/42,0.7619048,0.0262858,0.0369916,0.0028692,"15,179.0"
GB_GA_mut_r_0.5_500k_3,sim,csk,"12,225.0","428,480.0",26/42,0.6190476,0.0285311,0.0922198,0.0021313,"36,178.0"
GB_GA_mut_r_0.5_500k_4,sim,csk,"12,048.0","428,859.0",23/42,0.547619,0.0280931,0.0034465,0.0019127,"1,473.0"
GB_GA_mut_r_0.5_500k_mean,sim,csk,"13,378.8","432,051.6",-,0.6916431,0.0307935,0.1051917,0.0023018,"36,815.0"
