name,type_cluster,scaffold,USo,SSo,TUPOR_,TUPOR,SESY,ASER,CwASo
GB_GA_mut_r_0.5_500k_0,sim,csk,80422.0,499962.0,32/46,0.6956522,0.1608562,0.0529417,25138.0
GB_GA_mut_r_0.5_500k_1,sim,csk,19896.0,380569.0,22/44,0.5,0.0522796,0.012825,4819.0
GB_GA_mut_r_0.5_500k_2,sim,csk,22687.0,391104.0,21/42,0.5,0.0580076,0.0264389,10074.0
GB_GA_mut_r_0.5_500k_3,sim,csk,25522.0,406639.0,13/42,0.3095238,0.0627633,0.0477416,18529.0
GB_GA_mut_r_0.5_500k_4,sim,csk,22877.0,395226.0,17/42,0.4047619,0.0578833,0.0007976,315.0
GB_GA_mut_r_0.5_500k_mean,sim,csk,34280.8,414700.0,-,0.4819876,0.078358,0.028149,11775.0
