name,type_cluster,scaffold,SSo,TUPOR_,TUPOR,SESY,ASER
GB_GA_mut_r_0.5_500k_4,sim,csk,463509,31/42,0.7380952380952381,0.040437186764442544,0.007495000097085493
