name,type_cluster,scaffold,SSo,TUPOR_,TUPOR,SESY,ASER
GB_GA_mut_r_0.5_500k_4,sim,csk,395226,17/42,0.40476190476190477,0.05788333763466978,0.0007970123423054152
