name,type_cluster,scaffold,USo,SSo,TUPOR_,TUPOR,SESY,ASER,ACR,CwASo
GB_GA_mut_r_0.5_500k_2,sim,csk,11185,425515,32/42,0.7619047619047619,0.0262857948603457,0.036991636122592216,0.0028691831794136107,15179
