name,type_cluster,scaffold,USo,SSo,TUPOR_,TUPOR,SESY,ASER,CwASo
GB_GA_mut_r_0.5_500k_0,sim,csk,80422,499962,32/46,0.6956521739130435,0.16085622507310557,0.05294172156420063,25138
