name,type_cluster,scaffold,USo,SSo,TUPOR_,TUPOR,SESY,ASER,ACR,CwASo
GB_GA_mut_r_0.5_500k_3,sim,csk,12225,428480,26/42,0.6190476190476191,0.02853108663181479,0.09221976946332162,0.00213132223952783,36178
