name,type_cluster,scaffold,SSo,TUPOR_,TUPOR,SESY,ASER
GB_GA_mut_r_0.5_500k_3,sim,csk,463714,31/42,0.7380952380952381,0.04025757255549757,0.06849480498755699
