name,type_cluster,scaffold,USo,SSo,TUPOR_,TUPOR,SESY,ASER,CwASo
GB_GA_mut_r_0.5_500k_2,sim,csk,22687,391104,21/42,0.5,0.058007588774341354,0.026438863081647116,10074
