name,type_cluster,scaffold,USo,SSo,TUPOR_,TUPOR,SESY,ASER,CwASo
GB_GA_mut_r_0.5_500k_4,sim,csk,22877,395226,17/42,0.40476190476190477,0.05788333763466978,0.0007976480776681329,315
