name,type_cluster,scaffold,USo,SSo,TUPOR_,TUPOR,SESY,ASER,ACR,CwASo
GB_GA_mut_r_0.5_500k_1,sim,csk,11350,423655,30/44,0.6818181818181818,0.026790666934179933,0.01759910455218001,0.00265017667844523,7327
