name,type_cluster,scaffold,SSo,TUPOR_,TUPOR,SESY,ASER
GB_GA_mut_r_0.5_500k_2,sim,csk,462290,35/42,0.8333333333333334,0.04010685933072314,0.042867031517013134
