name,type_cluster,scaffold,SSo,TUPOR_,TUPOR,SESY,ASER
GB_GA_mut_r_0.5_500k_3,sim,csk,406639,13/42,0.30952380952380953,0.06276328635472742,0.047741619643915385
