name,type_cluster,scaffold,SSo,TUPOR_,TUPOR,SESY,ASER
GB_GA_mut_r_0.5_500k_0,sim,csk,499962,32/46,0.6956521739130435,0.16085622507310557,0.05294172156420063
