name,type_cluster,scaffold,USo,SSo,TUPOR_,TUPOR,SESY,ASER,ACR,CwASo
GB_GA_mut_r_0.5_500k_0,sim,csk,20086,453749,39/46,0.8478260869565217,0.04426676422427377,0.37570149561442073,0.0019454282436274755,123918
