name,type_cluster,scaffold,SSo,TUPOR_,TUPOR,SESY,ASER
GB_GA_mut_r_0.5_500k_0,sim,csk,470213,43/46,0.9347826086956522,0.07032344916027418,0.1784978297069626
