name,type_cluster,scaffold,USo,SSo,TUPOR_,TUPOR,SESY,ASER,ASR,CwASo
Molpher_100k_0,dis,csk,16541.0,100069.0,10/40,0.25,0.1652959,0.0029969,0.0006049,299.0
Molpher_100k_1,dis,csk,19176.0,113908.0,7/23,0.3043478,0.1683464,0.001213,0.0003652,138.0
Molpher_100k_2,dis,csk,17633.0,100078.0,3/40,0.075,0.1761926,7.99e-05,0.0001702,8.0
Molpher_100k_3,dis,csk,17567.0,100116.0,16/37,0.4324324,0.1754665,0.0076594,0.0009116,761.0
Molpher_100k_4,dis,csk,19528.0,100023.0,23/43,0.5348837,0.1952351,0.0114469,0.0011792,1132.0
Molpher_100k_mean,dis,csk,18089.0,102838.8,-,0.3193328,0.1761073,0.0046792,0.0006462,467.6
