name,type_cluster,scaffold,SSo,TUPOR_,TUPOR,SESY,ASER
Molpher_62.5k_3,dis,murcko,62662,6/76,0.07894736842105263,0.3215984169033864,0.002074622578277106
