name,type_cluster,scaffold,SSo,TUPOR_,TUPOR,SESY,ASER
Molpher_62.5k_0,dis,murcko,62533,3/92,0.03260869565217391,0.30139286456750836,0.00212687700893928
