name,type_cluster,scaffold,USo,SSo,TUPOR_,TUPOR,SESY,ASER,CwASo
Molpher_62.5k_1,dis,murcko,20887,71008,3/34,0.08823529411764706,0.29414995493465523,5.633485437440144e-05,4
