name,type_cluster,scaffold,USo,SSo,TUPOR_,TUPOR,SESY,ASER,CwASo
Molpher_62.5k_0,dis,murcko,18847,62533,3/92,0.03260869565217391,0.30139286456750836,0.0021314102564102566,133
