name,type_cluster,scaffold,SSo,TUPOR_,TUPOR,SESY,ASER
Molpher_62.5k_1,dis,murcko,71008,3/34,0.08823529411764706,0.29414995493465523,5.633168093735917e-05
