name,type_cluster,scaffold,SSo,TUPOR_,TUPOR,SESY,ASER
Molpher_62.5k_4,dis,murcko,62549,7/98,0.07142857142857142,0.3298693824041951,0.0007354234280324226
