name,type_cluster,scaffold,USo,SSo,TUPOR_,TUPOR,SESY,ASER,CwASo
Molpher_62.5k_4,dis,murcko,20633,62549,7/98,0.07142857142857142,0.3298693824041951,0.0007359646736956626,46
