name,type_cluster,scaffold,USo,SSo,TUPOR_,TUPOR,SESY,ASER,ACR,CwASo
GB_GA_mut_r_0.5_500k_2,dis,csk,83289,499980,11/40,0.275,0.16658466338653546,0.0007746305492671034,0.00013208770623694132,387
