name,type_cluster,scaffold,USo,SSo,TUPOR_,TUPOR,SESY,ASER,ACR,CwASo
GB_GA_mut_r_0.5_500k_3,dis,csk,69754,499987,14/37,0.3783783783783784,0.13951162730230987,0.0024882405071920376,0.0002007456266131345,1241
