name,type_cluster,scaffold,SSo,TUPOR_,TUPOR,SESY,ASER
GB_GA_mut_r_0.5_500k_4,dis,csk,499994,29/43,0.6744186046511628,0.13716964603575243,0.005834070008840106
