name,type_cluster,scaffold,SSo,TUPOR_,TUPOR,SESY,ASER
GB_GA_mut_r_0.5_500k_4,dis,csk,474060,36/43,0.8372093023255814,0.05951145424629794,0.02322912711471122
