name,type_cluster,scaffold,SSo,TUPOR_,TUPOR,SESY,ASER
GB_GA_mut_r_0.5_500k_3,dis,csk,476553,25/37,0.6756756756756757,0.055171198166835585,0.032321693494742454
