name,type_cluster,scaffold,SSo,TUPOR_,TUPOR,SESY,ASER
GB_GA_mut_r_0.5_500k_1,dis,csk,476579,18/23,0.782608695652174,0.05792953529215513,0.0015653228530841687
