name,type_cluster,scaffold,USo,SSo,TUPOR_,TUPOR,SESY,ASER,ACR,CwASo
GB_GA_mut_r_0.5_500k_0,dis,csk,71196,499979,13/40,0.325,0.14239798071519003,0.010758970357237439,0.00018262787463298823,5322
