name,type_cluster,scaffold,USo,SSo,TUPOR_,TUPOR,SESY,ASER,ACR,CwASo
GB_GA_mut_r_0.5_500k_4,dis,csk,68584,499994,29/43,0.6744186046511628,0.13716964603575243,0.005868306117563275,0.0004230180147326964,2917
