name,type_cluster,scaffold,USo,SSo,TUPOR_,TUPOR,SESY,ASER,ACR,CwASo
GB_GA_mut_r_0.5_500k_1,dis,csk,70748,499980,10/23,0.43478260869565216,0.14150166006640266,0.0016869082297881549,0.0001413667335802539,842
