name,type_cluster,scaffold,SSo,TUPOR_,TUPOR,SESY,ASER
GB_GA_mut_r_0.5_500k_3,dis,csk,499987,14/37,0.3783783783783784,0.13951162730230987,0.0024820645336778757
